NO_OF_FRAMES	922
NO_OF_CAMERAS	2
NO_OF_MARKERS	2
FREQUENCY	500
NO_OF_ANALOG	0
ANALOG_FREQUENCY	0
DESCRIPTION	--
TIME_STAMP	2024-10-21, 14:47:50.924	938604.63487330
DATA_INCLUDED	3D
TITLE	Bevaring av rörelsemängd i plastisk stöt 82.1g vs 82.4g #6
MARKER_NAMES	v82_1g	h82_4g
COLLISION_TIME	0
TRAJECTORY_TYPES	Measured	Measured
Frame	Time	v82_1g X	v82_1g Y	v82_1g Z	h82_4g X	h82_4g Y	h82_4g Z	
3613	7.22400	517.165	362.199	179.060	525.736	487.283	180.008
3614	7.22600	516.606	362.412	179.139	525.257	487.118	179.957
3615	7.22800	516.232	362.636	179.234	524.777	486.937	179.961
3616	7.23000	515.727	362.845	179.292	524.295	486.752	179.913
3617	7.23200	515.263	363.037	179.210	523.771	486.561	179.966
3618	7.23400	514.761	363.321	179.069	523.326	486.372	180.022
3619	7.23600	514.324	363.562	179.090	522.821	486.242	179.995
3620	7.23800	513.758	363.786	179.180	522.346	486.075	179.976
3621	7.24000	513.324	363.952	179.225	521.877	485.904	179.965
3622	7.24200	512.743	364.119	179.231	521.369	485.735	179.885
3623	7.24400	512.395	364.387	179.198	520.860	485.546	179.936
3624	7.24600	511.905	364.720	179.126	520.390	485.345	179.980
3625	7.24800	511.424	364.900	179.173	519.877	485.191	179.998
3626	7.25000	510.945	365.090	179.169	519.421	485.051	179.995
3627	7.25200	510.554	365.276	179.242	518.908	484.871	179.967
3628	7.25400	509.980	365.540	179.280	518.474	484.713	179.934
3629	7.25600	509.590	365.823	179.179	517.948	484.530	179.939
3630	7.25800	509.008	366.056	179.113	517.472	484.348	179.983
3631	7.26000	508.567	366.246	179.140	516.970	484.185	180.017
3632	7.26200	508.047	366.462	179.249	516.517	484.012	180.012
3633	7.26400	507.516	366.685	179.376	516.010	483.866	180.015
3634	7.26600	507.074	366.911	179.294	515.556	483.699	179.967
3635	7.26800	506.667	367.186	179.143	515.037	483.525	179.988
3636	7.27000	506.134	367.400	179.152	514.591	483.352	179.953
3637	7.27200	505.691	367.646	179.269	514.061	483.179	179.973
3638	7.27400	505.258	367.815	179.309	513.588	482.988	180.031
3639	7.27600	504.717	368.015	179.314	513.079	482.834	180.019
3640	7.27800	504.319	368.263	179.220	512.645	482.684	180.003
3641	7.28000	503.786	368.566	179.177	512.152	482.512	179.991
3642	7.28200	503.303	368.792	179.196	511.651	482.336	179.928
3643	7.28400	502.785	368.962	179.266	511.145	482.146	179.948
3644	7.28600	502.315	369.117	179.299	510.690	481.955	180.008
3645	7.28800	501.842	369.390	179.289	510.176	481.782	180.029
3646	7.29000	501.472	369.710	179.180	509.722	481.642	179.994
3647	7.29200	500.863	369.926	179.184	509.216	481.471	179.982
3648	7.29400	500.484	370.093	179.162	508.732	481.294	179.920
3649	7.29600	499.986	370.275	179.276	508.227	481.121	179.941
3650	7.29800	499.532	370.537	179.323	507.768	480.929	179.971
3651	7.30000	499.047	370.809	179.281	507.238	480.766	180.005
3652	7.30200	498.575	371.051	179.129	506.778	480.601	180.017
3653	7.30400	498.032	371.253	179.130	506.288	480.437	179.991
3654	7.30600	497.604	371.456	179.235	505.810	480.260	179.929
3655	7.30800	497.044	371.681	179.358	505.308	480.107	179.916
3656	7.31000	496.633	371.897	179.333	504.830	479.922	179.931
3657	7.31200	496.171	372.165	179.165	504.307	479.750	179.983
3658	7.31400	495.676	372.403	179.157	503.843	479.551	180.027
3659	7.31600	495.212	372.648	179.242	503.355	479.424	180.028
3660	7.31800	494.661	372.840	179.333	502.885	479.264	179.966
3661	7.32000	494.250	373.010	179.337	502.399	479.102	179.969
3662	7.32200	493.863	373.253	179.291	501.909	478.925	179.970
3663	7.32400	493.319	373.571	179.217	501.412	478.744	179.975
3664	7.32600	492.835	373.816	179.231	500.913	478.552	180.036
3665	7.32800	492.314	373.984	179.272	500.451	478.374	180.039
3666	7.33000	491.827	374.150	179.318	499.954	478.223	180.023
3667	7.33200	491.383	374.379	179.335	499.484	478.061	179.995
3668	7.33400	490.939	374.711	179.302	499.006	477.901	179.965
3669	7.33600	490.422	374.940	179.214	498.526	477.739	179.937
3670	7.33800	489.994	375.127	179.217	498.015	477.537	179.985
3671	7.34000	489.453	375.299	179.282	497.524	477.366	180.003
3672	7.34200	489.050	375.536	179.386	497.029	477.199	180.019
3673	7.34400	488.606	375.772	179.387	496.571	477.047	180.005
3674	7.34600	488.088	376.043	179.210	496.085	476.887	179.974
3675	7.34800	487.652	376.257	179.156	495.607	476.717	179.931
3676	7.35000	487.109	376.472	179.267	495.106	476.522	179.964
3677	7.35200	486.633	376.677	179.401	494.610	476.360	179.968
3678	7.35400	486.140	376.888	179.386	494.088	476.167	180.030
3679	7.35600	485.706	377.116	179.267	493.656	476.016	180.046
3680	7.35800	485.192	377.401	179.166	493.140	475.872	180.017
3681	7.36000	484.826	377.625	179.262	492.676	475.703	179.972
3682	7.36200	484.184	377.835	179.347	492.166	475.516	179.959
3683	7.36400	483.872	378.004	179.358	491.693	475.363	179.947
3684	7.36600	483.255	378.219	179.330	491.160	475.160	179.996
3685	7.36800	482.927	378.513	179.247	490.716	475.002	180.058
3686	7.37000	482.384	378.794	179.220	490.191	474.840	180.030
3687	7.37200	481.921	378.969	179.283	489.746	474.690	180.013
3688	7.37400	481.389	379.129	179.340	489.255	474.511	179.955
3689	7.37600	480.969	379.328	179.352	488.781	474.350	179.957
3690	7.37800	480.431	379.634	179.340	488.250	474.172	179.991
3691	7.38000	480.014	379.917	179.244	487.787	473.978	180.025
3692	7.38200	479.550	380.096	179.231	487.266	473.808	180.044
3693	7.38400	479.026	380.266	179.268	486.857	473.658	180.028
3694	7.38600	478.615	380.485	179.374	486.325	473.488	180.015
3695	7.38800	478.083	380.727	179.429	485.871	473.328	179.955
3696	7.39000	477.665	380.995	179.263	485.348	473.132	179.990
3697	7.39200	477.223	381.227	179.173	484.896	472.989	179.992
3698	7.39400	476.705	381.421	179.261	484.359	472.802	180.011
3699	7.39600	476.238	381.644	179.393	483.928	472.645	180.072
3700	7.39800	475.723	381.839	179.446	483.405	472.483	180.044
3701	7.40000	475.272	382.062	179.374	482.941	472.315	179.999
3702	7.40200	474.793	382.343	179.213	482.432	472.144	179.988
3703	7.40400	474.353	382.584	179.273	481.952	471.993	179.942
3704	7.40600	473.788	382.793	179.363	481.421	471.805	179.993
3705	7.40800	473.381	382.975	179.413	480.986	471.621	180.042
3706	7.41000	472.832	383.153	179.400	480.451	471.468	180.060
3707	7.41200	472.445	383.449	179.311	480.013	471.310	180.029
3708	7.41400	471.884	383.740	179.266	479.520	471.131	180.002
3709	7.41600	471.457	383.946	179.297	479.041	470.979	179.957
3710	7.41800	470.987	384.096	179.344	478.521	470.809	179.977
3711	7.42000	470.481	384.290	179.399	478.051	470.632	180.011
3712	7.42200	470.046	384.524	179.406	477.514	470.462	180.029
3713	7.42400	469.535	384.854	179.315	477.087	470.296	180.045
3714	7.42600	469.024	385.058	179.247	476.587	470.134	180.019
3715	7.42800	468.540	385.226	179.290	476.121	469.975	179.987
3716	7.43000	468.184	385.407	179.377	475.604	469.804	179.977
3717	7.43200	467.589	385.661	179.474	475.151	469.645	179.978
3718	7.43400	467.256	385.922	179.393	474.593	469.475	179.998
3719	7.43600	466.635	386.166	179.242	474.171	469.283	180.061
3720	7.43800	466.281	386.361	179.265	473.654	469.120	180.035
3721	7.44000	465.687	386.572	179.352	473.204	468.970	179.989
3722	7.44200	465.314	386.797	179.481	472.686	468.800	179.977
3723	7.44400	464.800	386.998	179.455	472.221	468.631	179.965
3724	7.44600	464.354	387.259	179.271	471.694	468.469	179.969
3725	7.44800	463.825	387.519	179.224	471.244	468.294	180.033
3726	7.45000	463.389	387.741	179.358	470.740	468.133	180.036
3727	7.45200	462.912	387.922	179.440	470.278	467.956	180.039
3728	7.45400	462.408	388.084	179.430	469.777	467.804	179.995
3729	7.45600	462.008	388.347	179.345	469.306	467.634	179.952
3730	7.45800	461.495	388.636	179.273	468.800	467.465	179.970
3731	7.46000	461.043	388.877	179.298	468.325	467.297	179.989
3732	7.46200	460.488	389.057	179.350	467.796	467.127	180.009
3733	7.46400	460.082	389.203	179.406	467.332	466.960	180.057
3734	7.46600	459.655	389.428	179.401	466.857	466.800	180.059
3735	7.46800	459.143	389.741	179.343	466.364	466.630	179.985
3736	7.47000	458.663	390.016	179.267	465.868	466.461	179.972
3737	7.47200	458.127	390.165	179.280	465.386	466.292	179.992
3738	7.47400	457.671	390.350	179.359	464.866	466.149	179.995
3739	7.47600	457.171	390.573	179.455	464.404	465.963	180.046
3740	7.47800	456.834	390.846	179.452	463.933	465.804	180.078
3741	7.48000	456.214	391.099	179.284	463.423	465.634	180.036
3742	7.48200	455.863	391.308	179.244	462.973	465.466	179.991
3743	7.48400	455.247	391.499	179.308	462.477	465.297	180.011
3744	7.48600	454.903	391.709	179.467	461.966	465.154	179.982
3745	7.48800	454.300	391.925	179.477	461.466	464.967	180.033
3746	7.49000	453.940	392.166	179.337	460.990	464.799	180.052
3747	7.49200	453.467	392.415	179.216	460.486	464.620	180.058
3748	7.49400	452.952	392.635	179.287	460.047	464.462	180.027
3749	7.49600	452.455	392.840	179.420	459.524	464.300	180.001
3750	7.49800	451.980	393.017	179.480	459.074	464.140	179.973
3751	7.50000	451.608	393.216	179.394	458.561	463.980	180.007
3752	7.50200	451.047	393.506	179.287	458.072	463.829	179.994
3753	7.50400	450.671	393.761	179.287	457.581	463.659	180.047
3754	7.50600	450.039	393.988	179.374	457.140	463.484	180.079
3755	7.50800	449.688	394.132	179.402	456.632	463.313	180.007
3756	7.51000	449.114	394.330	179.420	456.174	463.153	179.978
3757	7.51200	448.772	394.583	179.357	455.647	462.984	179.999
3758	7.51400	448.165	394.911	179.338	455.210	462.843	179.999
3759	7.51600	447.792	395.113	179.314	454.689	462.673	180.053
3760	7.51800	447.292	395.272	179.376	454.226	462.505	180.101
3761	7.52000	446.840	395.439	179.424	453.702	462.344	180.075
3762	7.52200	446.350	395.696	179.520	453.257	462.167	180.047
3763	7.52400	445.883	395.988	179.409	452.753	462.006	180.051
3764	7.52600	445.460	396.230	179.301	452.295	461.847	180.023
3765	7.52800	444.876	396.393	179.322	451.760	461.694	180.042
3766	7.53000	444.535	396.602	179.451	451.307	461.527	180.061
3767	7.53200	443.905	396.819	179.526	450.772	461.375	180.080
3768	7.53400	443.548	397.065	179.479	450.323	461.190	180.130
3769	7.53600	442.963	397.300	179.319	449.830	461.029	180.073
3770	7.53800	442.574	397.529	179.306	449.378	460.878	180.059
3771	7.54000	441.988	397.701	179.376	448.868	460.744	180.046
3772	7.54200	441.602	397.866	179.493	448.394	460.654	180.044
3773	7.54400	441.068	397.950	179.478	447.921	460.616	180.041
3774	7.54600	440.624	397.952	179.527	447.463	460.659	180.045
3775	7.54800	440.135	397.923	179.508	446.989	460.736	180.047
3776	7.55000	439.615	397.886	179.503	446.525	460.839	180.033
3777	7.55200	439.158	397.847	179.472	446.088	460.952	180.063
3778	7.55400	438.639	397.801	179.452	445.587	461.073	180.079
3779	7.55600	438.168	397.744	179.392	445.148	461.178	180.092
3780	7.55800	437.651	397.696	179.341	444.647	461.289	180.094
3781	7.56000	437.192	397.642	179.342	444.218	461.384	180.094
3782	7.56200	436.666	397.640	179.333	443.716	461.478	180.064
3783	7.56400	436.299	397.623	179.355	443.280	461.521	180.069
3784	7.56600	435.672	397.662	179.328	442.801	461.571	180.059
3785	7.56800	435.359	397.699	179.376	442.340	461.562	180.064
3786	7.57000	434.684	397.775	179.406	441.853	461.576	180.058
3787	7.57200	434.385	397.840	179.463	441.400	461.541	180.081
3788	7.57400	433.695	397.889	179.481	440.891	461.546	180.060
3789	7.57600	433.390	397.953	179.508	440.438	461.511	180.083
3790	7.57800	432.710	398.001	179.496	439.945	461.525	180.045
3791	7.58000	432.366	398.065	179.551	439.498	461.516	180.082
3792	7.58200	431.732	398.103	179.496	439.026	461.531	180.075
3793	7.58400	431.374	398.158	179.536	438.536	461.521	180.081
3794	7.58600	430.763	398.195	179.482	438.094	461.545	180.057
3795	7.58800	430.376	398.233	179.524	437.613	461.570	180.062
3796	7.59000	429.786	398.245	179.489	437.161	461.604	180.083
3797	7.59200	429.394	398.272	179.487	436.689	461.645	180.056
3798	7.59400	428.889	398.303	179.446	436.268	461.697	180.074
3799	7.59600	428.417	398.294	179.483	435.767	461.729	180.035
3800	7.59800	427.927	398.300	179.460	435.337	461.799	180.052
3801	7.60000	427.430	398.317	179.480	434.849	461.832	180.074
3802	7.60200	427.042	398.316	179.470	434.398	461.883	180.061
3803	7.60400	426.454	398.330	179.461	433.941	461.925	180.067
3804	7.60600	426.083	398.347	179.448	433.483	461.976	180.055
3805	7.60800	425.476	398.370	179.455	433.032	462.009	180.077
3806	7.61000	425.121	398.395	179.426	432.543	462.034	180.082
3807	7.61200	424.492	398.462	179.441	432.115	462.077	180.087
3808	7.61400	424.158	398.497	179.427	431.597	462.074	180.079
3809	7.61600	423.507	398.572	179.426	431.183	462.108	180.100
3810	7.61800	423.166	398.625	179.439	430.695	462.124	180.091
3811	7.62000	422.522	398.692	179.424	430.237	462.149	180.096
3812	7.62200	422.181	398.735	179.422	429.763	462.156	180.103
3813	7.62400	421.507	398.792	179.392	429.312	462.181	180.108
3814	7.62600	421.187	398.837	179.423	428.838	462.205	180.114
3815	7.62800	420.514	398.867	179.381	428.381	462.230	180.089
3816	7.63000	420.180	398.903	179.396	427.900	462.254	180.095
3817	7.63200	419.513	398.915	179.358	427.434	462.279	180.101
3818	7.63400	419.187	398.952	179.402	426.974	462.321	180.104
3819	7.63600	418.552	398.973	179.348	426.481	462.354	180.096
3820	7.63800	418.186	398.992	179.395	426.044	462.379	180.100
3821	7.64000	417.590	399.021	179.324	425.544	462.420	180.108
3822	7.64200	417.193	399.050	179.386	425.106	462.428	180.113
3823	7.64400	416.734	399.040	179.393	424.637	462.478	180.105
3824	7.64600	416.207	399.082	179.396	424.176	462.494	180.093
3825	7.64800	415.834	399.082	179.415	423.698	462.527	180.085
3826	7.65000	415.214	399.131	179.405	423.244	462.544	180.105
3827	7.65200	414.862	399.141	179.438	422.775	462.584	180.082
3828	7.65400	414.243	399.199	179.442	422.321	462.601	180.101
3829	7.65600	413.908	399.190	179.445	421.851	462.633	180.062
3830	7.65800	413.280	399.248	179.451	421.414	462.659	180.098
3831	7.66000	412.938	399.249	179.468	420.920	462.683	180.074
3832	7.66200	412.286	399.298	179.490	420.461	462.717	180.095
3833	7.66400	411.967	399.307	179.491	419.997	462.758	180.070
3834	7.66600	411.307	399.349	179.529	419.531	462.765	180.076
3835	7.66800	410.996	399.367	179.545	419.081	462.816	180.065
3836	7.67000	410.345	399.425	179.549	418.614	462.832	180.086
3837	7.67200	410.033	399.435	179.582	418.164	462.857	180.092
3838	7.67400	409.367	399.484	179.570	417.714	462.908	180.081
3839	7.67600	409.055	399.511	179.602	417.248	462.932	180.087
3840	7.67800	408.412	399.552	179.606	416.798	462.975	180.092
3841	7.68000	408.078	399.570	179.624	416.346	462.982	180.097
3842	7.68200	407.460	399.610	179.593	415.866	463.033	180.119
3843	7.68400	407.093	399.637	179.630	415.415	463.049	180.108
3844	7.68600	406.546	399.660	179.598	414.928	463.082	180.100
3845	7.68800	406.118	399.693	179.590	414.469	463.098	180.120
3846	7.69000	405.682	399.735	179.551	414.012	463.140	180.095
3847	7.69200	405.128	399.767	179.547	413.538	463.148	180.132
3848	7.69400	404.699	399.801	179.525	413.089	463.198	180.090
3849	7.69600	404.137	399.850	179.518	412.637	463.206	180.127
3850	7.69800	403.739	399.865	179.470	412.181	463.247	180.102
3851	7.70000	403.145	399.916	179.492	411.722	463.255	180.108
3852	7.70200	402.763	399.931	179.445	411.266	463.296	180.084
3853	7.70400	402.184	399.989	179.451	410.814	463.313	180.103
3854	7.70600	401.794	399.996	179.420	410.358	463.346	180.096
3855	7.70800	401.215	400.064	179.441	409.899	463.370	180.101
3856	7.71000	400.831	400.071	179.409	409.441	463.404	180.090
3857	7.71200	400.245	400.130	179.416	408.983	463.429	180.128
3858	7.71400	399.854	400.154	179.382	408.519	463.461	180.087
3859	7.71600	399.283	400.214	179.420	408.068	463.478	180.109
3860	7.71800	398.899	400.221	179.388	407.589	463.519	180.084
3861	7.72000	398.321	400.273	179.442	407.154	463.544	180.090
3862	7.72200	397.905	400.297	179.409	406.665	463.586	180.094
3863	7.72400	397.545	400.343	179.469	406.231	463.611	180.100
3864	7.72600	396.926	400.383	179.443	405.742	463.635	180.105
3865	7.72800	396.575	400.427	179.472	405.308	463.669	180.096
3866	7.73000	395.939	400.451	179.481	404.828	463.702	180.117
3867	7.73200	395.589	400.477	179.509	404.385	463.744	180.091
3868	7.73400	394.947	400.509	179.502	403.896	463.778	180.111
3869	7.73600	394.597	400.527	179.516	403.453	463.794	180.133
3870	7.73800	393.970	400.559	179.510	402.987	463.836	180.138
3871	7.74000	393.605	400.576	179.522	402.517	463.869	180.130
3872	7.74200	392.992	400.600	179.535	402.072	463.903	180.117
3873	7.74400	392.628	400.625	179.530	401.593	463.936	180.140
3874	7.74600	392.030	400.649	179.544	401.141	463.960	180.113
3875	7.74800	391.643	400.666	179.554	400.663	463.993	180.106
3876	7.75000	391.046	400.689	179.537	400.226	464.018	180.110
3877	7.75200	390.681	400.706	179.550	399.755	464.069	180.101
3878	7.75400	390.099	400.739	179.545	399.304	464.076	180.106
3879	7.75600	389.689	400.765	179.572	398.840	464.118	180.082
3880	7.75800	389.238	400.790	179.580	398.381	464.125	180.120
3881	7.76000	388.720	400.805	179.566	397.917	464.167	180.062
3882	7.76200	388.423	400.830	179.569	397.472	464.183	180.114
3883	7.76400	387.743	400.854	179.575	396.994	464.224	180.058
3884	7.76600	387.454	400.889	179.591	396.550	464.232	180.096
3885	7.76800	386.774	400.930	179.594	396.086	464.282	180.054
3886	7.77000	386.500	400.965	179.612	395.635	464.290	180.091
3887	7.77200	385.797	400.997	179.601	395.178	464.332	180.066
3888	7.77400	385.524	401.040	179.601	394.735	464.348	180.088
3889	7.77600	384.821	401.081	179.603	394.254	464.381	180.076
3890	7.77800	384.563	401.134	179.620	393.819	464.398	180.098
3891	7.78000	383.876	401.164	179.576	393.338	464.440	180.103
3892	7.78200	383.595	401.226	179.607	392.903	464.473	180.093
3893	7.78400	382.891	401.258	179.593	392.422	464.480	180.099
3894	7.78600	382.619	401.310	179.610	391.980	464.531	180.119
3895	7.78800	381.916	401.324	179.567	391.491	464.538	180.126
3896	7.79000	381.642	401.385	179.598	391.042	464.589	180.116
3897	7.79200	380.947	401.399	179.555	390.561	464.605	180.136
3898	7.79400	380.630	401.459	179.554	390.135	464.639	180.128
3899	7.79600	380.090	401.464	179.525	389.646	464.655	180.150
3900	7.79800	379.653	401.516	179.545	389.220	464.697	180.156
3901	7.80000	379.247	401.530	179.496	388.768	464.722	180.160
3902	7.80200	378.662	401.580	179.488	388.305	464.764	180.167
3903	7.80400	378.277	401.595	179.471	387.815	464.779	180.155
3904	7.80600	377.691	401.638	179.480	387.390	464.822	180.164
3905	7.80800	377.308	401.644	179.448	386.924	464.846	180.169
3906	7.81000	376.691	401.686	179.457	386.476	464.879	180.128
3907	7.81200	376.337	401.701	179.440	386.018	464.913	180.149
3908	7.81400	375.721	401.753	179.464	385.553	464.946	180.139
3909	7.81600	375.382	401.759	179.433	385.088	464.971	180.145
3910	7.81800	374.714	401.802	179.471	384.623	465.012	180.119
3911	7.82000	374.411	401.818	179.456	384.172	465.029	180.140
3912	7.82200	373.744	401.861	179.493	383.693	465.070	180.115
3913	7.82400	373.441	401.876	179.479	383.257	465.086	180.105
3914	7.82600	372.821	401.920	179.516	382.763	465.119	180.096
3915	7.82800	372.464	401.953	179.530	382.327	465.144	180.101
3916	7.83000	371.998	401.988	179.577	381.832	465.177	180.092
3917	7.83200	371.502	402.022	179.568	381.405	465.193	180.083
3918	7.83400	371.129	402.056	179.609	380.924	465.243	180.071
3919	7.83600	370.524	402.081	179.621	380.505	465.260	180.094
3920	7.83800	370.176	402.115	179.632	380.024	465.301	180.067
3921	7.84000	369.563	402.149	179.658	379.582	465.335	180.090
3922	7.84200	369.198	402.173	179.654	379.101	465.351	180.078
3923	7.84400	368.586	402.200	179.697	378.674	465.385	180.102
3924	7.84600	368.222	402.214	179.678	378.193	465.427	180.105
3925	7.84800	367.625	402.258	179.689	377.751	465.442	180.097
3926	7.85000	367.246	402.272	179.670	377.270	465.484	180.100
3927	7.85200	366.656	402.307	179.697	376.852	465.500	180.094
3928	7.85400	366.239	402.321	179.677	376.363	465.525	180.098
3929	7.85600	365.680	402.363	179.657	375.937	465.567	180.105
3930	7.85800	365.287	402.386	179.653	375.478	465.583	180.125
3931	7.86000	364.780	402.429	179.631	375.036	465.617	180.148
3932	7.86200	364.318	402.460	179.612	374.579	465.642	180.154
3933	7.86400	363.921	402.494	179.602	374.129	465.675	180.144
3934	7.86600	363.365	402.527	179.619	373.678	465.700	180.180
3935	7.86800	363.078	402.577	179.572	373.229	465.733	180.140
3936	7.87000	362.412	402.601	179.577	372.778	465.758	180.177
3937	7.87200	362.118	402.634	179.563	372.306	465.791	180.166
3938	7.87400	361.443	402.667	179.553	371.871	465.816	180.172
3939	7.87600	361.148	402.708	179.522	371.391	465.849	180.162
3940	7.87800	360.489	402.760	179.540	370.972	465.866	180.185
3941	7.88000	360.195	402.792	179.526	370.468	465.908	180.188
3942	7.88200	359.520	402.825	179.515	370.034	465.932	180.164
3943	7.88400	359.241	402.876	179.499	369.560	465.948	180.185
3944	7.88600	358.566	402.910	179.519	369.127	465.981	180.177
3945	7.88800	358.271	402.969	179.517	368.631	466.014	180.166
3946	7.89000	357.684	403.003	179.534	368.205	466.039	180.174
3947	7.89200	357.309	403.055	179.552	367.716	466.063	180.146
3948	7.89400	356.769	403.069	179.538	367.275	466.088	180.155
3949	7.89600	356.332	403.130	179.542	366.787	466.129	180.127
3950	7.89800	355.933	403.135	179.539	366.353	466.163	180.149
3951	7.90000	355.362	403.180	179.551	365.872	466.214	180.137
3952	7.90200	354.962	403.184	179.547	365.439	466.247	180.129
3953	7.90400	354.378	403.238	179.574	364.958	466.290	180.133
3954	7.90600	353.969	403.234	179.556	364.524	466.323	180.124
3955	7.90800	353.401	403.288	179.582	364.052	466.356	180.115
3956	7.91000	352.992	403.291	179.547	363.594	466.390	180.135
3957	7.91200	352.432	403.337	179.591	363.145	466.432	180.111
3958	7.91400	352.023	403.341	179.585	362.709	466.465	180.130
3959	7.91600	351.471	403.387	179.599	362.253	466.507	180.106
3960	7.91800	351.062	403.399	179.578	361.779	466.514	180.112
3961	7.92000	350.525	403.436	179.607	361.346	466.548	180.134
3962	7.92200	350.100	403.450	179.618	360.857	466.581	180.123
3963	7.92400	349.703	403.511	179.623	360.438	466.624	180.129
3964	7.92600	349.139	403.508	179.640	359.949	466.648	180.134
3965	7.92800	348.881	403.543	179.660	359.515	466.691	180.141
3966	7.93000	348.186	403.566	179.633	359.057	466.715	180.144
3967	7.93200	347.935	403.601	179.682	358.637	466.732	180.167
3968	7.93400	347.232	403.644	179.686	358.157	466.782	180.155
3969	7.93600	346.974	403.678	179.703	357.714	466.807	180.161
3970	7.93800	346.256	403.719	179.674	357.234	466.831	180.166
3971	7.94000	346.013	403.770	179.692	356.807	466.856	180.173
3972	7.94200	345.302	403.804	179.679	356.304	466.871	180.163
3973	7.94400	345.053	403.864	179.709	355.900	466.896	180.170
3974	7.94600	344.357	403.904	179.648	355.412	466.921	180.145
3975	7.94800	344.091	403.965	179.680	354.992	466.954	180.166
3976	7.95000	343.506	403.987	179.648	354.504	466.970	180.156
3977	7.95200	343.131	404.030	179.655	354.070	467.003	180.147
3978	7.95400	342.569	404.051	179.620	353.612	467.019	180.168
3979	7.95600	342.146	404.104	179.613	353.147	467.043	180.144
3980	7.95800	341.734	404.124	179.576	352.697	467.068	180.180
3981	7.96000	341.200	404.179	179.603	352.232	467.101	180.139
3982	7.96200	340.774	404.181	179.567	351.813	467.135	180.161
3983	7.96400	340.246	404.237	179.594	351.310	467.168	180.150
3984	7.96600	339.812	404.247	179.542	350.914	467.202	180.172
3985	7.96800	339.262	404.303	179.569	350.403	467.235	180.192
3986	7.97000	338.858	404.322	179.532	349.991	467.269	180.183
3987	7.97200	338.293	404.378	179.559	349.473	467.293	180.188
3988	7.97400	337.888	404.380	179.524	349.070	467.336	180.194
3989	7.97600	337.354	404.444	179.534	348.559	467.369	180.183
3990	7.97800	336.925	404.464	179.529	348.140	467.411	180.189
3991	7.98000	336.495	404.493	179.570	347.667	467.444	180.178
3992	7.98200	335.963	404.514	179.538	347.234	467.478	180.201
3993	7.98400	335.665	404.568	179.618	346.767	467.520	180.204
3994	7.98600	335.001	404.600	179.574	346.319	467.545	180.211
3995	7.98800	334.758	404.643	179.607	345.838	467.595	180.168
3996	7.99000	334.039	404.667	179.581	345.396	467.611	180.160
3997	7.99200	333.796	404.711	179.644	344.923	467.644	180.150
3998	7.99400	333.071	404.727	179.634	344.482	467.678	180.141
3999	7.99600	332.843	404.779	179.682	344.008	467.701	180.115
4000	7.99800	332.110	404.786	179.657	343.560	467.736	180.138
4001	8.00000	331.874	404.838	179.704	343.093	467.768	180.096
4002	8.00200	331.180	404.852	179.662	342.659	467.793	180.134
4003	8.00400	330.898	404.897	179.726	342.178	467.817	180.077
4004	8.00600	330.326	404.918	179.665	341.767	467.860	180.114
4005	8.00800	329.937	404.954	179.718	341.311	467.876	180.107
4006	8.01000	329.412	404.967	179.701	340.844	467.900	180.111
4007	8.01200	328.976	405.014	179.742	340.388	467.934	180.102
4008	8.01400	328.536	405.032	179.705	339.922	467.967	180.092
4009	8.01600	328.000	405.079	179.717	339.481	468.001	180.114
4010	8.01800	327.592	405.098	179.680	339.031	468.034	180.104
4011	8.02000	327.061	405.164	179.722	338.567	468.059	180.142
4012	8.02200	326.653	405.174	179.671	338.131	468.083	180.115
4013	8.02400	326.107	405.230	179.698	337.697	468.117	180.137
4014	8.02600	325.714	405.257	179.645	337.224	468.142	180.143
4015	8.02800	325.199	405.322	179.654	336.797	468.193	180.163
4016	8.03000	324.784	405.342	179.650	336.317	468.218	180.169
4017	8.03200	324.370	405.404	179.654	335.898	468.251	180.189
4018	8.03400	323.815	405.425	179.623	335.418	468.284	180.180
4019	8.03600	323.424	405.487	179.627	335.006	468.318	180.201
4020	8.03800	322.869	405.518	179.611	334.534	468.361	180.206
4021	8.04000	322.597	405.569	179.628	334.099	468.377	180.228
4022	8.04200	321.900	405.611	179.598	333.656	468.409	180.217
4023	8.04400	321.644	405.670	179.628	333.199	468.451	180.192
4024	8.04600	320.946	405.686	179.588	332.727	468.467	180.213
4025	8.04800	320.689	405.755	179.633	332.293	468.510	180.219
4026	8.05000	319.998	405.762	179.579	331.849	468.525	180.209
4027	8.05200	319.727	405.813	179.625	331.402	468.577	180.201
4028	8.05400	319.138	405.818	179.569	330.957	468.591	180.189
4029	8.05600	318.765	405.879	179.600	330.495	468.625	180.182
4030	8.05800	318.254	405.885	179.605	330.059	468.667	180.186
4031	8.06000	317.804	405.938	179.624	329.580	468.700	180.146
4032	8.06200	317.454	405.959	179.622	329.145	468.725	180.182
4033	8.06400	316.842	406.005	179.631	328.689	468.759	180.143
4034	8.06600	316.531	406.027	179.630	328.239	468.792	180.133
4035	8.06800	315.882	406.064	179.653	327.781	468.834	180.138
4036	8.07000	315.578	406.076	179.639	327.324	468.859	180.144
4037	8.07200	314.921	406.114	179.662	326.881	468.900	180.118
4038	8.07400	314.625	406.145	179.677	326.416	468.925	180.124
4039	8.07600	313.967	406.181	179.669	325.958	468.958	180.083
4040	8.07800	313.671	406.204	179.701	325.502	469.018	180.119
4041	8.08000	313.145	406.255	179.686	325.052	469.052	180.110
4042	8.08200	312.718	406.271	179.707	324.580	469.085	180.131
4043	8.08400	312.269	406.322	179.722	324.144	469.119	180.120
4044	8.08600	311.788	406.367	179.758	323.704	469.153	180.143
4045	8.08800	311.416	406.388	179.757	323.238	469.203	180.131
4046	8.09000	310.842	406.452	179.763	322.834	469.238	180.183
4047	8.09200	310.479	406.481	179.775	322.347	469.279	180.158
4048	8.09400	309.896	406.555	179.767	321.935	469.322	180.194
4049	8.09600	309.510	406.573	179.732	321.440	469.347	180.199
4050	8.09800	308.949	406.648	179.754	321.020	469.380	180.190
4051	8.10000	308.556	406.665	179.719	320.556	469.414	180.212
4052	8.10200	308.041	406.731	179.727	320.120	469.438	180.186
4053	8.10400	307.595	406.748	179.691	319.641	469.481	180.192
4054	8.10600	307.188	406.811	179.697	319.198	469.505	180.197
4055	8.10800	306.633	406.822	179.650	318.771	469.529	180.203
4056	8.11000	306.329	406.875	179.699	318.290	469.562	180.162
4057	8.11200	305.679	406.888	179.625	317.886	469.578	180.184
4058	8.11400	305.437	406.938	179.642	317.375	469.619	180.158
4059	8.11600	304.732	406.972	179.599	316.979	469.645	180.195
4060	8.11800	304.475	407.022	179.615	316.491	469.687	180.169
4061	8.12000	303.777	407.048	179.590	316.079	469.694	180.177
4062	8.12200	303.536	407.089	179.622	315.584	469.744	180.165
4063	8.12400	302.846	407.123	179.579	315.172	469.778	180.156
4064	8.12600	302.581	407.173	179.597	314.685	469.820	180.162
4065	8.12800	302.001	407.187	179.583	314.297	469.854	180.153
4066	8.13000	301.620	407.250	179.618	313.778	469.887	180.142
4067	8.13200	301.125	407.254	179.619	313.367	469.921	180.164
4068	8.13400	300.674	407.319	179.656	312.923	469.971	180.151
4069	8.13600	300.280	407.329	179.669	312.469	470.014	180.158
4070	8.13800	299.707	407.397	179.707	312.002	470.055	180.162
4071	8.14000	299.334	407.414	179.673	311.547	470.107	180.183
4072	8.14200	298.754	407.473	179.728	311.097	470.149	180.158
4073	8.14400	298.381	407.472	179.695	310.633	470.192	180.193
4074	8.14600	297.802	407.542	179.766	310.205	470.243	180.183
4075	8.14800	297.421	407.531	179.718	309.709	470.258	180.173
4076	8.15000	296.971	407.612	179.751	309.305	470.301	180.179
4077	8.15200	296.460	407.590	179.741	308.808	470.324	180.153
4078	8.15400	296.095	407.660	179.788	308.390	470.367	180.160
4079	8.15600	295.506	407.674	179.715	307.938	470.382	180.150
4080	8.15800	295.233	407.707	179.764	307.482	470.425	180.156
4081	8.16000	294.552	407.732	179.707	307.031	470.458	180.146
4082	8.16200	294.287	407.799	179.721	306.583	470.483	180.153
4083	8.16400	293.620	407.834	179.680	306.123	470.516	180.112
4084	8.16600	293.348	407.892	179.709	305.691	470.559	180.149
4085	8.16800	292.726	407.926	179.638	305.240	470.592	180.108
4086	8.17000	292.409	407.975	179.683	304.798	470.617	180.145
4087	8.17200	291.904	408.018	179.655	304.356	470.659	180.120
4088	8.17400	291.470	408.068	179.671	303.921	470.683	180.156
4089	8.17600	291.035	408.102	179.660	303.457	470.726	180.132
4090	8.17800	290.530	408.161	179.629	303.028	470.749	180.136
4091	8.18000	290.206	408.193	179.676	302.573	470.793	180.144
4092	8.18200	289.584	408.255	179.648	302.129	470.816	180.178
4093	8.18400	289.290	408.302	179.661	301.674	470.869	180.139
4094	8.18600	288.630	408.340	179.652	301.237	470.910	180.173
4095	8.18800	288.336	408.387	179.666	300.799	470.954	180.181
4096	8.19000	287.684	408.432	179.639	300.330	470.994	180.182
4097	8.19200	287.390	408.482	179.685	299.922	471.047	180.206
4098	8.19400	286.832	408.487	179.658	299.432	471.070	180.209
4099	8.19600	286.420	408.557	179.675	299.035	471.121	180.199
4100	8.19800	285.980	408.551	179.692	298.525	471.163	180.203
4101	8.20000	285.474	408.625	179.682	298.120	471.179	180.195
4102	8.20200	285.086	408.623	179.649	297.641	471.230	180.184
4103	8.20400	284.528	408.683	179.675	297.214	471.263	180.205
4104	8.20600	284.156	408.700	179.672	296.750	471.306	180.181
4105	8.20800	283.590	408.743	179.699	296.307	471.330	180.186
4106	8.21000	283.210	408.760	179.695	295.853	471.383	180.178
4107	8.21200	282.698	408.828	179.704	295.414	471.406	180.152
4108	8.21400	282.287	408.818	179.689	294.983	471.458	180.173
4109	8.21600	281.891	408.883	179.724	294.508	471.482	180.148
4110	8.21800	281.348	408.887	179.697	294.097	471.533	180.139
4111	8.22000	281.015	408.932	179.763	293.624	471.558	180.145
4112	8.22200	280.441	408.974	179.734	293.190	471.601	180.151
4113	8.22400	280.145	409.005	179.752	292.725	471.625	180.126
4114	8.22600	279.502	409.069	179.724	292.274	471.676	180.116
4115	8.22800	279.207	409.108	179.754	291.811	471.711	180.138
4116	8.23000	278.549	409.154	179.728	291.367	471.743	180.127
4117	8.23200	278.252	409.208	179.725	290.918	471.777	180.148
4118	8.23400	277.670	409.261	179.682	290.468	471.836	180.152
4119	8.23600	277.298	409.309	179.696	290.063	471.861	180.159
4120	8.23800	276.816	409.343	179.684	289.561	471.913	180.178
4121	8.24000	276.336	409.402	179.683	289.173	471.937	180.186
4122	8.24200	275.972	409.433	179.700	288.662	471.997	180.189
4123	8.24400	275.381	409.485	179.656	288.289	472.031	180.211
4124	8.24600	275.086	409.515	179.673	287.762	472.073	180.184
4125	8.24800	274.433	409.569	179.630	287.397	472.107	180.207
4126	8.25000	274.154	409.616	179.645	286.887	472.149	180.211
4127	8.25200	273.486	409.645	179.621	286.481	472.182	180.202
4128	8.25400	273.230	409.693	179.636	286.046	472.206	180.207
4129	8.25600	272.647	409.725	179.592	285.582	472.249	180.213
4130	8.25800	272.275	409.778	179.641	285.169	472.290	180.217
4131	8.26000	271.757	409.783	179.645	284.683	472.324	180.209
4132	8.26200	271.328	409.855	179.633	284.270	472.357	180.199
4133	8.26400	270.941	409.855	179.633	283.783	472.399	180.204
4134	8.26600	270.398	409.933	179.655	283.371	472.433	180.195
4135	8.26800	270.033	409.939	179.638	282.883	472.475	180.169
4136	8.27000	269.453	410.010	179.676	282.487	472.500	180.176
4137	8.27200	269.103	410.009	179.677	281.984	472.533	180.165
4138	8.27400	268.532	410.087	179.728	281.590	472.594	180.202
4139	8.27600	268.173	410.086	179.698	281.121	472.626	180.160
4140	8.27800	267.709	410.159	179.746	280.697	472.660	180.183
4141	8.28000	267.236	410.155	179.737	280.230	472.710	180.171
4142	8.28200	266.841	410.206	179.784	279.789	472.736	180.179
4143	8.28400	266.282	410.240	179.741	279.322	472.786	180.167
4144	8.28600	265.972	410.280	179.803	278.876	472.830	180.204
4145	8.28800	265.329	410.317	179.762	278.439	472.880	180.193
4146	8.29000	265.018	410.363	179.776	277.991	472.915	180.215
4147	8.29200	264.397	410.401	179.736	277.548	472.966	180.205
4148	8.29400	264.063	410.438	179.765	277.089	472.990	180.210
4149	8.29600	263.557	410.489	179.722	276.649	473.050	180.215
4150	8.29800	263.115	410.530	179.723	276.202	473.073	180.189
4151	8.30000	262.656	410.582	179.709	275.748	473.126	180.211
4152	8.30200	262.183	410.614	179.697	275.288	473.140	180.200
4153	8.30400	261.833	410.653	179.698	274.855	473.193	180.193
4154	8.30600	261.250	410.715	179.669	274.394	473.214	180.165
4155	8.30800	260.946	410.761	179.652	273.954	473.259	180.173
4156	8.31000	260.318	410.809	179.657	273.494	473.299	180.175
4157	8.31200	260.053	410.865	179.657	273.098	473.324	180.182
4158	8.31400	259.407	410.901	179.615	272.633	473.376	180.173
4159	8.31600	259.114	410.968	179.660	272.212	473.390	180.163
4160	8.31800	258.578	410.973	179.634	271.749	473.460	180.153
4161	8.32000	258.175	411.045	179.681	271.328	473.466	180.159
4162	8.32200	257.687	411.058	179.669	270.866	473.536	180.180
4163	8.32400	257.199	411.148	179.684	270.428	473.559	180.154
4164	8.32600	256.862	411.137	179.640	269.999	473.613	180.177
4165	8.32800	256.260	411.216	179.691	269.544	473.652	180.179
4166	8.33000	255.931	411.223	179.646	269.116	473.707	180.203
4167	8.33200	255.322	411.283	179.697	268.639	473.746	180.175
4168	8.33400	254.993	411.282	179.669	268.246	473.799	180.197
4169	8.33600	254.476	411.346	179.702	267.755	473.831	180.186
4170	8.33800	254.040	411.359	179.691	267.353	473.875	180.193
4171	8.34000	253.590	411.410	179.707	266.865	473.925	180.212
4172	8.34200	253.110	411.436	179.712	266.431	473.959	180.203
4173	8.34400	252.753	411.466	179.759	265.966	474.011	180.223
4174	8.34600	252.157	411.523	179.748	265.514	474.043	180.183
4175	8.34800	251.853	411.550	179.763	265.043	474.077	180.204
4176	8.35000	251.235	411.618	179.768	264.605	474.119	180.178
4177	8.35200	250.914	411.635	179.768	264.156	474.152	180.200
4178	8.35400	250.296	411.704	179.773	263.690	474.194	180.174
4179	8.35600	249.984	411.738	179.772	263.293	474.237	180.180
4180	8.35800	249.493	411.799	179.742	262.789	474.270	180.170
4181	8.36000	249.036	411.840	179.744	262.393	474.313	180.176
4182	8.36200	248.610	411.902	179.776	261.880	474.337	180.151
4183	8.36400	248.094	411.933	179.702	261.478	474.389	180.172
4184	8.36600	247.793	411.992	179.763	261.021	474.432	180.178
4185	8.36800	247.160	412.026	179.660	260.600	474.464	180.168
4186	8.37000	246.875	412.082	179.720	260.159	474.508	180.175
4187	8.37200	246.235	412.120	179.649	259.708	474.549	180.149
4188	8.37400	245.941	412.175	179.678	259.352	474.593	180.187
4189	8.37600	245.410	412.200	179.621	258.824	474.643	180.175
4190	8.37800	245.000	412.260	179.652	258.468	474.677	180.198
4191	8.38000	244.517	412.273	179.611	257.947	474.719	180.171
4192	8.38200	244.045	412.335	179.642	257.591	474.762	180.209
4193	8.38400	243.687	412.327	179.632	257.056	474.803	180.181
4194	8.38600	243.105	412.420	179.617	256.683	474.846	180.189
4195	8.38800	242.793	412.437	179.618	256.187	474.897	180.177
4196	8.39000	242.168	412.498	179.639	255.791	474.930	180.199
4197	8.39200	241.871	412.524	179.654	255.325	474.980	180.188
4198	8.39400	241.275	412.581	179.643	254.876	475.023	180.163
4199	8.39600	240.934	412.611	179.691	254.455	475.055	180.183
4200	8.39800	240.469	412.645	179.709	253.982	475.089	180.174
4201	8.40000	240.005	412.698	179.727	253.563	475.131	180.179
4202	8.40200	239.639	412.718	179.760	253.075	475.165	180.169
4203	8.40400	239.092	412.804	179.793	252.679	475.226	180.176
4204	8.40600	238.754	412.801	179.764	252.176	475.250	180.181
4205	8.40800	238.161	412.890	179.798	251.778	475.301	180.171
4206	8.41000	237.815	412.886	179.769	251.287	475.333	180.160
4207	8.41200	237.244	412.982	179.786	250.870	475.377	180.167
4208	8.41400	236.876	412.980	179.757	250.433	475.418	180.172
4209	8.41600	236.418	413.053	179.774	249.962	475.453	180.163
4210	8.41800	235.935	413.066	179.733	249.548	475.512	180.167
4211	8.42000	235.556	413.115	179.779	249.070	475.556	180.174
4212	8.42200	234.994	413.158	179.690	248.681	475.599	180.181
4213	8.42400	234.683	413.195	179.721	248.193	475.641	180.186
4214	8.42600	234.075	413.261	179.663	247.828	475.702	180.192
4215	8.42800	233.763	413.295	179.662	247.359	475.723	180.195
4216	8.43000	233.186	413.353	179.621	246.942	475.778	180.188
4217	8.43200	232.844	413.388	179.620	246.482	475.799	180.192
4218	8.43400	232.363	413.442	179.639	246.041	475.862	180.168
4219	8.43600	231.912	413.492	179.624	245.620	475.884	180.203
4220	8.43800	231.525	413.546	179.673	245.157	475.928	180.179
4221	8.44000	230.980	413.596	179.628	244.735	475.968	180.183
4222	8.44200	230.703	413.651	179.688	244.271	476.021	180.174
4223	8.44400	230.049	413.692	179.648	243.850	476.044	180.179
4224	8.44600	229.763	413.754	179.691	243.371	476.096	180.170
4225	8.44800	229.134	413.776	179.653	242.974	476.138	180.176
4226	8.45000	228.825	413.832	179.713	242.512	476.169	180.164
4227	8.45200	228.313	413.849	179.703	242.084	476.233	180.171
4228	8.45400	227.873	413.918	179.749	241.620	476.262	180.159
4229	8.45600	227.443	413.921	179.722	241.182	476.316	180.151
4230	8.45800	226.934	413.986	179.755	240.727	476.347	180.139
4231	8.46000	226.596	413.984	179.728	240.284	476.393	180.178
4232	8.46200	225.987	414.054	179.763	239.861	476.425	180.168
4233	8.46400	225.679	414.069	179.733	239.406	476.486	180.173
4234	8.46600	225.078	414.130	179.753	238.984	476.520	180.164
4235	8.46800	224.748	414.137	179.741	238.557	476.561	180.200
4236	8.47000	224.252	414.200	179.742	238.143	476.625	180.208
4237	8.47200	223.823	414.232	179.730	237.656	476.655	180.196
4238	8.47400	223.366	414.284	179.747	237.242	476.701	180.204
4239	8.47600	222.916	414.347	179.750	236.764	476.732	180.193
4240	8.47800	222.555	414.364	179.721	236.341	476.778	180.201
4241	8.48000	221.991	414.442	179.739	235.862	476.816	180.173
4242	8.48200	221.668	414.473	179.707	235.451	476.851	180.165
4243	8.48400	221.080	414.571	179.724	234.978	476.901	180.184
4244	8.48600	220.744	414.577	179.711	234.595	476.934	180.176
4245	8.48800	220.277	414.658	179.711	234.114	476.995	180.150
4246	8.49000	219.818	414.680	179.683	233.703	477.018	180.186
4247	8.49200	219.369	414.740	179.715	233.237	477.071	180.147
4248	8.49400	218.868	414.781	179.655	232.831	477.084	180.167
4249	8.49600	218.536	414.827	179.701	232.377	477.157	180.159
4250	8.49800	217.928	414.867	179.660	231.929	477.168	180.147
4251	8.50000	217.610	414.909	179.674	231.499	477.232	180.185
4252	8.50200	216.995	414.968	179.632	231.043	477.261	180.142
4253	8.50400	216.686	414.994	179.679	230.654	477.312	180.163
4254	8.50600	216.187	415.039	179.652	230.177	477.365	180.154
4255	8.50800	215.737	415.079	179.653	229.763	477.406	180.159
4256	8.51000	215.318	415.113	179.673	229.291	477.449	180.134
4257	8.51200	214.806	415.157	179.676	228.880	477.500	180.184
4258	8.51400	214.519	415.186	179.724	228.427	477.545	180.192
4259	8.51600	213.891	415.236	179.698	227.997	477.585	180.196
4260	8.51800	213.596	415.262	179.746	227.589	477.648	180.203
4261	8.52000	212.989	415.312	179.689	227.119	477.670	180.208
4262	8.52200	212.703	415.360	179.767	226.725	477.723	180.199
4263	8.52400	212.220	415.385	179.741	226.218	477.755	180.188
4264	8.52600	211.787	415.446	179.773	225.828	477.807	180.180
4265	8.52800	211.328	415.478	179.761	225.358	477.842	180.201
4266	8.53000	210.841	415.541	179.793	224.941	477.874	180.162
4267	8.53200	210.540	415.556	179.764	224.500	477.908	180.183
4268	8.53400	209.917	415.645	179.796	224.048	477.950	180.158
4269	8.53600	209.585	415.667	179.750	223.643	477.993	180.164
4270	8.53800	209.032	415.751	179.720	223.177	478.026	180.154
4271	8.54000	208.677	415.781	179.769	222.795	478.077	180.176
4272	8.54200	208.182	415.812	179.695	222.289	478.110	180.135
4273	8.54400	207.734	415.873	179.727	221.903	478.153	180.172
4274	8.54600	207.358	415.890	179.698	221.396	478.204	180.130
4275	8.54800	206.805	415.967	179.685	221.015	478.237	180.152
4276	8.55000	206.490	415.989	179.639	220.558	478.297	180.157
4277	8.55200	205.878	416.059	179.643	220.130	478.339	180.162
4278	8.55400	205.580	416.067	179.631	219.726	478.371	180.183
4279	8.55600	205.091	416.139	179.647	219.244	478.432	180.158
4280	8.55800	204.654	416.163	179.621	218.887	478.483	180.179
4281	8.56000	204.223	416.223	179.683	218.376	478.526	180.184
4282	8.56200	203.732	416.267	179.656	218.020	478.578	180.206
4283	8.56400	203.414	416.312	179.702	217.500	478.620	180.180
4284	8.56600	202.800	416.354	179.662	217.126	478.662	180.187
4285	8.56800	202.506	416.407	179.722	216.631	478.714	180.176
4286	8.57000	201.902	416.468	179.711	216.250	478.738	180.183
4287	8.57200	201.582	416.494	179.728	215.807	478.780	180.188
4288	8.57400	201.119	416.548	179.776	215.357	478.814	180.180
4289	8.57600	200.674	416.572	179.750	214.960	478.865	180.200
4290	8.57800	200.232	416.622	179.767	214.471	478.891	180.176
4291	8.58000	199.751	416.650	179.772	214.082	478.952	180.183
4292	8.58200	199.408	416.685	179.803	213.571	478.985	180.172
4293	8.58400	198.833	416.727	179.764	213.189	479.029	180.180
4294	8.58600	198.522	416.771	179.809	212.703	479.069	180.153
4295	8.58800	197.915	416.820	179.752	212.300	479.113	180.160
4296	8.59000	197.596	416.856	179.784	211.874	479.155	180.196
4297	8.59200	197.118	416.907	179.740	211.415	479.189	180.157
4298	8.59400	196.669	416.941	179.759	211.018	479.258	180.177
4299	8.59600	196.247	417.009	179.744	210.529	479.292	180.168
4300	8.59800	195.756	417.063	179.731	210.149	479.344	180.190
4301	8.60000	195.467	417.106	179.747	209.659	479.385	180.194
4302	8.60200	194.845	417.166	179.704	209.280	479.439	180.217
4303	8.60400	194.549	417.218	179.734	208.796	479.469	180.205
4304	8.60600	194.024	417.263	179.676	208.386	479.549	180.211
4305	8.60800	193.622	417.320	179.707	207.972	479.579	180.230
4306	8.61000	193.162	417.354	179.695	207.515	479.624	180.207
4307	8.61200	192.688	417.433	179.694	207.116	479.664	180.212
4308	8.61400	192.330	417.442	179.713	206.629	479.708	180.187
4309	8.61600	191.756	417.529	179.714	206.245	479.749	180.193
4310	8.61800	191.426	417.541	179.684	205.755	479.792	180.168
4311	8.62000	190.837	417.613	179.688	205.384	479.826	180.191
4312	8.62200	190.516	417.627	179.690	204.914	479.865	180.163
4313	8.62400	190.035	417.673	179.694	204.499	479.928	180.170
4314	8.62600	189.625	417.734	179.726	204.056	479.948	180.144
4315	8.62800	189.211	417.745	179.715	203.619	480.004	180.136
4316	8.63000	188.693	417.803	179.734	203.214	480.044	180.172
4317	8.63200	188.392	417.808	179.722	202.743	480.080	180.163
4318	8.63400	187.775	417.880	179.725	202.344	480.139	180.169
4319	8.63600	187.482	417.887	179.714	201.890	480.163	180.144
4320	8.63800	186.994	417.958	179.730	201.482	480.226	180.181
4321	8.64000	186.582	417.983	179.735	201.040	480.255	180.170
4322	8.64200	186.130	418.041	179.735	200.604	480.311	180.193
4323	8.64400	185.658	418.078	179.755	200.171	480.359	180.182
4324	8.64600	185.345	418.122	179.771	199.719	480.405	180.220
4325	8.64800	184.747	418.192	179.743	199.302	480.463	180.194
4326	8.65000	184.442	418.234	179.758	198.876	480.497	180.216
4327	8.65200	183.889	418.320	179.729	198.464	480.550	180.207
4328	8.65400	183.531	418.346	179.746	198.040	480.588	180.210
4329	8.65600	183.063	418.415	179.731	197.586	480.644	180.203
4330	8.65800	182.611	418.449	179.719	197.153	480.663	180.207
4331	8.66000	182.246	418.503	179.749	196.713	480.728	180.184
4332	8.66200	181.673	418.560	179.675	196.263	480.747	180.157
4333	8.66400	181.363	418.610	179.705	195.820	480.804	180.180
4334	8.66600	180.770	418.653	179.664	195.385	480.842	180.153
4335	8.66800	180.436	418.704	179.694	194.982	480.885	180.160
4336	8.67000	179.952	418.730	179.668	194.539	480.928	180.166
4337	8.67200	179.516	418.791	179.669	194.138	480.967	180.140
4338	8.67400	179.110	418.820	179.657	193.679	481.023	180.163
4339	8.67600	178.605	418.869	179.661	193.244	481.043	180.137
4340	8.67800	178.315	418.911	179.677	192.815	481.116	180.158
4341	8.68000	177.696	418.957	179.668	192.369	481.146	180.148
4342	8.68200	177.415	418.991	179.700	191.931	481.210	180.154
4343	8.68400	176.925	419.028	179.690	191.524	481.250	180.160
4344	8.68600	176.499	419.087	179.721	191.120	481.284	180.182
4345	8.68800	176.101	419.110	179.726	190.672	481.346	180.187
4346	8.69000	175.592	419.176	179.758	190.281	481.386	180.224
4347	8.69200	175.264	419.184	179.778	189.829	481.460	180.215
4348	8.69400	174.682	419.262	179.764	189.383	481.479	180.189
4349	8.69600	174.373	419.283	179.750	188.970	481.535	180.212
4350	8.69800	173.801	419.353	179.753	188.491	481.565	180.201
4351	8.70000	173.474	419.390	179.786	188.101	481.619	180.193
4352	8.70200	173.005	419.430	179.757	187.643	481.660	180.198
4353	8.70400	172.540	419.502	179.773	187.251	481.710	180.188
4354	8.70600	172.185	419.518	179.746	186.771	481.747	180.180
4355	8.70800	171.612	419.605	179.746	186.355	481.777	180.170
4356	8.71000	171.318	419.619	179.719	185.923	481.832	180.192
4357	8.71200	170.698	419.708	179.719	185.476	481.871	180.166
4358	8.71400	170.404	419.731	179.676	185.072	481.915	180.173
4359	8.71600	169.945	419.793	179.677	184.596	481.964	180.162
4360	8.71800	169.483	419.835	179.649	184.245	482.006	180.169
4361	8.72000	169.134	419.873	179.682	183.740	482.058	180.158
4362	8.72200	168.580	419.942	179.655	183.373	482.099	180.165
4363	8.72400	168.274	419.973	179.655	182.914	482.156	180.187
4364	8.72600	167.679	420.057	179.674	182.502	482.193	180.161
4365	8.72800	167.370	420.069	179.646	182.066	482.259	180.169
4366	8.73000	166.891	420.132	179.678	181.626	482.297	180.172
4367	8.73200	166.461	420.165	179.666	181.237	482.358	180.178
4368	8.73400	166.052	420.214	179.714	180.762	482.399	180.153
4369	8.73600	165.538	420.262	179.687	180.389	482.450	180.174
4370	8.73800	165.230	420.293	179.688	179.919	482.495	180.181
4371	8.74000	164.620	420.348	179.693	179.510	482.526	180.171
4372	8.74200	164.331	420.381	179.725	179.066	482.564	180.194
4373	8.74400	163.848	420.436	179.713	178.647	482.603	180.169
4374	8.74600	163.427	420.459	179.717	178.237	482.649	180.176
4375	8.74800	162.992	420.509	179.734	177.759	482.680	180.166
4376	8.75000	162.527	420.539	179.740	177.407	482.741	180.173
4377	8.75200	162.227	420.578	179.756	176.894	482.774	180.162
4378	8.75400	161.637	420.642	179.714	176.509	482.816	180.139
4379	8.75600	161.323	420.692	179.744	176.068	482.869	180.160
4380	8.75800	160.855	420.737	179.717	175.635	482.900	180.120
4381	8.76000	160.435	420.789	179.735	175.245	482.964	180.188
4382	8.76200	160.005	420.840	179.722	174.773	483.013	180.147
4383	8.76400	159.530	420.894	179.709	174.413	483.054	180.153
4384	8.76600	159.224	420.953	179.723	173.909	483.107	180.143
4385	8.76800	158.624	421.016	179.681	173.543	483.157	180.165
4386	8.77000	158.319	421.065	179.711	173.071	483.220	180.170
4387	8.77200	157.825	421.100	179.669	172.689	483.269	180.191
4388	8.77400	157.398	421.170	179.685	172.280	483.332	180.198
4389	8.77600	156.968	421.201	179.673	171.826	483.382	180.187
4390	8.77800	156.488	421.274	179.689	171.483	483.432	180.209
4391	8.78000	156.172	421.297	179.676	170.963	483.465	180.199
4392	8.78200	155.575	421.361	179.665	170.595	483.517	180.190
4393	8.78400	155.277	421.402	179.681	170.109	483.552	180.181
4394	8.78600	154.707	421.462	179.638	169.732	483.602	180.171
4395	8.78800	154.366	421.490	179.687	169.262	483.639	180.163
4396	8.79000	153.975	421.504	179.678	168.861	483.678	180.168
4397	8.79200	153.464	421.577	179.694	168.458	483.722	180.175
4398	8.79400	153.179	421.592	179.698	167.998	483.763	180.181
4399	8.79600	152.569	421.664	179.700	167.638	483.806	180.188
4400	8.79800	152.276	421.679	179.704	167.111	483.857	180.177
4401	8.80000	151.787	421.743	179.706	166.727	483.899	180.184
4402	8.80200	151.360	421.758	179.727	166.249	483.940	180.158
4403	8.80400	150.962	421.818	179.729	165.853	483.993	180.180
4404	8.80600	150.475	421.873	179.746	165.432	484.053	180.186
4405	8.80800	150.172	421.895	179.733	164.971	484.087	180.146
4406	8.81000	149.564	421.977	179.750	164.605	484.146	180.183
4407	8.81200	149.260	422.007	179.721	164.092	484.180	180.173
4408	8.81400	148.778	422.069	179.722	163.748	484.240	180.179
4409	8.81600	148.338	422.110	179.695	163.263	484.290	180.168
4410	8.81800	147.928	422.169	179.726	162.878	484.352	180.206
4411	8.82000	147.427	422.214	179.699	162.478	484.391	180.211
4412	8.82200	147.135	422.264	179.699	162.017	484.445	180.172
4413	8.82400	146.536	422.337	179.671	161.644	484.477	180.194
4414	8.82600	146.221	422.369	179.673	161.146	484.532	180.154
4415	8.82800	145.762	422.431	179.674	160.795	484.582	180.176
4416	8.83000	145.338	422.475	179.648	160.282	484.625	180.150
4417	8.83200	144.920	422.531	179.679	159.914	484.677	180.141
4418	8.83400	144.417	422.580	179.622	159.481	484.715	180.115
4419	8.83600	144.114	422.621	179.669	159.042	484.752	180.138
4420	8.83800	143.514	422.686	179.627	158.648	484.800	180.128
4421	8.84000	143.226	422.710	179.676	158.187	484.846	180.135
4422	8.84200	142.766	422.763	179.663	157.826	484.905	180.141
4423	8.84400	142.337	422.807	179.667	157.307	484.940	180.131
4424	8.84600	141.959	422.858	179.716	156.949	484.991	180.153
4425	8.84800	141.450	422.894	179.673	156.496	485.032	180.158
4426	8.85000	141.147	422.927	179.737	156.095	485.068	180.182
4427	8.85200	140.549	422.990	179.694	155.687	485.127	180.187
4428	8.85400	140.244	423.030	179.741	155.223	485.171	180.193
4429	8.85600	139.760	423.066	179.730	154.863	485.240	180.215
4430	8.85800	139.342	423.126	179.762	154.372	485.272	180.205
4431	8.86000	138.951	423.146	179.766	153.992	485.326	180.227
4432	8.86200	138.422	423.222	179.752	153.521	485.374	180.216
4433	8.86400	138.127	423.262	179.738	153.119	485.437	180.223
4434	8.86600	137.524	423.326	179.726	152.692	485.465	180.213
4435	8.86800	137.215	423.375	179.726	152.227	485.531	180.189
4436	8.87000	136.791	423.420	179.699	151.866	485.571	180.195
4437	8.87200	136.324	423.480	179.700	151.389	485.613	180.170
4438	8.87400	135.999	423.507	179.689	151.025	485.667	180.193
4439	8.87600	135.440	423.586	179.675	150.552	485.697	180.152
4440	8.87800	135.124	423.617	179.677	150.165	485.760	180.159
4441	8.88000	134.579	423.709	179.648	149.771	485.797	180.164
4442	8.88200	134.260	423.744	179.682	149.301	485.854	180.156
4443	8.88400	133.858	423.784	179.654	148.922	485.902	180.146
4444	8.88600	133.361	423.849	179.656	148.449	485.947	180.122
4445	8.88800	133.068	423.879	179.658	148.099	485.998	180.144
4446	8.89000	132.458	423.954	179.660	147.643	486.046	180.133
4447	8.89200	132.164	423.965	179.664	147.237	486.102	180.155
4448	8.89400	131.692	424.039	179.681	146.822	486.149	180.176
4449	8.89600	131.274	424.082	179.715	146.392	486.214	180.183
4450	8.89800	130.897	424.102	179.719	146.006	486.252	180.219
4451	8.90000	130.386	424.187	179.720	145.548	486.297	180.195
4452	8.90200	130.082	424.190	179.709	145.177	486.359	180.232
4453	8.90400	129.488	424.265	179.712	144.703	486.398	180.206
4454	8.90600	129.188	424.288	179.730	144.311	486.452	180.229
4455	8.90800	128.751	424.347	179.732	143.881	486.490	180.203
4456	8.91000	128.306	424.384	179.721	143.436	486.539	180.211
4457	8.91200	128.014	424.423	179.738	143.031	486.578	180.186
4458	8.91400	127.427	424.491	179.727	142.586	486.629	180.177
4459	8.91600	127.140	424.522	179.729	142.214	486.674	180.185
4460	8.91800	126.649	424.596	179.715	141.757	486.703	180.174
4461	8.92000	126.257	424.628	179.704	141.352	486.768	180.151
4462	8.92200	125.868	424.683	179.736	140.943	486.805	180.156
4463	8.92400	125.350	424.734	179.678	140.507	486.852	180.133
4464	8.92600	125.035	424.791	179.693	140.109	486.901	180.154
4465	8.92800	124.452	424.846	179.667	139.673	486.953	180.144
4466	8.93000	124.151	424.896	179.668	139.282	487.023	180.135
4467	8.93200	123.707	424.959	179.670	138.843	487.053	180.125
4468	8.93400	123.244	425.003	179.642	138.420	487.119	180.133
4469	8.93600	122.924	425.036	179.676	138.009	487.173	180.137
4470	8.93800	122.363	425.108	179.647	137.589	487.230	180.160
4471	8.94000	122.056	425.147	179.664	137.196	487.280	180.150
4472	8.94200	121.489	425.223	179.637	136.763	487.332	180.172
4473	8.94400	121.180	425.237	179.641	136.384	487.395	180.179
4474	8.94600	120.794	425.288	179.690	135.942	487.407	180.169
4475	8.94800	120.311	425.328	179.680	135.520	487.463	180.192
4476	8.95000	120.020	425.358	179.713	135.138	487.492	180.183
4477	8.95200	119.429	425.425	179.671	134.672	487.549	180.205
4478	8.95400	119.143	425.466	179.749	134.298	487.589	180.181
4479	8.95600	118.588	425.536	179.690	133.838	487.630	180.187
4480	8.95800	118.253	425.563	179.740	133.444	487.678	180.195
4481	8.96000	117.900	425.602	179.744	132.975	487.732	180.168
4482	8.96200	117.379	425.660	179.731	132.574	487.780	180.176
4483	8.96400	117.089	425.700	179.779	132.147	487.826	180.165
4484	8.96600	116.496	425.774	179.720	131.711	487.881	180.157
4485	8.96800	116.197	425.804	179.753	131.320	487.938	180.162
4486	8.97000	115.742	425.866	179.724	130.885	487.990	180.184
4487	8.97200	115.292	425.919	179.742	130.494	488.053	180.160
4488	8.97400	114.988	425.957	179.728	130.076	488.088	180.165
4489	8.97600	114.414	426.033	179.700	129.646	488.176	180.173
4490	8.97800	114.096	426.082	179.701	129.267	488.205	180.163
4491	8.98000	113.649	426.127	179.675	128.826	488.268	180.169
4492	8.98200	113.204	426.187	179.676	128.470	488.322	180.193
4493	8.98400	112.886	426.213	179.665	128.024	488.366	180.150
4494	8.98600	112.326	426.303	179.635	127.619	488.406	180.174
4495	8.98800	112.024	426.316	179.639	127.205	488.443	180.149
4496	8.99000	111.490	426.401	179.627	126.774	488.499	180.140
4497	8.99200	111.169	426.435	179.660	126.395	488.538	180.147
4498	8.99400	110.800	426.457	179.666	125.957	488.572	180.138
4499	8.99600	110.303	426.540	179.666	125.561	488.626	180.130
4500	8.99800	110.015	426.544	179.656	125.118	488.662	180.134
4501	9.00000	109.428	426.619	179.659	124.720	488.712	180.143
4502	9.00200	109.143	426.641	179.678	124.313	488.738	180.133
4503	9.00400	108.709	426.701	179.710	123.889	488.793	180.155
4504	9.00600	108.282	426.749	179.715	123.457	488.843	180.146
4505	9.00800	107.964	426.768	179.733	123.041	488.902	180.151
4506	9.01000	107.369	426.852	179.719	122.648	488.967	180.159
4507	9.01200	107.074	426.863	179.724	122.209	489.002	180.133
4508	9.01400	106.608	426.935	179.740	121.812	489.069	180.172
4509	9.01600	106.183	426.977	179.712	121.366	489.104	180.145
4510	9.01800	105.889	426.997	179.732	120.981	489.178	180.168
4511	9.02000	105.318	427.084	179.718	120.560	489.238	180.173
4512	9.02200	105.012	427.132	179.689	120.188	489.267	180.164
4513	9.02400	104.463	427.222	179.689	119.760	489.344	180.188
4514	9.02600	104.144	427.248	179.678	119.345	489.379	180.161
4515	9.02800	103.789	427.283	179.682	118.936	489.445	180.169
4516	9.03000	103.252	427.355	179.653	118.535	489.476	180.160
4517	9.03200	102.966	427.405	179.655	118.110	489.536	180.135
4518	9.03400	102.418	427.501	179.657	117.701	489.583	180.143
4519	9.03600	102.095	427.522	179.615	117.293	489.618	180.117
4520	9.03800	101.707	427.581	179.647	116.888	489.678	180.110
4521	9.04000	101.227	427.620	179.606	116.455	489.713	180.084
4522	9.04200	100.923	427.659	179.654	116.073	489.760	180.123
4523	9.04400	100.361	427.724	179.611	115.649	489.810	180.114
4524	9.04600	100.057	427.748	179.662	115.243	489.842	180.136
4525	9.04800	99.669	427.791	179.697	114.835	489.900	180.128
4526	9.05000	99.191	427.855	179.668	114.420	489.934	180.133
4527	9.05200	98.892	427.886	179.702	114.015	489.992	180.157
4528	9.05400	98.315	427.951	179.658	113.596	490.041	180.147
4529	9.05600	98.018	427.973	179.709	113.208	490.093	180.169
4530	9.05800	97.566	428.038	179.711	112.792	490.165	180.191
4531	9.06000	97.150	428.070	179.700	112.387	490.212	180.181
4532	9.06200	96.874	428.120	179.733	111.981	490.288	180.204
4533	9.06400	96.308	428.178	179.706	111.558	490.316	180.164
4534	9.06600	96.008	428.209	179.740	111.140	490.370	180.186
