NO_OF_FRAMES	1406
NO_OF_CAMERAS	2
NO_OF_MARKERS	2
FREQUENCY	500
NO_OF_ANALOG	0
ANALOG_FREQUENCY	0
DESCRIPTION	--
TIME_STAMP	2024-10-21, 15:40:10.855	941744.55889980
DATA_INCLUDED	3D
TITLE	Bevaring av rörelsemängd i inelastisk stöt 27.7g vs 82.4g (Faulty)
MARKER_NAMES	h82_4g	v27_7g
COLLISION_TIME	1.21
TRAJECTORY_TYPES	Mixed	Measured
Frame	Time	h82_4g X	h82_4g Y	h82_4g Z	v27_7g X	v27_7g Y	v27_7g Z	
14466	28.93000	611.651	564.489	179.863	581.946	270.187	164.562
14467	28.93200	611.340	564.278	179.881	581.719	270.368	164.596
14468	28.93400	611.142	564.094	179.916	581.496	270.630	164.631
14469	28.93600	610.892	563.937	179.927	581.302	270.885	164.569
14470	28.93800	610.603	563.772	179.902	581.019	271.066	164.533
14471	28.94000	610.300	563.589	179.875	580.814	271.236	164.521
14472	28.94200	610.079	563.443	179.870	580.541	271.456	164.583
14473	28.94400	609.788	563.244	179.892	580.305	271.697	164.592
14474	28.94600	609.488	563.014	179.941	580.095	271.902	164.533
14475	28.94800	609.304	562.835	179.913	579.775	272.056	164.558
14476	28.95000	609.024	562.644	179.892	579.518	272.244	164.548
14477	28.95200	608.762	562.471	179.903	579.319	272.473	164.511
14478	28.95400	608.531	562.261	179.922	579.182	272.720	164.506
14479	28.95600	608.276	562.043	179.954	578.780	272.870	164.544
14480	28.95800	607.999	561.809	179.946	578.440	273.002	164.586
14481	28.96000	607.820	561.605	179.924	578.234	273.149	164.560
14482	28.96200	607.555	561.395	179.913	578.062	273.342	164.535
14483	28.96400	607.317	561.193	179.888	577.775	273.564	164.552
14484	28.96600	607.029	560.933	179.924	577.479	273.718	164.585
14485	28.96800	606.817	560.698	179.918	577.284	273.872	164.576
14486	28.97000	606.616	560.482	179.891	577.053	274.040	164.504
14487	28.97200	606.395	560.285	179.854	576.820	274.189	164.474
14488	28.97400	606.123	560.063	179.860	576.452	274.308	164.544
14489	28.97600	605.829	559.794	179.942	576.193	274.477	164.612
14490	28.97800	605.701	559.586	179.932	575.948	274.684	164.595
14491	28.98000	605.431	559.370	179.895	575.739	274.856	164.508
14492	28.98200	605.199	559.175	179.887	575.467	274.973	164.512
14493	28.98400	604.910	558.954	179.892	575.165	275.116	164.533
14494	28.98600	604.724	558.699	179.958	574.968	275.292	164.478
14495	28.98800	604.452	558.491	179.966	574.766	275.491	164.516
14496	28.99000	604.218	558.287	179.944	574.419	275.647	164.610
14497	28.99200	603.986	558.074	179.937	574.058	275.775	164.666
14498	28.99400	603.745	557.863	179.927	573.819	275.915	164.622
14499	28.99600	603.482	557.619	180.027	573.678	276.070	164.578
14500	28.99800	603.200	557.406	179.987	573.346	276.264	164.585
14501	29.00000	603.031	557.194	179.981	573.063	276.438	164.681
14502	29.00200	602.747	556.976	179.924	572.843	276.613	164.662
14503	29.00400	602.537	556.759	179.950	572.642	276.780	164.592
14504	29.00600	602.207	556.490	180.032	572.315	276.917	164.586
14505	29.00800	602.033	556.293	180.005	571.959	277.029	164.604
14506	29.01000	601.781	556.062	179.998	571.758	277.184	164.629
14507	29.01200	601.551	555.865	179.961	571.504	277.385	164.629
14508	29.01400	601.263	555.626	179.967	571.248	277.568	164.591
14509	29.01600	601.063	555.381	180.017	570.974	277.682	164.642
14510	29.01800	600.799	555.165	180.041	570.702	277.831	164.612
14511	29.02000	600.566	554.944	179.988	570.515	277.997	164.544
14512	29.02200	600.349	554.731	179.982	570.282	278.146	164.514
14513	29.02400	600.111	554.503	179.941	569.960	278.292	164.630
14514	29.02600	599.848	554.260	180.041	569.605	278.458	164.709
14515	29.02800	599.552	554.047	180.002	569.362	278.628	164.670
14516	29.03000	599.371	553.836	179.965	569.209	278.763	164.599
14517	29.03200	599.110	553.617	179.910	568.851	278.895	164.608
14518	29.03400	598.846	553.376	179.918	568.571	279.037	164.630
14519	29.03600	598.522	553.097	180.017	568.385	279.221	164.592
14520	29.03800	598.362	552.901	179.960	568.169	279.438	164.590
14521	29.04000	598.091	552.688	179.953	567.811	279.569	164.636
14522	29.04200	597.853	552.476	179.915	567.483	279.672	164.639
14523	29.04400	597.572	552.242	179.939	567.269	279.808	164.601
14524	29.04600	597.356	551.992	180.002	567.006	279.980	164.558
14525	29.04800	597.075	551.788	179.979	566.739	280.144	164.527
14526	29.05000	596.842	551.568	179.926	566.490	280.314	164.630
14527	29.05200	596.582	551.347	179.904	566.194	280.495	164.638
14528	29.05400	596.380	551.119	179.926	565.964	280.663	164.566
14529	29.05600	596.092	550.861	179.993	565.774	280.790	164.515
14530	29.05800	595.799	550.657	179.940	565.368	280.913	164.578
14531	29.06000	595.582	550.455	179.918	565.054	281.065	164.615
14532	29.06200	595.397	550.244	179.881	564.879	281.250	164.611
14533	29.06400	595.107	550.002	179.889	564.681	281.447	164.619
14534	29.06600	594.785	549.741	179.959	564.312	281.587	164.644
14535	29.06800	594.605	549.533	179.920	564.028	281.710	164.638
14536	29.07000	594.359	549.319	179.915	563.890	281.863	164.563
14537	29.07200	594.092	549.098	179.862	563.664	282.051	164.520
14538	29.07400	593.792	548.838	179.901	563.280	282.201	164.593
14539	29.07600	593.594	548.596	179.950	562.975	282.342	164.688
14540	29.07800	593.331	548.392	179.929	562.743	282.520	164.667
14541	29.08000	593.111	548.194	179.926	562.510	282.670	164.602
14542	29.08200	592.849	547.955	179.904	562.214	282.797	164.584
14543	29.08400	592.612	547.737	179.940	561.979	282.928	164.632
14544	29.08600	592.298	547.488	179.962	561.701	283.127	164.635
14545	29.08800	592.051	547.290	179.959	561.493	283.350	164.616
14546	29.09000	591.824	547.078	179.953	561.223	283.485	164.616
14547	29.09200	591.589	546.875	179.932	560.845	283.601	164.663
14548	29.09400	591.307	546.635	179.940	560.565	283.749	164.634
14549	29.09600	591.003	546.383	179.996	560.405	283.914	164.570
14550	29.09800	590.798	546.193	179.956	560.107	284.099	164.600
14551	29.10000	590.538	545.980	179.952	559.775	284.264	164.716
14552	29.10200	590.290	545.758	179.931	559.533	284.424	164.701
14553	29.10400	590.018	545.488	179.987	559.402	284.570	164.644
14554	29.10600	589.790	545.257	180.020	559.105	284.729	164.592
14555	29.10800	589.524	545.049	180.002	558.723	284.849	164.626
14556	29.11000	589.283	544.837	179.967	558.506	284.998	164.669
14557	29.11200	589.063	544.605	179.963	558.270	285.216	164.701
14558	29.11400	588.813	544.360	179.984	558.015	285.383	164.667
14559	29.11600	588.533	544.118	180.025	557.673	285.493	164.688
14560	29.11800	588.266	543.932	179.974	557.479	285.621	164.671
14561	29.12000	588.072	543.709	179.955	557.227	285.780	164.585
14562	29.12200	587.829	543.507	179.934	557.045	285.966	164.545
14563	29.12400	587.557	543.249	179.974	556.726	286.127	164.592
14564	29.12600	587.256	542.988	180.015	556.373	286.293	164.706
14565	29.12800	587.072	542.800	179.945	556.137	286.451	164.657
14566	29.13000	586.811	542.584	179.943	555.958	286.597	164.565
14567	29.13200	586.561	542.362	179.922	555.649	286.720	164.588
14568	29.13400	586.290	542.086	179.963	555.325	286.869	164.637
14569	29.13600	586.085	541.860	179.984	555.099	287.056	164.631
14570	29.13800	585.789	541.663	179.951	554.979	287.260	164.623
14571	29.14000	585.527	541.431	179.947	554.598	287.414	164.614
14572	29.14200	585.312	541.202	179.941	554.250	287.529	164.663
14573	29.14400	585.058	540.956	179.995	554.043	287.665	164.590
14574	29.14600	584.779	540.713	180.007	553.887	287.832	164.559
14575	29.14800	584.503	540.544	179.988	553.526	288.011	164.606
14576	29.15000	584.294	540.326	179.966	553.199	288.173	164.691
14577	29.15200	584.042	540.121	179.946	553.026	288.332	164.714
14578	29.15400	583.741	539.844	179.987	552.809	288.493	164.661
14579	29.15600	583.483	539.615	179.981	552.551	288.631	164.622
14580	29.15800	583.279	539.405	179.976	552.207	288.768	164.654
14581	29.16000	583.019	539.215	179.959	551.971	288.936	164.689
14582	29.16200	582.732	538.965	179.986	551.744	289.145	164.708
14583	29.16400	582.496	538.694	180.024	551.449	289.300	164.663
14584	29.16600	582.247	538.474	180.002	551.149	289.407	164.690
14585	29.16800	582.000	538.267	180.016	550.879	289.558	164.659
14586	29.17000	581.756	538.072	179.982	550.691	289.718	164.610
14587	29.17200	581.538	537.828	179.975	550.508	289.893	164.594
14588	29.17400	581.263	537.568	180.048	550.149	290.078	164.695
14589	29.17600	580.969	537.352	180.015	549.853	290.231	164.732
14590	29.17800	580.732	537.160	179.948	549.633	290.373	164.687
14591	29.18000	580.534	536.948	179.975	549.469	290.535	164.628
14592	29.18200	580.243	536.726	179.955	549.028	290.673	164.656
14593	29.18400	579.945	536.439	180.044	548.753	290.819	164.711
14594	29.18600	579.727	536.230	180.007	548.601	291.015	164.722
14595	29.18800	579.465	536.018	180.003	548.396	291.212	164.694
14596	29.19000	579.210	535.824	179.968	548.035	291.348	164.692
14597	29.19200	578.944	535.589	180.028	547.709	291.459	164.677
14598	29.19400	578.711	535.286	180.064	547.551	291.613	164.637
14599	29.19600	578.423	535.090	180.030	547.301	291.795	164.611
14600	29.19800	578.164	534.876	179.997	546.927	291.969	164.664
14601	29.20000	577.914	534.656	180.008	546.670	292.122	164.773
14602	29.20200	577.672	534.428	180.002	546.419	292.274	164.740
14603	29.20400	577.358	534.171	180.042	546.223	292.434	164.690
14604	29.20600	577.073	533.955	180.011	545.960	292.563	164.673
14605	29.20800	576.865	533.771	179.991	545.632	292.710	164.718
14606	29.21000	576.618	533.566	179.974	545.363	292.899	164.744
14607	29.21200	576.335	533.318	180.000	545.154	293.088	164.736
14608	29.21400	576.023	533.033	180.058	544.902	293.230	164.720
14609	29.21600	575.843	532.834	179.975	544.476	293.351	164.716
14610	29.21800	575.552	532.619	179.973	544.236	293.484	164.692
14611	29.22000	575.255	532.397	179.986	544.098	293.632	164.634
14612	29.22200	575.018	532.161	179.995	543.823	293.805	164.663
14613	29.22400	574.763	531.890	180.034	543.440	293.979	164.716
14614	29.22600	574.474	531.657	179.972	543.203	294.143	164.689
14615	29.22800	574.213	531.462	179.969	543.006	294.313	164.653
14616	29.23000	573.978	531.252	179.965	542.735	294.442	164.599
14617	29.23200	573.707	531.014	179.944	542.331	294.568	164.618
14618	29.23400	573.383	530.737	180.018	542.155	294.709	164.648
14619	29.23600	573.123	530.550	179.939	541.908	294.923	164.694
14620	29.23800	572.915	530.341	179.935	541.672	295.086	164.710
14621	29.24000	572.636	530.137	179.916	541.366	295.222	164.745
14622	29.24200	572.329	529.902	179.977	541.040	295.367	164.687
14623	29.24400	572.089	529.615	180.017	540.830	295.517	164.624
14624	29.24600	571.864	529.411	179.968	540.666	295.701	164.590
14625	29.24800	571.606	529.206	179.952	540.241	295.872	164.648
14626	29.25000	571.327	528.985	179.934	539.935	296.045	164.712
14627	29.25200	571.084	528.759	179.989	539.735	296.179	164.687
14628	29.25400	570.804	528.491	180.018	539.617	296.335	164.645
14629	29.25600	570.512	528.275	179.987	539.206	296.466	164.656
14630	29.25800	570.268	528.082	179.953	538.892	296.607	164.684
14631	29.26000	570.018	527.871	179.950	538.741	296.800	164.666
14632	29.26200	569.728	527.639	179.979	538.531	297.009	164.685
14633	29.26400	569.418	527.368	180.041	538.105	297.160	164.682
14634	29.26600	569.203	527.163	179.971	537.799	297.273	164.701
14635	29.26800	568.937	526.948	179.972	537.661	297.403	164.648
14636	29.27000	568.688	526.744	179.954	537.425	297.583	164.624
14637	29.27200	568.407	526.504	180.029	537.085	297.726	164.683
14638	29.27400	568.154	526.243	180.054	536.807	297.909	164.756
14639	29.27600	567.880	526.035	180.009	536.565	298.103	164.698
14640	29.27800	567.614	525.822	179.977	536.370	298.263	164.649
14641	29.28000	567.387	525.611	179.974	536.051	298.387	164.603
14642	29.28200	567.123	525.374	180.017	535.691	298.516	164.654
14643	29.28400	566.812	525.122	180.078	535.463	298.690	164.683
14644	29.28600	566.553	524.917	180.000	535.289	298.890	164.723
14645	29.28800	566.345	524.698	179.983	535.088	299.040	164.768
14646	29.29000	566.067	524.486	179.950	534.675	299.153	164.784
14647	29.29200	565.771	524.245	180.025	534.422	299.308	164.708
14648	29.29400	565.528	523.981	180.053	534.286	299.473	164.646
14649	29.29600	565.284	523.769	179.990	534.015	299.640	164.651
14650	29.29800	565.015	523.566	179.973	533.578	299.821	164.688
14651	29.30000	564.748	523.343	179.988	533.346	299.974	164.726
14652	29.30200	564.514	523.090	180.030	533.237	300.131	164.684
14653	29.30400	564.237	522.842	180.028	532.968	300.266	164.657
14654	29.30600	563.954	522.627	179.967	532.583	300.377	164.678
14655	29.30800	563.728	522.432	179.936	532.357	300.532	164.672
14656	29.31000	563.497	522.214	179.948	532.177	300.747	164.677
14657	29.31200	563.201	521.973	179.963	531.961	300.930	164.722
14658	29.31400	562.869	521.694	180.011	531.523	301.061	164.692
14659	29.31600	562.676	521.493	179.932	531.284	301.190	164.710
14660	29.31800	562.415	521.280	179.931	531.074	301.344	164.677
14661	29.32000	562.142	521.077	179.914	530.882	301.506	164.661
14662	29.32200	561.863	520.819	179.991	530.548	301.670	164.739
14663	29.32400	561.641	520.575	180.018	530.240	301.852	164.820
14664	29.32600	561.366	520.368	179.973	530.042	302.018	164.756
14665	29.32800	561.074	520.157	179.940	529.857	302.175	164.677
14666	29.33000	560.837	519.927	179.971	529.497	302.304	164.653
14667	29.33200	560.598	519.699	179.999	529.135	302.454	164.659
14668	29.33400	560.296	519.439	180.046	528.939	302.628	164.689
14669	29.33600	559.976	519.243	179.953	528.799	302.826	164.734
14670	29.33800	559.776	519.033	179.952	528.477	302.970	164.791
14671	29.34000	559.510	518.829	179.936	528.124	303.089	164.794
14672	29.34200	559.256	518.587	180.015	527.911	303.227	164.723
14673	29.34400	558.943	518.332	180.059	527.802	303.385	164.681
14674	29.34600	558.713	518.112	179.981	527.452	303.554	164.716
14675	29.34800	558.452	517.907	179.966	527.016	303.752	164.750
14676	29.35000	558.193	517.683	179.984	526.871	303.909	164.743
14677	29.35200	557.952	517.431	180.027	526.666	304.063	164.711
14678	29.35400	557.660	517.173	180.042	526.398	304.186	164.708
14679	29.35600	557.400	516.983	179.999	526.035	304.304	164.713
14680	29.35800	557.157	516.763	179.953	525.873	304.468	164.691
14681	29.36000	556.925	516.545	179.965	525.653	304.686	164.690
14682	29.36200	556.594	516.295	180.028	525.347	304.864	164.741
14683	29.36400	556.297	516.051	180.078	524.965	305.011	164.713
14684	29.36600	556.088	515.860	179.983	524.743	305.152	164.671
14685	29.36800	555.802	515.648	179.983	524.544	305.297	164.658
14686	29.37000	555.534	515.434	179.983	524.310	305.439	164.686
14687	29.37200	555.270	515.185	180.078	523.980	305.616	164.810
14688	29.37400	555.003	514.942	180.104	523.682	305.799	164.853
14689	29.37600	554.715	514.736	180.029	523.489	305.957	164.773
14690	29.37800	554.430	514.531	180.014	523.280	306.103	164.754
14691	29.38000	554.200	514.294	180.030	522.814	306.243	164.705
14692	29.38200	553.918	514.050	180.088	522.557	306.410	164.675
14693	29.38400	553.608	513.806	180.107	522.429	306.589	164.691
14694	29.38600	553.343	513.610	180.016	522.170	306.772	164.771
14695	29.38800	553.117	513.391	180.000	521.776	306.910	164.802
14696	29.39000	552.818	513.180	179.999	521.524	307.035	164.799
14697	29.39200	552.524	512.921	180.078	521.393	307.182	164.744
14698	29.39400	552.268	512.675	180.109	521.123	307.343	164.729
14699	29.39600	552.008	512.472	180.032	520.689	307.521	164.737
14700	29.39800	551.724	512.260	180.001	520.472	307.715	164.789
14701	29.40000	551.471	512.037	180.019	520.273	307.888	164.786
14702	29.40200	551.260	511.775	180.080	520.044	308.029	164.744
14703	29.40400	550.962	511.534	180.098	519.680	308.129	164.754
14704	29.40600	550.641	511.321	180.005	519.459	308.243	164.775
14705	29.40800	550.414	511.119	179.960	519.214	308.433	164.767
14706	29.41000	550.159	510.890	179.992	519.021	308.632	164.776
14707	29.41200	549.857	510.624	180.054	518.684	308.805	164.760
14708	29.41400	549.513	510.391	180.088	518.307	308.945	164.753
14709	29.41600	549.344	510.191	179.979	518.105	309.095	164.691
14710	29.41800	549.058	509.978	179.980	517.967	309.243	164.635
14711	29.42000	548.752	509.767	179.980	517.646	309.370	164.697
14712	29.42200	548.479	509.511	180.058	517.258	309.539	164.768
14713	29.42400	548.250	509.266	180.088	517.080	309.710	164.804
14714	29.42600	547.962	509.060	180.014	516.918	309.888	164.787
14715	29.42800	547.663	508.856	180.000	516.599	310.027	164.748
14716	29.43000	547.434	508.630	179.999	516.156	310.174	164.683
14717	29.43200	547.177	508.383	180.062	516.009	310.331	164.678
14718	29.43400	546.846	508.124	180.080	515.794	310.524	164.702
14719	29.43600	546.565	507.927	179.990	515.497	310.696	164.768
14720	29.43800	546.350	507.726	179.976	515.168	310.823	164.792
14721	29.44000	546.070	507.512	179.978	514.948	310.957	164.802
14722	29.44200	545.742	507.236	180.090	514.746	311.115	164.724
14723	29.44400	545.501	506.991	180.090	514.484	311.265	164.733
14724	29.44600	545.264	506.794	180.032	514.140	311.446	164.701
14725	29.44800	544.988	506.582	180.003	513.853	311.664	164.771
14726	29.45000	544.714	506.362	180.019	513.664	311.834	164.737
14727	29.45200	544.502	506.100	180.082	513.465	311.947	164.724
14728	29.45400	544.195	505.858	180.101	513.086	312.058	164.747
14729	29.45600	543.906	505.651	180.029	512.825	312.202	164.771
14730	29.45800	543.648	505.459	179.967	512.639	312.373	164.772
14731	29.46000	543.410	505.246	180.000	512.468	312.570	164.855
14732	29.46200	543.108	504.981	180.065	512.008	312.758	164.842
14733	29.46400	542.794	504.730	180.101	511.721	312.904	164.788
14734	29.46600	542.573	504.531	180.021	511.577	313.043	164.718
14735	29.46800	542.293	504.317	179.995	511.366	313.186	164.710
14736	29.47000	542.012	504.093	180.016	510.978	313.341	164.740
14737	29.47200	541.752	503.849	180.107	510.703	313.505	164.825
14738	29.47400	541.487	503.594	180.124	510.579	313.683	164.847
14739	29.47600	541.199	503.386	180.054	510.317	313.837	164.849
14740	29.47800	540.949	503.199	180.011	509.898	313.985	164.783
14741	29.48000	540.701	502.974	180.041	509.649	314.138	164.750
14742	29.48200	540.433	502.716	180.092	509.487	314.316	164.734
14743	29.48400	540.105	502.464	180.129	509.273	314.508	164.794
14744	29.48600	539.866	502.270	180.038	508.942	314.669	164.851
14745	29.48800	539.591	502.051	179.993	508.660	314.788	164.892
14746	29.49000	539.338	501.846	180.012	508.439	314.923	164.866
14747	29.49200	539.059	501.580	180.110	508.237	315.064	164.793
14748	29.49400	538.842	501.317	180.113	507.947	315.215	164.761
14749	29.49600	538.529	501.112	180.038	507.558	315.410	164.768
14750	29.49800	538.260	500.899	180.011	507.360	315.617	164.759
14751	29.50000	538.030	500.670	180.046	507.185	315.777	164.714
14752	29.50200	537.781	500.425	180.110	506.945	315.898	164.753
14753	29.50400	537.455	500.167	180.099	506.547	316.011	164.773
14754	29.50600	537.177	499.966	180.014	506.321	316.147	164.781
14755	29.50800	536.951	499.758	179.983	506.193	316.316	164.786
14756	29.51000	536.684	499.546	179.986	505.975	316.503	164.858
14757	29.51200	536.406	499.306	180.068	505.502	316.706	164.811
14758	29.51400	536.117	499.031	180.090	505.264	316.846	164.771
14759	29.51600	535.934	498.839	180.029	505.148	316.994	164.717
14760	29.51800	535.612	498.643	180.002	504.895	317.128	164.730
14761	29.52000	535.337	498.420	180.023	504.476	317.286	164.789
14762	29.52200	535.113	498.176	180.087	504.270	317.451	164.876
14763	29.52400	534.873	497.919	180.139	504.155	317.629	164.897
14764	29.52600	534.520	497.705	180.049	503.846	317.779	164.871
14765	29.52800	534.261	497.518	180.007	503.410	317.948	164.722
14766	29.53000	534.044	497.291	180.040	503.218	318.103	164.686
14767	29.53200	533.760	497.043	180.108	503.048	318.274	164.687
14768	29.53400	533.405	496.766	180.099	502.780	318.449	164.750
14769	29.53600	533.170	496.572	180.040	502.426	318.604	164.817
14770	29.53800	532.932	496.377	180.014	502.233	318.730	164.885
14771	29.54000	532.641	496.165	180.016	501.999	318.883	164.853
14772	29.54200	532.355	495.900	180.114	501.744	319.006	164.818
14773	29.54400	532.141	495.637	180.119	501.462	319.182	164.767
14774	29.54600	531.849	495.422	180.064	501.101	319.390	164.785
14775	29.54800	531.548	495.236	180.020	500.915	319.599	164.808
14776	29.55000	531.302	495.007	180.055	500.727	319.742	164.802
14777	29.55200	531.072	494.770	180.106	500.474	319.861	164.809
14778	29.55400	530.777	494.511	180.129	500.077	319.975	164.828
14779	29.55600	530.439	494.305	180.056	499.869	320.128	164.832
14780	29.55800	530.234	494.113	180.028	499.738	320.307	164.853
14781	29.56000	529.970	493.908	180.018	499.401	320.526	164.884
14782	29.56200	529.678	493.652	180.101	498.981	320.702	164.830
14783	29.56400	529.377	493.372	180.136	498.826	320.850	164.740
14784	29.56600	529.150	493.177	180.078	498.716	321.000	164.718
14785	29.56800	528.850	492.980	180.052	498.350	321.127	164.779
14786	29.57000	528.561	492.778	180.040	497.955	321.278	164.856
14787	29.57200	528.329	492.535	180.103	497.819	321.460	164.942
14788	29.57400	528.036	492.260	180.157	497.603	321.631	164.942
14789	29.57600	527.728	492.052	180.119	497.290	321.769	164.906
14790	29.57800	527.442	491.886	180.042	496.904	321.930	164.779
14791	29.58000	527.214	491.677	180.044	496.738	322.086	164.741
14792	29.58200	526.930	491.418	180.069	496.511	322.277	164.734
14793	29.58400	526.577	491.125	180.124	496.243	322.451	164.835
14794	29.58600	526.351	490.916	180.063	495.913	322.587	164.875
14795	29.58800	526.075	490.737	180.037	495.647	322.714	164.902
14796	29.59000	525.825	490.524	180.044	495.438	322.855	164.828
14797	29.59200	525.537	490.261	180.079	495.206	322.992	164.797
14798	29.59400	525.303	489.981	180.148	494.801	323.199	164.708
14799	29.59600	524.990	489.775	180.108	494.528	323.389	164.737
14800	29.59800	524.656	489.595	180.020	494.386	323.569	164.755
14801	29.60000	524.443	489.377	180.039	494.188	323.703	164.805
14802	29.60200	524.182	489.121	180.030	493.768	323.830	164.791
14803	29.60400	523.908	488.854	180.071	493.495	323.930	164.808
14804	29.60600	523.551	488.641	180.075	493.366	324.089	164.802
14805	29.60800	523.328	488.459	180.029	493.126	324.270	164.853
14806	29.61000	523.055	488.244	180.007	492.727	324.503	164.814
14807	29.61200	522.747	487.988	180.030	492.431	324.655	164.783
14808	29.61400	522.488	487.701	180.080	492.323	324.821	164.726
14809	29.61600	522.231	487.488	180.087	492.056	324.948	164.717
14810	29.61800	521.940	487.308	180.031	491.720	325.072	164.751
14811	29.62000	521.680	487.113	180.005	491.436	325.211	164.822
14812	29.62200	521.448	486.853	180.009	491.232	325.421	164.878
14813	29.62400	521.163	486.586	180.082	490.986	325.590	164.848
14814	29.62600	520.824	486.353	180.059	490.700	325.740	164.785
14815	29.62800	520.557	486.203	180.014	490.370	325.912	164.707
14816	29.63000	520.304	485.983	180.004	490.145	326.066	164.675
14817	29.63200	520.060	485.743	180.029	489.976	326.238	164.677
14818	29.63400	519.761	485.461	180.069	489.719	326.401	164.837
14819	29.63600	519.501	485.235	180.102	489.354	326.559	164.899
14820	29.63800	519.219	485.054	180.048	489.123	326.686	164.893
14821	29.64000	518.928	484.873	180.057	488.970	326.827	164.855
14822	29.64200	518.706	484.604	180.047	488.708	326.971	164.845
14823	29.64400	518.459	484.332	180.101	488.275	327.183	164.783
14824	29.64600	518.141	484.117	180.109	488.065	327.391	164.808
14825	29.64800	517.848	483.936	180.087	487.961	327.568	164.799
14826	29.65000	517.609	483.744	180.028	487.712	327.685	164.886
14827	29.65200	517.351	483.488	180.022	487.271	327.806	164.887
14828	29.65400	517.075	483.222	180.093	487.045	327.931	164.884
14829	29.65600	516.790	482.983	180.148	486.947	328.090	164.880
14830	29.65800	516.530	482.816	180.104	486.612	328.303	164.926
14831	29.66000	516.240	482.603	180.049	486.195	328.529	164.832
14832	29.66200	515.997	482.363	180.075	486.017	328.677	164.779
14833	29.66400	515.761	482.093	180.097	485.921	328.820	164.776
14834	29.66600	515.450	481.855	180.150	485.607	328.929	164.807
14835	29.66800	515.143	481.665	180.113	485.199	329.075	164.824
14836	29.67000	514.920	481.488	180.057	485.037	329.221	164.920
14837	29.67200	514.686	481.243	180.032	484.871	329.437	164.963
14838	29.67400	514.397	480.968	180.090	484.575	329.587	164.940
14839	29.67600	514.071	480.726	180.149	484.266	329.760	164.791
14840	29.67800	513.840	480.543	180.074	483.985	329.909	164.730
14841	29.68000	513.573	480.338	180.004	483.818	330.071	164.718
14842	29.68200	513.302	480.091	179.982	483.573	330.211	164.790
14843	29.68400	513.049	479.835	180.069	483.321	330.381	164.900
14844	29.68600	512.829	479.573	180.139	483.014	330.521	164.972
14845	29.68800	512.502	479.385	180.099	482.781	330.681	164.925
14846	29.69000	512.213	479.197	180.030	482.567	330.820	164.855
14847	29.69200	512.003	478.968	180.008	482.296	330.995	164.774
14848	29.69400	511.761	478.705	180.048	481.937	331.192	164.750
14849	29.69600	511.422	478.458	180.117	481.712	331.402	164.805
14850	29.69800	511.088	478.260	180.096	481.593	331.538	164.818
14851	29.70000	510.900	478.075	180.023	481.319	331.654	164.908
14852	29.70200	510.601	477.845	179.970	480.910	331.773	164.879
14853	29.70400	510.324	477.606	179.995	480.677	331.915	164.872
14854	29.70600	510.066	477.343	180.097	480.560	332.098	164.815
14855	29.70800	509.801	477.132	180.104	480.285	332.314	164.820
14856	29.71000	509.480	476.935	180.019	479.821	332.540	164.800
14857	29.71200	509.234	476.720	179.999	479.652	332.671	164.750
14858	29.71400	509.016	476.486	180.021	479.554	332.798	164.783
14859	29.71600	508.713	476.230	180.139	479.226	332.907	164.851
14860	29.71800	508.375	476.033	180.148	478.820	333.054	164.866
14861	29.72000	508.114	475.828	180.047	478.638	333.235	164.954
14862	29.72200	507.904	475.600	179.994	478.524	333.439	164.956
14863	29.72400	507.575	475.379	180.017	478.151	333.612	164.914
14864	29.72600	507.290	475.131	180.121	477.779	333.784	164.765
14865	29.72800	507.052	474.903	180.160	477.602	333.925	164.766
14866	29.73000	506.792	474.715	180.092	477.446	334.071	164.790
14867	29.73200	506.462	474.484	180.007	477.127	334.210	164.896
14868	29.73400	506.230	474.256	180.047	476.790	334.384	164.961
14869	29.73600	505.976	473.994	180.118	476.601	334.526	164.994
14870	29.73800	505.656	473.763	180.159	476.354	334.702	164.913
14871	29.74000	505.321	473.556	180.061	476.069	334.854	164.813
14872	29.74200	505.111	473.363	180.006	475.831	335.031	164.730
14873	29.74400	504.837	473.124	180.001	475.503	335.223	164.753
14874	29.74600	504.529	472.878	180.102	475.309	335.409	164.829
14875	29.74800	504.238	472.640	180.159	475.117	335.530	164.945
14876	29.75000	504.008	472.429	180.105	474.850	335.650	164.953
14877	29.75200	503.703	472.232	180.020	474.433	335.789	164.952
14878	29.75400	503.424	472.010	180.015	474.227	335.948	164.909
14879	29.75600	503.198	471.768	180.114	474.066	336.138	164.870
14880	29.75800	502.914	471.530	180.171	473.757	336.375	164.867
14881	29.76000	502.588	471.315	180.120	473.372	336.556	164.842
14882	29.76200	502.314	471.127	180.021	473.237	336.674	164.859
14883	29.76400	502.093	470.909	180.012	473.099	336.783	164.896
14884	29.76600	501.798	470.654	180.069	472.728	336.907	164.928
14885	29.76800	501.492	470.424	180.142	472.338	337.062	164.927
14886	29.77000	501.222	470.184	180.107	472.189	337.259	164.981
14887	29.77200	500.968	469.989	180.023	472.007	337.488	164.925
14888	29.77400	500.658	469.777	179.999	471.642	337.648	164.840
14889	29.77600	500.408	469.540	180.087	471.318	337.797	164.748
14890	29.77800	500.182	469.278	180.160	471.193	337.933	164.797
14891	29.78000	499.866	469.047	180.140	470.984	338.074	164.867
14892	29.78200	499.531	468.849	180.026	470.655	338.202	164.964
14893	29.78400	499.308	468.646	179.989	470.350	338.384	165.011
14894	29.78600	499.099	468.411	180.011	470.083	338.542	165.006
14895	29.78800	498.747	468.155	180.102	469.861	338.714	164.864
14896	29.79000	498.416	467.904	180.086	469.626	338.875	164.782
14897	29.79200	498.202	467.737	180.013	469.424	339.029	164.751
14898	29.79400	497.943	467.524	179.962	469.029	339.208	164.805
14899	29.79600	497.644	467.313	180.001	468.855	339.375	164.888
14900	29.79800	497.368	467.042	180.059	468.664	339.493	164.975
14901	29.80000	497.120	466.778	180.103	468.355	339.650	164.971
14902	29.80200	496.781	466.581	179.987	467.939	339.784	164.910
14903	29.80400	496.482	466.392	179.984	467.788	339.973	164.803
14904	29.80600	496.283	466.176	180.006	467.626	340.173	164.779
14905	29.80800	496.048	465.929	180.082	467.295	340.397	164.838
14906	29.81000	495.698	465.663	180.063	466.945	340.536	164.840
14907	29.81200	495.395	465.457	180.030	466.823	340.645	164.877
14908	29.81400	495.182	465.299	179.972	466.658	340.755	164.947
14909	29.81600	494.905	465.095	179.999	466.275	340.895	164.943
14910	29.81800	494.602	464.831	180.075	465.900	341.075	164.925
14911	29.82000	494.370	464.567	180.119	465.776	341.305	164.942
14912	29.82200	494.100	464.355	180.099	465.576	341.507	164.910
14913	29.82400	493.785	464.175	180.015	465.231	341.655	164.890
14914	29.82600	493.536	463.972	180.041	464.920	341.789	164.834
14915	29.82800	493.327	463.719	180.067	464.803	341.907	164.886
14916	29.83000	493.031	463.444	180.131	464.600	342.047	164.959
14917	29.83200	492.678	463.221	180.097	464.240	342.217	165.033
14918	29.83400	492.429	463.060	180.043	463.931	342.413	165.016
14919	29.83600	492.196	462.867	180.021	463.765	342.602	164.945
14920	29.83800	491.929	462.627	180.051	463.545	342.774	164.803
14921	29.84000	491.631	462.355	180.111	463.221	342.913	164.803
14922	29.84200	491.394	462.109	180.123	462.944	343.075	164.792
14923	29.84400	491.117	461.921	180.057	462.754	343.234	164.930
14924	29.84600	490.814	461.752	180.050	462.542	343.386	165.046
14925	29.84800	490.584	461.515	180.077	462.261	343.507	165.054
14926	29.85000	490.340	461.244	180.137	462.045	343.659	164.992
14927	29.85200	490.037	460.996	180.152	461.654	343.837	164.907
14928	29.85400	489.677	460.815	180.102	461.467	344.037	164.810
14929	29.85600	489.471	460.639	180.046	461.239	344.205	164.857
14930	29.85800	489.213	460.409	180.060	461.072	344.393	164.931
14931	29.86000	488.943	460.135	180.093	460.661	344.527	164.978
14932	29.86200	488.629	459.881	180.151	460.506	344.628	164.996
14933	29.86400	488.391	459.678	180.116	460.270	344.741	165.021
14934	29.86600	488.100	459.507	180.048	460.033	344.912	164.956
14935	29.86800	487.820	459.277	180.030	459.573	345.117	164.879
14936	29.87000	487.616	459.015	180.075	459.449	345.344	164.830
14937	29.87200	487.325	458.751	180.151	459.274	345.505	164.894
14938	29.87400	487.014	458.545	180.119	458.993	345.646	164.891
14939	29.87600	486.720	458.367	180.066	458.605	345.741	164.885
14940	29.87800	486.495	458.156	179.983	458.469	345.860	164.935
14941	29.88000	486.233	457.908	180.030	458.310	346.003	165.002
14942	29.88200	485.944	457.653	180.091	457.948	346.217	165.049
14943	29.88400	485.655	457.424	180.135	457.554	346.429	164.961
14944	29.88600	485.382	457.256	180.064	457.430	346.617	164.859
14945	29.88800	485.120	457.033	180.033	457.300	346.765	164.807
14946	29.89000	484.834	456.795	180.061	456.932	346.891	164.837
14947	29.89200	484.633	456.544	180.151	456.624	347.031	164.875
14948	29.89400	484.315	456.305	180.181	456.471	347.178	165.004
14949	29.89600	484.015	456.125	180.131	456.274	347.354	165.102
14950	29.89800	483.722	455.921	180.033	455.913	347.500	165.055
14951	29.90000	483.523	455.702	180.028	455.702	347.677	164.940
14952	29.90200	483.220	455.438	180.107	455.400	347.861	164.844
14953	29.90400	482.886	455.208	180.152	455.198	348.049	164.810
14954	29.90600	482.641	455.013	180.101	454.916	348.184	164.891
14955	29.90800	482.378	454.817	180.051	454.739	348.357	165.001
14956	29.91000	482.083	454.579	180.017	454.394	348.489	165.054
14957	29.91200	481.833	454.342	180.077	454.173	348.598	165.051
14958	29.91400	481.592	454.081	180.185	453.909	348.743	165.008
14959	29.91600	481.289	453.884	180.137	453.697	348.937	164.892
14960	29.91800	480.969	453.677	180.043	453.307	349.167	164.798
14961	29.92000	480.735	453.465	179.992	453.130	349.365	164.813
14962	29.92200	480.493	453.230	180.051	452.938	349.492	164.916
14963	29.92400	480.189	452.973	180.147	452.735	349.607	164.940
14964	29.92600	479.844	452.768	180.145	452.256	349.714	164.975
14965	29.92800	479.616	452.565	180.047	452.130	349.848	164.990
14966	29.93000	479.331	452.352	179.998	451.918	350.015	165.007
14967	29.93200	479.054	452.123	180.043	451.628	350.275	164.955
14968	29.93400	478.792	451.888	180.133	451.216	350.488	164.862
14969	29.93600	478.509	451.642	180.179	451.091	350.636	164.813
14970	29.93800	478.217	451.445	180.099	450.944	350.744	164.853
14971	29.94000	477.880	451.239	180.003	450.554	350.855	164.916
14972	29.94200	477.687	451.021	180.030	450.215	351.011	164.951
14973	29.94400	477.399	450.793	180.105	450.080	351.177	165.076
14974	29.94600	477.080	450.546	180.153	449.858	351.365	165.113
14975	29.94800	476.759	450.332	180.105	449.488	351.543	164.994
14976	29.95000	476.555	450.138	180.022	449.213	351.725	164.835
14977	29.95200	476.247	449.934	180.020	449.047	351.889	164.786
14978	29.95400	475.959	449.688	180.098	448.795	352.027	164.824
14979	29.95600	475.713	449.444	180.143	448.524	352.156	164.957
14980	29.95800	475.435	449.205	180.144	448.325	352.336	165.050
14981	29.96000	475.112	449.016	180.047	447.991	352.485	165.067
14982	29.96200	474.864	448.821	180.029	447.766	352.632	164.980
14983	29.96400	474.655	448.595	180.072	447.465	352.808	164.870
14984	29.96600	474.354	448.330	180.123	447.307	352.998	164.801
14985	29.96800	474.006	448.081	180.109	446.928	353.189	164.793
14986	29.97000	473.750	447.902	180.028	446.771	353.355	164.878
14987	29.97200	473.509	447.707	179.979	446.538	353.474	165.000
14988	29.97400	473.227	447.496	180.023	446.342	353.588	165.027
14989	29.97600	472.948	447.233	180.072	445.868	353.701	165.011
14990	29.97800	472.708	446.979	180.135	445.729	353.875	164.942
14991	29.98000	472.426	446.783	180.086	445.468	354.096	164.839
14992	29.98200	472.109	446.604	180.036	445.240	354.324	164.823
14993	29.98400	471.844	446.393	180.018	444.823	354.508	164.832
14994	29.98600	471.651	446.140	180.049	444.749	354.625	164.853
14995	29.98800	471.311	445.866	180.085	444.552	354.709	164.946
14996	29.99000	470.987	445.661	180.085	444.201	354.842	164.960
14997	29.99200	470.729	445.492	180.017	443.834	354.990	164.979
14998	29.99400	470.495	445.307	180.013	443.687	355.212	165.016
14999	29.99600	470.222	445.051	180.015	443.496	355.445	164.956
15000	29.99800	469.934	444.787	180.065	443.136	355.628	164.895
15001	30.00000	469.677	444.551	180.127	442.873	355.764	164.839
15002	30.00200	469.416	444.380	180.063	442.704	355.887	164.845
15003	30.00400	469.097	444.203	180.044	442.528	356.009	164.957
15004	30.00600	468.877	443.966	180.044	442.155	356.162	165.034
15005	30.00800	468.653	443.711	180.077	441.973	356.350	165.110
15006	30.01000	468.312	443.455	180.112	441.690	356.521	165.083
15007	30.01200	468.021	443.276	180.128	441.436	356.725	164.908
15008	30.01400	467.794	443.107	180.061	441.148	356.878	164.813
15009	30.01600	467.555	442.885	180.032	440.988	357.027	164.799
15010	30.01800	467.262	442.631	180.065	440.717	357.186	164.868
15011	30.02000	467.006	442.375	180.101	440.526	357.347	165.032
15012	30.02200	466.761	442.165	180.144	440.206	357.472	165.102
15013	30.02400	466.477	441.994	180.081	440.005	357.611	165.076
15014	30.02600	466.161	441.780	180.036	439.693	357.770	165.004
15015	30.02800	465.968	441.526	180.037	439.439	357.987	164.871
15016	30.03000	465.701	441.282	180.115	439.169	358.169	164.852
15017	30.03200	465.407	441.061	180.148	439.027	358.367	164.942
15018	30.03400	465.067	440.881	180.132	438.740	358.517	164.998
15019	30.03600	464.839	440.695	180.034	438.474	358.619	165.041
15020	30.03800	464.606	440.465	180.022	438.247	358.709	165.086
15021	30.04000	464.303	440.211	180.085	438.007	358.874	165.072
15022	30.04200	464.022	439.992	180.149	437.621	359.071	165.019
15023	30.04400	463.767	439.789	180.148	437.392	359.315	164.934
15024	30.04600	463.498	439.600	180.054	437.206	359.507	164.931
15025	30.04800	463.181	439.378	180.026	437.028	359.648	164.936
15026	30.05000	462.985	439.152	180.071	436.629	359.770	164.939
15027	30.05200	462.735	438.907	180.151	436.446	359.870	164.993
15028	30.05400	462.426	438.703	180.183	436.265	359.989	165.080
15029	30.05600	462.106	438.496	180.093	436.021	360.182	165.111
15030	30.05800	461.892	438.301	180.012	435.697	360.394	165.094
15031	30.06000	461.648	438.081	180.045	435.391	360.604	164.947
15032	30.06200	461.353	437.844	180.109	435.273	360.750	164.869
15033	30.06400	461.065	437.607	180.173	435.032	360.882	164.893
15034	30.06600	460.805	437.386	180.112	434.724	360.999	164.905
15035	30.06800	460.514	437.197	180.020	434.424	361.133	164.993
15036	30.07000	460.210	436.967	180.006	434.313	361.306	165.102
15037	30.07200	460.020	436.732	180.068	433.941	361.473	165.117
15038	30.07400	459.739	436.496	180.164	433.688	361.652	164.998
15039	30.07600	459.425	436.265	180.120	433.373	361.835	164.842
15040	30.07800	459.097	436.058	180.030	433.273	362.001	164.790
15041	30.08000	458.896	435.891	179.993	432.911	362.137	164.868
15042	30.08200	458.628	435.680	180.040	432.709	362.300	164.961
15043	30.08400	458.341	435.443	180.105	432.420	362.453	165.081
15044	30.08600	458.039	435.179	180.126	432.285	362.579	165.115
15045	30.08800	457.800	434.985	180.110	431.896	362.710	165.099
15046	30.09000	457.485	434.814	180.014	431.662	362.896	164.969
15047	30.09200	457.204	434.619	180.030	431.351	363.100	164.873
15048	30.09400	456.998	434.377	180.108	431.154	363.320	164.839
15049	30.09600	456.696	434.113	180.160	430.873	363.485	164.963
15050	30.09800	456.390	433.899	180.116	430.694	363.609	165.003
15051	30.10000	456.083	433.719	180.071	430.402	363.724	165.063
15052	30.10200	455.874	433.535	180.035	430.119	363.832	165.061
15053	30.10400	455.577	433.315	180.068	429.863	363.972	165.067
15054	30.10600	455.298	433.043	180.106	429.633	364.204	164.980
15055	30.10800	455.011	432.796	180.127	429.458	364.442	164.982
15056	30.11000	454.751	432.601	180.080	429.070	364.641	164.923
15057	30.11200	454.449	432.440	180.030	428.910	364.747	164.932
15058	30.11400	454.176	432.219	180.033	428.682	364.846	164.993
15059	30.11600	453.980	431.975	180.082	428.394	364.963	165.041
15060	30.11800	453.671	431.703	180.119	428.072	365.106	165.110
15061	30.12000	453.372	431.507	180.107	427.927	365.301	165.137
15062	30.12200	453.063	431.336	180.044	427.647	365.532	165.054
15063	30.12400	452.871	431.161	180.024	427.352	365.722	164.943
15064	30.12600	452.583	430.913	180.014	427.060	365.882	164.837
15065	30.12800	452.297	430.667	180.066	426.964	365.999	164.857
15066	30.13000	451.991	430.422	180.117	426.688	366.108	164.965
15067	30.13200	451.745	430.245	180.099	426.367	366.264	165.069
15068	30.13400	451.445	430.074	180.036	426.057	366.442	165.168
15069	30.13600	451.164	429.836	180.040	425.937	366.609	165.151
15070	30.13800	450.955	429.592	180.059	425.527	366.795	165.018
15071	30.14000	450.650	429.347	180.140	425.335	366.957	164.904
15072	30.14200	450.350	429.160	180.110	425.064	367.138	164.858
15073	30.14400	450.056	428.990	180.079	424.925	367.310	164.935
15074	30.14600	449.828	428.778	180.001	424.594	367.458	165.089
15075	30.14800	449.555	428.541	180.036	424.368	367.565	165.131
15076	30.15000	449.276	428.294	180.089	424.110	367.705	165.140
15077	30.15200	448.969	428.075	180.154	423.852	367.842	165.079
15078	30.15400	448.724	427.889	180.123	423.506	368.029	164.945
15079	30.15600	448.432	427.691	179.984	423.324	368.245	164.859
15080	30.15800	448.146	427.461	180.006	423.186	368.449	164.901
15081	30.16000	447.951	427.218	180.055	422.838	368.610	164.963
15082	30.16200	447.678	426.982	180.154	422.616	368.692	165.020
15083	30.16400	447.392	426.786	180.141	422.373	368.799	165.066
15084	30.16600	447.071	426.570	180.039	422.181	368.930	165.056
15085	30.16800	446.858	426.366	179.944	421.781	369.103	165.023
15086	30.17000	446.608	426.155	179.995	421.572	369.336	164.931
15087	30.17200	446.306	425.911	180.078	421.354	369.556	164.941
15088	30.17400	446.040	425.691	180.146	421.217	369.714	164.943
15089	30.17600	445.772	425.469	180.056	420.804	369.835	164.915
15090	30.17800	445.487	425.306	179.977	420.699	369.918	164.973
15091	30.18000	445.193	425.094	179.965	420.393	370.007	165.022
15092	30.18200	445.018	424.913	180.055	420.208	370.041	165.013
15093	30.18400	444.764	424.764	180.113	419.779	369.976	164.968
15094	30.18600	444.457	424.649	180.138	419.646	369.858	164.902
15095	30.18800	444.190	424.568	180.130	419.331	369.688	164.916
15096	30.19000	443.933	424.480	180.132	419.011	369.373	164.957
15097	30.19200	443.681	424.400	180.121	418.704	368.980	165.066
15098	30.19400	443.439	424.362	180.091	418.528	368.749	165.038
15099	30.19600	443.130	424.306	180.064	418.250	368.585	164.968
15100	30.19800	442.914	424.262	180.048	417.919	368.271	164.867
15101	30.20000	442.665	424.216	180.003	417.639	367.881	165.041
15102	30.20200	442.382	424.154	180.020	417.403	367.628	165.128
15103	30.20400	442.118	424.098	179.993	417.117	367.446	165.024
15104	30.20600	441.933	424.054	179.978	416.725	367.161	164.833
15105	30.20800	441.668	424.009	179.995	416.559	366.806	164.968
15106	30.21000	441.393	423.929	180.015	416.311	366.523	165.156
15107	30.21200	441.155	423.867	180.034	416.004	366.298	165.070
15108	30.21400	440.968	423.808	180.080	415.698	366.020	164.833
15109	30.21600	440.680	423.735	180.055	415.422	365.732	164.928
15110	30.21800	440.411	423.673	180.106	415.156	365.426	165.160
15111	30.22000	440.164	423.603	180.139	414.818	365.138	165.078
15112	30.22200	439.932	423.525	180.155	414.655	364.874	164.912
15113	30.22400	439.635	423.462	180.176	414.318	364.644	164.950
15114	30.22600	439.399	423.399	180.165	414.031	364.319	165.152
15115	30.22800	439.108	423.328	180.168	413.742	363.965	165.149
15116	30.23000	438.846	423.266	180.152	413.588	363.737	165.007
15117	30.23200	438.579	423.211	180.122	413.172	363.514	164.991
15118	30.23400	438.315	423.148	180.112	412.939	363.219	165.099
15119	30.23600	438.065	423.084	180.068	412.662	362.823	165.150
15120	30.23800	437.849	423.040	180.051	412.430	362.564	165.075
15121	30.24000	437.554	422.993	180.006	412.086	362.391	164.988
15122	30.24200	437.280	422.930	180.025	411.878	362.105	164.940
15123	30.24400	437.058	422.868	180.012	411.564	361.695	165.055
15124	30.24600	436.843	422.824	179.995	411.274	361.424	165.107
15125	30.24800	436.563	422.769	180.000	411.012	361.233	165.027
15126	30.25000	436.294	422.699	180.034	410.695	360.966	164.838
15127	30.25200	436.085	422.629	180.067	410.458	360.592	164.940
15128	30.25400	435.877	422.560	180.067	410.168	360.294	165.159
15129	30.25600	435.596	422.496	180.090	409.961	360.076	165.068
15130	30.25800	435.305	422.434	180.107	409.600	359.807	164.845
15131	30.26000	435.059	422.364	180.109	409.327	359.502	164.903
15132	30.26200	434.820	422.267	180.130	409.063	359.195	165.144
15133	30.26400	434.546	422.213	180.134	408.872	358.910	165.095
15134	30.26600	434.249	422.149	180.089	408.478	358.641	164.867
15135	30.26800	434.010	422.070	180.110	408.215	358.395	164.904
15136	30.27000	433.749	422.025	180.093	407.969	358.096	165.097
15137	30.27200	433.499	421.961	180.050	407.668	357.732	165.078
15138	30.27400	433.197	421.915	180.037	407.385	357.494	164.919
15139	30.27600	432.949	421.862	180.036	407.119	357.291	164.938
15140	30.27800	432.721	421.825	180.005	406.869	357.012	165.015
15141	30.28000	432.425	421.779	179.991	406.469	356.595	165.002
15142	30.28200	432.145	421.725	179.994	406.319	356.349	165.007
15143	30.28400	431.926	421.665	180.008	406.000	356.161	164.991
15144	30.28600	431.713	421.629	180.008	405.726	355.874	164.910
15145	30.28800	431.432	421.566	180.028	405.373	355.482	165.024
15146	30.29000	431.142	421.477	180.033	405.219	355.213	165.114
15147	30.29200	430.962	421.427	180.095	404.903	355.024	165.064
15148	30.29400	430.702	421.365	180.111	404.602	354.741	164.901
15149	30.29600	430.412	421.303	180.131	404.294	354.392	164.995
15150	30.29800	430.138	421.239	180.120	404.092	354.093	165.184
15151	30.30000	429.944	421.152	180.124	403.770	353.858	165.094
15152	30.30200	429.668	421.072	180.143	403.417	353.596	164.856
15153	30.30400	429.379	421.017	180.114	403.209	353.308	164.918
15154	30.30600	429.089	420.963	180.118	402.943	352.976	165.145
15155	30.30800	428.873	420.883	180.107	402.676	352.690	165.096
15156	30.31000	428.606	420.829	180.077	402.337	352.438	164.872
15157	30.31200	428.348	420.783	180.062	402.117	352.209	164.874
15158	30.31400	428.054	420.737	180.050	401.796	351.876	165.103
15159	30.31600	427.837	420.684	180.018	401.596	351.542	165.127
15160	30.31800	427.595	420.646	179.988	401.249	351.303	164.978
15161	30.32000	427.305	420.593	179.989	400.991	351.072	164.949
15162	30.32200	427.054	420.531	180.040	400.694	350.785	165.046
15163	30.32400	426.851	420.488	180.052	400.480	350.398	165.079
15164	30.32600	426.586	420.425	180.039	400.148	350.120	165.016
15165	30.32800	426.305	420.371	180.043	399.865	349.925	165.013
15166	30.33000	426.068	420.309	180.063	399.615	349.657	164.967
15167	30.33200	425.873	420.240	180.094	399.303	349.287	165.001
15168	30.33400	425.591	420.178	180.111	399.061	348.984	165.093
15169	30.33600	425.340	420.115	180.101	398.806	348.789	165.094
15170	30.33800	425.072	420.043	180.106	398.537	348.523	164.936
15171	30.34000	424.849	419.964	180.092	398.173	348.169	164.933
15172	30.34200	424.581	419.893	180.096	397.982	347.863	165.139
15173	30.34400	424.338	419.847	180.083	397.746	347.633	165.150
15174	30.34600	424.056	419.766	180.074	397.459	347.347	164.929
15175	30.34800	423.824	419.704	180.059	397.064	347.070	164.897
15176	30.35000	423.550	419.659	180.045	396.884	346.748	165.141
15177	30.35200	423.314	419.613	180.031	396.660	346.455	165.113
15178	30.35400	423.011	419.559	180.035	396.374	346.168	164.891
15179	30.35600	422.818	419.514	180.019	395.992	345.963	164.880
15180	30.35800	422.568	419.468	179.973	395.812	345.657	165.091
15181	30.36000	422.334	419.423	179.992	395.589	345.269	165.096
15182	30.36200	422.043	419.353	180.027	395.285	345.030	164.945
15183	30.36400	421.849	419.292	180.042	394.942	344.843	164.931
15184	30.36600	421.590	419.247	180.026	394.747	344.557	165.029
15185	30.36800	421.355	419.210	180.030	394.480	344.143	165.052
15186	30.37000	421.079	419.140	180.065	394.131	343.902	165.016
15187	30.37200	420.863	419.070	180.064	393.877	343.715	164.999
15188	30.37400	420.627	419.017	180.066	393.662	343.402	164.944
15189	30.37600	420.361	418.944	180.041	393.386	343.033	164.976
15190	30.37800	420.085	418.899	180.057	393.050	342.791	165.082
15191	30.38000	419.870	418.829	180.060	392.859	342.560	165.059
15192	30.38200	419.633	418.767	180.079	392.568	342.234	164.927
15193	30.38400	419.358	418.695	180.084	392.301	341.952	164.942
15194	30.38600	419.092	418.658	180.054	391.977	341.679	165.119
15195	30.38800	418.844	418.597	180.071	391.809	341.396	165.106
15196	30.39000	418.616	418.552	180.089	391.496	341.095	164.953
15197	30.39200	418.356	418.507	180.074	391.213	340.865	164.958
15198	30.39400	418.069	418.452	180.078	390.912	340.590	165.106
15199	30.39600	417.847	418.407	180.063	390.728	340.239	165.137
15200	30.39800	417.610	418.362	180.049	390.430	339.957	165.012
15201	30.40000	417.344	418.326	180.050	390.147	339.770	164.995
15202	30.40200	417.078	418.263	180.070	389.853	339.467	165.102
15203	30.40400	416.869	418.211	180.069	389.655	339.073	165.157
15204	30.40600	416.656	418.175	180.070	389.349	338.822	165.104
15205	30.40800	416.366	418.138	180.071	388.998	338.656	165.009
15206	30.41000	416.091	418.076	180.090	388.783	338.338	165.004
15207	30.41200	415.883	418.006	180.089	388.562	337.946	165.088
15208	30.41400	415.693	417.952	180.095	388.270	337.700	165.130
15209	30.41600	415.410	417.899	180.097	387.918	337.518	165.040
15210	30.41800	415.113	417.836	180.083	387.689	337.203	164.954
15211	30.42000	414.898	417.765	180.085	387.438	336.873	165.041
15212	30.42200	414.715	417.712	180.089	387.189	336.589	165.172
15213	30.42400	414.386	417.640	180.092	386.847	336.344	165.077
15214	30.42600	414.127	417.595	180.077	386.604	336.062	164.952
15215	30.42800	413.882	417.541	180.080	386.336	335.765	165.003
15216	30.43000	413.644	417.472	180.114	386.089	335.471	165.119
15217	30.43200	413.377	417.426	180.099	385.761	335.178	165.097
15218	30.43400	413.088	417.381	180.085	385.505	334.906	164.984
15219	30.43600	412.835	417.336	180.102	385.249	334.659	164.999
15220	30.43800	412.591	417.290	180.055	385.004	334.362	165.051
15221	30.44000	412.339	417.254	180.055	384.684	334.028	165.084
15222	30.44200	412.050	417.200	180.057	384.432	333.752	165.054
15223	30.44400	411.845	417.164	180.059	384.155	333.521	165.032
15224	30.44600	411.628	417.111	180.058	383.925	333.237	165.021
15225	30.44800	411.348	417.066	180.044	383.605	332.905	165.084
15226	30.45000	411.087	417.004	180.062	383.360	332.598	165.124
15227	30.45200	410.895	416.943	180.113	383.075	332.374	165.085
15228	30.45400	410.674	416.898	180.065	382.734	332.120	164.976
15229	30.45600	410.370	416.852	180.050	382.527	331.771	165.040
15230	30.45800	410.118	416.798	180.054	382.267	331.460	165.159
15231	30.46000	409.881	416.727	180.057	381.998	331.226	165.107
15232	30.46200	409.673	416.666	180.072	381.624	330.987	164.964
15233	30.46400	409.376	416.612	180.073	381.390	330.661	164.974
15234	30.46600	409.131	416.559	180.110	381.159	330.362	165.139
15235	30.46800	408.849	416.513	180.064	380.889	330.078	165.129
15236	30.47000	408.632	416.452	180.078	380.524	329.837	164.955
15237	30.47200	408.333	416.391	180.128	380.264	329.563	164.956
15238	30.47400	408.105	416.345	180.116	380.036	329.262	165.089
15239	30.47600	407.807	416.291	180.118	379.832	328.939	165.138
15240	30.47800	407.599	416.256	180.117	379.446	328.672	164.983
15241	30.48000	407.323	416.202	180.118	379.171	328.442	164.991
15242	30.48200	407.104	416.157	180.105	378.987	328.148	165.079
15243	30.48400	406.792	416.111	180.091	378.748	327.787	165.100
15244	30.48600	406.591	416.075	180.090	378.375	327.528	165.071
15245	30.48800	406.349	416.038	180.059	378.100	327.324	165.059
15246	30.49000	406.097	415.994	180.076	377.914	327.024	165.056
15247	30.49200	405.808	415.948	180.062	377.640	326.678	165.040
15248	30.49400	405.608	415.878	180.063	377.283	326.398	165.094
15249	30.49600	405.381	415.859	180.062	377.060	326.157	165.061
15250	30.49800	405.122	415.805	180.066	376.798	325.858	164.944
15251	30.50000	404.838	415.744	180.081	376.525	325.574	164.932
15252	30.50200	404.631	415.682	180.098	376.212	325.301	165.081
15253	30.50400	404.442	415.628	180.072	376.019	324.993	165.095
15254	30.50600	404.153	415.582	180.058	375.720	324.711	164.973
15255	30.50800	403.855	415.519	180.044	375.405	324.479	164.952
15256	30.51000	403.647	415.458	180.061	375.156	324.194	165.057
15257	30.51200	403.455	415.406	180.095	374.941	323.836	165.111
15258	30.51400	403.158	415.351	180.065	374.650	323.566	165.035
15259	30.51600	402.860	415.315	180.064	374.317	323.367	164.978
15260	30.51800	402.637	415.261	180.068	374.108	323.078	165.020
15261	30.52000	402.429	415.201	180.118	373.871	322.714	165.122
15262	30.52200	402.163	415.146	180.089	373.579	322.440	165.127
15263	30.52400	401.872	415.118	180.072	373.242	322.250	165.055
15264	30.52600	401.635	415.065	180.107	373.013	321.928	164.991
15265	30.52800	401.421	415.020	180.093	372.770	321.588	165.071
15266	30.53000	401.168	414.984	180.092	372.508	321.301	165.143
15267	30.53200	400.879	414.939	180.077	372.179	321.074	165.048
15268	30.53400	400.644	414.893	180.065	371.911	320.792	164.928
15269	30.53600	400.460	414.857	180.065	371.682	320.478	164.988
15270	30.53800	400.164	414.820	180.033	371.459	320.195	165.124
15271	30.54000	399.905	414.766	180.035	371.146	319.900	165.074
15272	30.54200	399.677	414.722	180.054	370.853	319.646	164.965
15273	30.54400	399.500	414.696	180.067	370.610	319.374	165.000
15274	30.54600	399.204	414.649	180.021	370.410	319.079	165.092
15275	30.54800	398.953	414.596	180.024	370.105	318.754	165.112
15276	30.55000	398.724	414.516	180.047	369.805	318.494	165.052
15277	30.55200	398.547	414.472	180.061	369.559	318.255	165.051
15278	30.55400	398.266	414.418	180.032	369.354	317.954	165.046
15279	30.55600	397.999	414.382	180.032	369.042	317.638	165.081
15280	30.55800	397.770	414.328	180.038	368.758	317.365	165.086
15281	30.56000	397.586	414.267	180.054	368.504	317.124	165.055
15282	30.56200	397.326	414.213	180.055	368.274	316.829	165.002
15283	30.56400	397.043	414.168	180.072	367.972	316.528	165.000
15284	30.56600	396.822	414.123	180.060	367.733	316.236	165.123
15285	30.56800	396.592	414.079	180.077	367.455	315.951	165.086
15286	30.57000	396.339	414.000	180.096	367.201	315.696	164.978
15287	30.57200	396.073	413.972	180.081	366.900	315.423	164.985
15288	30.57400	395.822	413.936	180.082	366.693	315.121	165.094
15289	30.57600	395.577	413.882	180.084	366.429	314.803	165.098
15290	30.57800	395.355	413.829	180.087	366.144	314.541	165.007
15291	30.58000	395.111	413.801	180.070	365.842	314.310	164.990
15292	30.58200	394.855	413.774	180.087	365.644	314.003	165.036
15293	30.58400	394.618	413.738	180.087	365.387	313.667	165.156
15294	30.58600	394.381	413.710	180.070	365.093	313.407	165.097
15295	30.58800	394.137	413.673	180.039	364.784	313.182	165.032
15296	30.59000	393.910	413.629	180.058	364.602	312.881	165.029
15297	30.59200	393.680	413.585	180.106	364.347	312.535	165.134
15298	30.59400	393.471	413.531	180.074	364.061	312.279	165.138
15299	30.59600	393.167	413.494	180.043	363.720	312.027	165.064
15300	30.59800	392.954	413.432	180.065	363.530	311.749	165.008
15301	30.60000	392.716	413.370	180.083	363.293	311.427	165.089
15302	30.60200	392.485	413.317	180.079	363.009	311.140	165.164
15303	30.60400	392.234	413.272	180.067	362.696	310.871	165.095
15304	30.60600	392.014	413.228	180.087	362.451	310.611	165.036
15305	30.60800	391.731	413.165	180.074	362.215	310.322	165.078
15306	30.61000	391.500	413.111	180.071	361.956	310.008	165.142
15307	30.61200	391.278	413.059	180.105	361.650	309.726	165.141
15308	30.61400	391.027	413.005	180.110	361.374	309.461	165.020
15309	30.61600	390.768	412.960	180.095	361.115	309.187	165.027
15310	30.61800	390.514	412.916	180.109	360.901	308.881	165.074
15311	30.62000	390.292	412.854	180.128	360.604	308.574	165.094
15312	30.62200	390.064	412.818	180.130	360.319	308.316	165.068
15313	30.62400	389.782	412.781	180.099	360.036	308.047	165.026
15314	30.62600	389.522	412.736	180.116	359.852	307.754	165.009
15315	30.62800	389.316	412.691	180.102	359.565	307.442	165.077
15316	30.63000	389.080	412.655	180.103	359.266	307.160	165.103
15317	30.63200	388.798	412.627	180.086	358.995	306.883	165.051
15318	30.63400	388.532	412.574	180.088	358.773	306.615	165.011
15319	30.63600	388.346	412.537	180.057	358.488	306.324	165.024
15320	30.63800	388.089	412.526	180.039	358.220	306.020	165.104
15321	30.64000	387.814	412.482	180.055	357.939	305.728	165.089
15322	30.64200	387.554	412.419	180.042	357.685	305.493	165.010
15323	30.64400	387.393	412.383	180.043	357.388	305.199	164.990
15324	30.64600	387.119	412.347	180.042	357.167	304.886	165.057
15325	30.64800	386.813	412.302	180.025	356.894	304.581	165.109
15326	30.65000	386.577	412.231	180.031	356.579	304.328	165.033
15327	30.65200	386.424	412.195	180.031	356.287	304.067	164.976
15328	30.65400	386.149	412.151	180.046	356.096	303.760	164.994
15329	30.65600	385.851	412.105	180.030	355.833	303.449	165.094
15330	30.65800	385.622	412.053	180.065	355.511	303.173	165.071
15331	30.66000	385.439	411.999	180.068	355.223	302.928	164.982
15332	30.66200	385.179	411.955	180.082	355.032	302.655	164.993
15333	30.66400	384.896	411.901	180.083	354.758	302.334	165.076
15334	30.66600	384.659	411.857	180.102	354.472	302.043	165.092
15335	30.66800	384.437	411.804	180.106	354.182	301.775	165.025
15336	30.67000	384.192	411.750	180.106	353.952	301.514	164.969
15337	30.67200	383.902	411.706	180.122	353.695	301.217	165.030
15338	30.67400	383.681	411.678	180.108	353.447	300.903	165.069
15339	30.67600	383.437	411.634	180.126	353.157	300.638	165.066
15340	30.67800	383.198	411.580	180.127	352.859	300.367	164.994
15341	30.68000	382.962	411.552	180.111	352.631	300.094	165.004
15342	30.68200	382.704	411.515	180.081	352.423	299.779	165.042
15343	30.68400	382.462	411.480	180.114	352.119	299.482	165.079
15344	30.68600	382.244	411.444	180.111	351.804	299.213	165.039
15345	30.68800	381.986	411.425	180.078	351.573	298.946	165.002
15346	30.69000	381.766	411.379	180.066	351.382	298.648	165.036
15347	30.69200	381.494	411.353	180.083	351.059	298.342	165.087
15348	30.69400	381.268	411.307	180.065	350.773	298.070	165.099
15349	30.69600	381.017	411.270	180.033	350.540	297.793	165.051
15350	30.69800	380.791	411.234	180.036	350.334	297.519	165.062
15351	30.70000	380.517	411.172	180.056	350.028	297.229	165.077
15352	30.70200	380.292	411.128	180.067	349.757	296.931	165.112
15353	30.70400	380.080	411.091	180.037	349.508	296.664	165.077
15354	30.70600	379.853	411.038	180.043	349.226	296.386	165.024
15355	30.70800	379.608	410.992	180.028	348.957	296.112	165.036
15356	30.71000	379.355	410.940	180.058	348.757	295.798	165.076
15357	30.71200	379.179	410.887	180.091	348.470	295.508	165.094
15358	30.71400	378.936	410.851	180.094	348.170	295.257	165.052
15359	30.71600	378.684	410.797	180.067	347.923	294.990	165.016
15360	30.71800	378.409	410.751	180.051	347.731	294.685	165.070
15361	30.72000	378.247	410.699	180.083	347.447	294.370	165.109
15362	30.72200	378.004	410.655	180.102	347.138	294.105	165.104
15363	30.72400	377.768	410.610	180.090	346.896	293.843	165.021
15364	30.72600	377.484	410.565	180.105	346.689	293.560	165.020
15365	30.72800	377.285	410.521	180.122	346.425	293.236	165.074
15366	30.73000	377.041	410.476	180.109	346.136	292.937	165.081
15367	30.73200	376.821	410.440	180.110	345.878	292.686	165.012
15368	30.73400	376.546	410.395	180.096	345.618	292.410	164.993
15369	30.73600	376.318	410.349	180.083	345.407	292.112	165.026
15370	30.73800	376.120	410.313	180.084	345.142	291.790	165.087
15371	30.74000	375.890	410.304	180.096	344.876	291.534	165.067
15372	30.74200	375.608	410.259	180.081	344.570	291.265	165.030
15373	30.74400	375.350	410.223	180.082	344.366	290.982	165.028
15374	30.74600	375.173	410.195	180.066	344.148	290.661	165.089
15375	30.74800	374.931	410.167	180.051	343.846	290.388	165.104
15376	30.75000	374.662	410.131	180.049	343.531	290.120	165.067
15377	30.75200	374.396	410.077	180.052	343.331	289.835	165.037
15378	30.75400	374.242	410.034	180.069	343.101	289.538	165.074
15379	30.75600	374.015	409.997	180.040	342.803	289.230	165.094
15380	30.75800	373.709	409.951	180.023	342.515	288.963	165.061
15381	30.76000	373.472	409.897	180.025	342.291	288.688	165.045
15382	30.76200	373.304	409.836	180.045	342.039	288.405	165.045
15383	30.76400	373.091	409.791	180.032	341.763	288.107	165.081
15384	30.76600	372.808	409.746	180.047	341.489	287.799	165.075
15385	30.76800	372.549	409.693	180.049	341.249	287.542	165.056
15386	30.77000	372.350	409.657	180.051	340.984	287.256	165.023
15387	30.77200	372.167	409.613	180.069	340.745	286.958	165.060
15388	30.77400	371.884	409.568	180.084	340.495	286.660	165.069
15389	30.77600	371.641	409.523	180.071	340.218	286.387	165.084
15390	30.77800	371.412	409.497	180.087	339.957	286.109	165.035
15391	30.78000	371.235	409.443	180.089	339.733	285.813	165.074
15392	30.78200	370.946	409.391	180.123	339.486	285.533	165.109
15393	30.78400	370.694	409.355	180.123	339.202	285.233	165.114
15394	30.78600	370.436	409.336	180.123	338.940	284.958	165.098
15395	30.78800	370.236	409.284	180.155	338.700	284.684	165.083
15396	30.79000	369.962	409.256	180.139	338.439	284.409	165.067
15397	30.79200	369.733	409.220	180.139	338.171	284.091	165.076
15398	30.79400	369.468	409.192	180.124	337.908	283.817	165.062
15399	30.79600	369.245	409.148	180.139	337.636	283.542	165.047
15400	30.79800	368.977	409.138	180.150	337.346	283.256	165.016
15401	30.80000	368.756	409.100	180.089	337.110	282.956	165.021
15402	30.80200	368.521	409.073	180.106	336.886	282.670	165.075
15403	30.80400	368.285	409.039	180.137	336.561	282.387	165.078
15404	30.80600	368.022	409.010	180.117	336.285	282.127	165.025
15405	30.80800	367.779	408.956	180.089	336.062	281.820	165.051
15406	30.81000	367.566	408.920	180.091	335.849	281.532	165.103
15407	30.81200	367.314	408.866	180.093	335.511	281.232	165.109
15408	30.81400	367.089	408.812	180.091	335.261	280.956	165.064
15409	30.81600	366.847	408.785	180.077	335.023	280.674	165.068
15410	30.81800	366.635	408.740	180.065	334.803	280.383	165.087
15411	30.82000	366.375	408.686	180.068	334.519	280.076	165.113
15412	30.82200	366.160	408.641	180.081	334.229	279.800	165.069
15413	30.82400	365.932	408.606	180.083	333.967	279.533	165.036
15414	30.82600	365.711	408.560	180.070	333.725	279.239	165.023
15415	30.82800	365.467	408.525	180.071	333.495	278.922	165.036
15416	30.83000	365.207	408.480	180.085	333.221	278.642	165.042
15417	30.83200	365.030	408.453	180.097	332.929	278.374	165.009
15418	30.83400	364.771	408.409	180.117	332.685	278.081	164.998
15419	30.83600	364.527	408.365	180.134	332.487	277.791	165.020
15420	30.83800	364.236	408.327	180.102	332.194	277.487	165.078
15421	30.84000	364.036	408.300	180.115	331.894	277.209	165.031
15422	30.84200	363.784	408.248	180.148	331.655	276.935	165.018
15423	30.84400	363.524	408.212	180.148	331.450	276.635	165.026
15424	30.84600	363.279	408.184	180.132	331.168	276.347	165.078
15425	30.84800	363.034	408.140	180.149	330.873	276.056	165.070
15426	30.85000	362.797	408.121	180.146	330.625	275.789	165.039
15427	30.85200	362.544	408.086	180.177	330.382	275.506	165.042
15428	30.85400	362.315	408.058	180.161	330.130	275.198	165.068
15429	30.85600	362.057	408.031	180.146	329.866	274.907	165.061
15430	30.85800	361.857	407.995	180.146	329.594	274.633	165.049
15431	30.86000	361.605	407.976	180.143	329.334	274.358	165.035
15432	30.86200	361.371	407.949	180.159	329.121	274.065	165.025
15433	30.86400	361.122	407.895	180.133	328.856	273.753	165.073
15434	30.86600	360.936	407.886	180.144	328.563	273.471	165.078
15435	30.86800	360.686	407.858	180.128	328.309	273.193	165.033
15436	30.87000	360.450	407.804	180.131	328.102	272.911	165.039
15437	30.87200	360.222	407.759	180.117	327.830	272.623	165.064
15438	30.87400	360.023	407.715	180.134	327.547	272.333	165.086
15439	30.87600	359.802	407.687	180.119	327.292	272.039	165.047
15440	30.87800	359.528	407.650	180.087	327.076	271.757	165.053
15441	30.88000	359.292	407.604	180.073	326.799	271.461	165.095
15442	30.88200	359.093	407.561	180.122	326.524	271.168	165.086
15443	30.88400	358.886	407.516	180.106	326.292	270.877	165.079
15444	30.88600	358.605	407.488	180.090	326.054	270.605	165.099
15445	30.88800	358.369	407.452	180.091	325.785	270.320	165.073
15446	30.89000	358.147	407.425	180.106	325.507	270.011	165.070
15447	30.89200	357.948	407.363	180.123	325.284	269.722	165.095
15448	30.89400	357.696	407.327	180.123	325.032	269.447	165.082
15449	30.89600	357.467	407.283	180.141	324.763	269.155	165.074
15450	30.89800	357.238	407.257	180.157	324.514	268.864	165.069
15451	30.90000	357.001	407.221	180.158	324.276	268.585	165.107
15452	30.90200	356.786	407.167	180.159	324.024	268.292	165.099
15453	30.90400	356.551	407.140	180.175	323.785	268.008	165.074
15454	30.90600	356.306	407.122	180.173	323.512	267.720	165.101
15455	30.90800	356.047	407.086	180.175	323.259	267.438	165.108
15456	30.91000	355.839	407.040	180.159	323.029	267.136	165.087
15457	30.91200	355.612	407.006	180.192	322.791	266.844	165.081
15458	30.91400	355.375	406.978	180.176	322.526	266.571	165.072
15459	30.91600	355.117	406.951	180.162	322.255	266.270	165.052
15460	30.91800	354.910	406.924	180.176	322.026	265.961	165.050
15461	30.92000	354.690	406.896	180.161	321.795	265.669	165.044
15462	30.92200	354.469	406.859	180.131	321.524	265.398	165.066
15463	30.92400	354.220	406.823	180.133	321.246	265.096	165.046
15464	30.92600	353.991	406.805	180.131	321.007	264.798	165.059
15465	30.92800	353.776	406.760	180.117	320.795	264.525	165.079
15466	30.93000	353.556	406.749	180.099	320.547	264.234	165.075
15467	30.93200	353.313	406.713	180.100	320.237	263.940	165.037
15468	30.93400	353.078	406.686	180.086	320.005	263.659	165.046
15469	30.93600	352.868	406.658	180.067	319.792	263.370	165.072
15470	30.93800	352.625	406.630	180.051	319.547	263.077	165.065
15471	30.94000	352.397	406.594	180.052	319.245	262.787	165.061
15472	30.94200	352.175	406.568	180.098	319.005	262.523	165.065
15473	30.94400	351.945	406.523	180.083	318.768	262.224	165.078
15474	30.94600	351.775	406.486	180.082	318.555	261.914	165.076
15475	30.94800	351.503	406.468	180.082	318.286	261.649	165.080
15476	30.95000	351.274	406.424	180.099	318.012	261.367	165.058
15477	30.95200	351.037	406.371	180.102	317.760	261.067	165.071
15478	30.95400	350.852	406.335	180.131	317.548	260.778	165.097
15479	30.95600	350.609	406.299	180.132	317.317	260.496	165.106
15480	30.95800	350.358	406.271	180.116	317.013	260.206	165.102
15481	30.96000	350.137	406.228	180.134	316.752	259.921	165.079
15482	30.96200	349.922	406.183	180.150	316.515	259.632	165.106
15483	30.96400	349.709	406.139	180.167	316.325	259.333	165.120
15484	30.96600	349.458	406.103	180.169	316.022	259.042	165.116
15485	30.96800	349.213	406.067	180.169	315.751	258.758	165.094
15486	30.97000	348.970	406.039	180.154	315.497	258.474	165.071
15487	30.97200	348.771	405.987	180.187	315.292	258.175	165.085
15488	30.97400	348.534	405.951	180.187	315.039	257.876	165.099
15489	30.97600	348.282	405.915	180.188	314.736	257.593	165.077
15490	30.97800	348.040	405.897	180.188	314.496	257.302	165.074
15491	30.98000	347.825	405.852	180.204	314.260	257.002	165.088
15492	30.98200	347.596	405.824	180.188	314.040	256.720	165.097
15493	30.98400	347.368	405.789	180.189	313.737	256.423	165.112
15494	30.98600	347.102	405.770	180.187	313.481	256.139	165.091
15495	30.98800	346.858	405.725	180.173	313.237	255.847	165.087
15496	30.99000	346.658	405.723	180.168	313.002	255.557	165.114
15497	30.99200	346.413	405.695	180.152	312.755	255.266	165.111
15498	30.99400	346.169	405.669	180.166	312.454	254.975	165.108
15499	30.99600	345.904	405.624	180.153	312.200	254.691	165.086
15500	30.99800	345.717	405.604	180.150	311.980	254.398	165.082
15501	31.00000	345.481	405.585	180.117	311.752	254.106	165.078
15502	31.00200	345.236	405.549	180.117	311.457	253.808	165.094
15503	31.00400	344.998	405.520	180.099	311.187	253.514	165.059
15504	31.00600	344.777	405.484	180.100	310.957	253.240	165.051
15505	31.00800	344.584	405.447	180.069	310.722	252.940	165.065
15506	31.01000	344.320	405.419	180.054	310.468	252.642	165.081
15507	31.01200	344.098	405.393	180.068	310.196	252.352	165.080
15508	31.01400	343.869	405.339	180.071	309.958	252.078	165.073
15509	31.01600	343.677	405.294	180.057	309.722	251.778	165.088
15510	31.01800	343.434	405.266	180.040	309.494	251.476	165.071
15511	31.02000	343.199	405.222	180.058	309.205	251.179	165.089
15512	31.02200	342.970	405.178	180.076	308.935	250.895	165.068
15513	31.02400	342.772	405.142	180.077	308.698	250.611	165.048
15514	31.02600	342.579	405.096	180.091	308.476	250.319	165.046
15515	31.02800	342.298	405.069	180.077	308.213	250.021	165.063
15516	31.03000	342.055	405.025	180.094	307.927	249.738	165.043
15517	31.03200	341.826	404.990	180.126	307.682	249.446	165.040
15518	31.03400	341.618	404.945	180.141	307.453	249.158	165.071
15519	31.03600	341.382	404.910	180.142	307.192	248.879	165.114
15520	31.03800	341.123	404.883	180.157	306.914	248.571	165.118
15521	31.04000	340.894	404.855	180.141	306.677	248.297	165.111
15522	31.04200	340.656	404.811	180.158	306.447	248.023	165.105
15523	31.04400	340.435	404.776	180.189	306.202	247.714	165.108
15524	31.04600	340.190	404.740	180.189	305.925	247.416	165.125
15525	31.04800	339.970	404.722	180.189	305.669	247.133	165.106
15526	31.05000	339.696	404.695	180.204	305.431	246.859	165.100
15527	31.05200	339.495	404.659	180.203	305.186	246.567	165.099
15528	31.05400	339.274	404.631	180.187	304.939	246.263	165.136
15529	31.05600	339.053	404.612	180.186	304.693	245.982	165.149
15530	31.05800	338.818	404.585	180.171	304.462	245.688	165.117
15531	31.06000	338.604	404.549	180.172	304.223	245.404	165.098
15532	31.06200	338.390	404.529	180.139	303.992	245.117	165.130
15533	31.06400	338.185	404.511	180.139	303.745	244.816	165.117
15534	31.06600	337.974	404.485	180.155	303.497	244.533	165.099
15535	31.06800	337.716	404.449	180.156	303.266	244.249	165.080
15536	31.07000	337.545	404.430	180.154	303.036	243.968	165.094
15537	31.07200	337.310	404.419	180.105	302.781	243.668	165.081
15538	31.07400	337.105	404.384	180.138	302.527	243.370	165.100
15539	31.07600	336.875	404.356	180.121	302.289	243.085	165.081
15540	31.07800	336.661	404.320	180.121	302.082	242.805	165.095
15541	31.08000	336.447	404.300	180.089	301.828	242.497	165.101
15542	31.08200	336.229	404.283	180.089	301.567	242.216	165.114
15543	31.08400	335.991	404.229	180.091	301.328	241.925	165.115
15544	31.08600	335.769	404.202	180.106	301.098	241.641	165.097
15545	31.08800	335.569	404.164	180.074	300.860	241.340	165.084
15546	31.09000	335.334	404.138	180.090	300.591	241.059	165.098
15547	31.09200	335.121	404.102	180.091	300.343	240.756	165.137
15548	31.09400	334.885	404.058	180.108	300.120	240.468	165.087
15549	31.09600	334.647	404.031	180.122	299.868	240.187	165.101
15550	31.09800	334.478	403.978	180.154	299.613	239.904	165.084
15551	31.10000	334.236	403.941	180.126	299.358	239.597	165.091
15552	31.10200	333.993	403.915	180.142	299.128	239.309	165.124
15553	31.10400	333.771	403.879	180.142	298.882	239.015	165.093
15554	31.10600	333.556	403.834	180.158	298.658	238.738	165.058
15555	31.10800	333.359	403.808	180.175	298.395	238.431	165.065
15556	31.11000	333.115	403.763	180.161	298.150	238.137	165.117
15557	31.11200	332.887	403.745	180.160	297.928	237.846	165.119
15558	31.11400	332.651	403.701	180.178	297.697	237.562	165.102
15559	31.11600	332.452	403.656	180.195	297.451	237.275	165.136
15560	31.11800	332.239	403.620	180.196	297.213	236.977	165.157
15561	31.12000	332.017	403.602	180.194	296.959	236.676	165.145
15562	31.12200	331.768	403.575	180.180	296.736	236.393	165.129
15563	31.12400	331.544	403.538	180.179	296.505	236.099	165.100
15564	31.12600	331.339	403.511	180.194	296.235	235.809	165.102
15565	31.12800	331.125	403.501	180.176	295.979	235.509	165.091
15566	31.13000	330.873	403.465	180.176	295.775	235.227	165.107
15567	31.13200	330.624	403.447	180.176	295.528	234.933	165.077
15568	31.13400	330.447	403.428	180.174	295.290	234.650	165.061
15569	31.13600	330.226	403.410	180.173	295.020	234.363	165.095
15570	31.13800	329.972	403.372	180.141	294.789	234.056	165.104
15571	31.14000	329.752	403.346	180.156	294.559	233.771	165.088
15572	31.14200	329.549	403.337	180.171	294.314	233.498	165.085
15573	31.14400	329.318	403.326	180.152	294.067	233.201	165.107
15574	31.14600	329.089	403.308	180.150	293.805	232.911	165.111
15575	31.14800	328.867	403.272	180.150	293.568	232.613	165.132
15576	31.15000	328.650	403.263	180.165	293.328	232.336	165.098
15577	31.15200	328.440	403.235	180.148	293.081	232.046	165.102
15578	31.15400	328.197	403.215	180.115	292.821	231.749	165.123
15579	31.15600	327.960	403.179	180.116	292.576	231.461	165.159
15580	31.15800	327.763	403.170	180.129	292.353	231.168	165.130
15581	31.16000	327.534	403.134	180.130	292.107	230.884	165.115
15582	31.16200	327.310	403.097	180.129	291.837	230.594	165.118
15583	31.16400	327.067	403.070	180.113	291.590	230.287	165.128
15584	31.16600	326.853	403.042	180.098	291.362	229.989	165.150
15585	31.16800	326.618	402.990	180.132	291.124	229.712	165.116
15586	31.17000	326.431	402.953	180.130	290.879	229.428	165.101
15587	31.17200	326.188	402.934	180.129	290.624	229.121	165.111
15588	31.17400	325.959	402.898	180.130	290.370	228.824	165.134
15589	31.17600	325.778	402.855	180.149	290.142	228.539	165.119
15590	31.17800	325.516	402.826	180.131	289.904	228.246	165.091
15591	31.18000	325.347	402.790	180.161	289.658	227.955	165.095
15592	31.18200	325.088	402.764	180.176	289.413	227.675	165.113
15593	31.18400	324.877	402.737	180.162	289.167	227.367	165.122
15594	31.18600	324.631	402.700	180.161	288.945	227.084	165.108
15595	31.18800	324.416	402.656	180.178	288.701	226.799	165.093
15596	31.19000	324.186	402.628	180.191	288.454	226.509	165.098
15597	31.19200	323.974	402.593	180.193	288.202	226.212	165.121
15598	31.19400	323.722	402.574	180.191	287.965	225.911	165.113
15599	31.19600	323.492	402.546	180.175	287.727	225.627	165.099
15600	31.19800	323.268	402.501	180.190	287.496	225.344	165.086
15601	31.20000	323.072	402.475	180.207	287.242	225.054	165.091
15602	31.20200	322.835	402.457	180.205	286.973	224.757	165.115
15603	31.20400	322.598	402.438	180.203	286.751	224.456	165.107
15604	31.20600	322.332	402.402	180.204	286.514	224.179	165.074
15605	31.20800	322.162	402.383	180.203	286.275	223.889	165.080
15606	31.21000	321.942	402.357	180.218	286.029	223.593	165.105
15607	31.21200	321.705	402.337	180.185	285.774	223.293	165.097
15608	31.21400	321.453	402.309	180.169	285.545	223.009	165.084
15609	31.21600	321.263	402.283	180.185	285.323	222.725	165.071
15610	31.21800	321.049	402.273	180.198	285.068	222.429	165.096
15611	31.22000	320.835	402.254	180.165	284.830	222.132	165.121
15612	31.22200	320.582	402.235	180.162	284.593	221.842	165.127
15613	31.22400	320.350	402.209	180.179	284.369	221.559	165.115
15614	31.22600	320.172	402.199	180.161	284.138	221.266	165.090
15615	31.22800	319.950	402.170	180.145	283.892	220.980	165.128
15616	31.23000	319.722	402.161	180.158	283.637	220.690	165.135
15617	31.23200	319.508	402.125	180.158	283.422	220.390	165.129
15618	31.23400	319.313	402.117	180.173	283.192	220.113	165.098
15619	31.23600	319.097	402.097	180.140	282.946	219.840	165.099
15620	31.23800	318.853	402.069	180.124	282.715	219.534	165.112
15621	31.24000	318.639	402.050	180.122	282.476	219.227	165.124
15622	31.24200	318.451	402.034	180.153	282.239	218.954	165.126
15623	31.24400	318.267	402.015	180.152	282.016	218.661	165.101
15624	31.24600	318.031	401.995	180.119	281.785	218.371	165.108
15625	31.24800	317.802	401.968	180.104	281.547	218.068	165.153
15626	31.25000	317.588	401.949	180.102	281.308	217.785	165.142
15627	31.25200	317.386	401.933	180.134	281.077	217.499	165.099
15628	31.25400	317.198	401.895	180.132	280.846	217.216	165.088
15629	31.25600	316.949	401.868	180.117	280.615	216.920	165.115
15630	31.25800	316.727	401.849	180.115	280.369	216.624	165.141
15631	31.26000	316.538	401.823	180.132	280.130	216.330	165.117
15632	31.26200	316.331	401.805	180.130	279.916	216.057	165.119
15633	31.26400	316.131	401.759	180.145	279.701	215.768	165.128
15634	31.26600	315.881	401.742	180.145	279.461	215.462	165.142
15635	31.26800	315.669	401.716	180.162	279.192	215.182	165.163
15636	31.27000	315.479	401.680	180.163	278.984	214.900	165.153
15637	31.27200	315.256	401.635	180.179	278.762	214.600	165.148
15638	31.27400	315.050	401.616	180.178	278.547	214.310	165.157
15639	31.27600	314.807	401.599	180.207	278.268	214.005	165.171
15640	31.27800	314.610	401.572	180.193	278.044	213.712	165.148
15641	31.28000	314.389	401.527	180.180	277.829	213.419	165.125
15642	31.28200	314.203	401.499	180.193	277.591	213.146	165.127
15643	31.28400	313.976	401.464	180.195	277.376	212.846	165.123
15644	31.28600	313.741	401.447	180.225	277.113	212.541	165.138
15645	31.28800	313.536	401.428	180.194	276.891	212.268	165.141
15646	31.29000	313.307	401.392	180.194	276.661	211.964	165.105
15647	31.29200	313.107	401.365	180.209	276.444	211.682	165.096
15648	31.29400	312.870	401.336	180.192	276.214	211.392	165.105
15649	31.29600	312.666	401.319	180.192	275.967	211.087	165.120
15650	31.29800	312.446	401.292	180.208	275.729	210.793	165.097
15651	31.30000	312.240	401.274	180.207	275.514	210.511	165.088
15652	31.30200	312.017	401.245	180.189	275.300	210.210	165.084
15653	31.30400	311.804	401.227	180.188	275.048	209.920	165.093
15654	31.30600	311.606	401.218	180.202	274.801	209.614	165.109
15655	31.30800	311.363	401.190	180.186	274.570	209.332	165.100
15656	31.31000	311.154	401.162	180.169	274.356	209.042	165.110
15657	31.31200	310.925	401.143	180.167	274.134	208.748	165.087
15658	31.31400	310.758	401.134	180.181	273.896	208.469	165.110
15659	31.31600	310.523	401.116	180.180	273.666	208.170	165.107
15660	31.31800	310.255	401.096	180.147	273.427	207.881	165.118
15661	31.32000	310.054	401.077	180.144	273.183	207.597	165.108
15662	31.32200	309.866	401.069	180.159	272.960	207.314	165.100
15663	31.32400	309.652	401.050	180.157	272.738	207.008	165.116
15664	31.32600	309.413	401.031	180.154	272.483	206.726	165.108
15665	31.32800	309.178	401.003	180.139	272.237	206.427	165.105
15666	31.33000	308.995	401.002	180.136	272.015	206.137	165.115
15667	31.33200	308.781	400.984	180.134	271.793	205.854	165.107
15668	31.33400	308.537	400.965	180.132	271.548	205.565	165.118
15669	31.33600	308.330	400.938	180.147	271.300	205.266	165.116
15670	31.33800	308.132	400.928	180.129	271.070	204.966	165.114
15671	31.34000	307.943	400.918	180.113	270.855	204.677	165.125
15672	31.34200	307.698	400.900	180.111	270.626	204.394	165.117
15673	31.34400	307.468	400.863	180.111	270.388	204.088	165.134
15674	31.34600	307.225	400.836	180.126	270.141	203.799	165.145
15675	31.34800	307.086	400.827	180.139	269.903	203.500	165.143
15676	31.35000	306.851	400.799	180.124	269.683	203.216	165.135
15677	31.35200	306.606	400.781	180.121	269.468	202.944	165.141
15678	31.35400	306.399	400.762	180.119	269.213	202.652	165.121
15679	31.35600	306.196	400.745	180.150	268.960	202.352	165.119
15680	31.35800	306.016	400.725	180.147	268.738	202.052	165.117
15681	31.36000	305.756	400.688	180.116	268.516	201.769	165.110
15682	31.36200	305.527	400.669	180.114	268.287	201.486	165.102
15683	31.36400	305.338	400.635	180.147	268.026	201.197	165.114
15684	31.36600	305.117	400.616	180.145	267.804	200.908	165.126
15685	31.36800	304.929	400.578	180.143	267.565	200.609	165.125
15686	31.37000	304.665	400.560	180.142	267.353	200.325	165.118
15687	31.37200	304.459	400.542	180.142	267.124	200.042	165.111
15688	31.37400	304.269	400.507	180.144	266.878	199.747	165.142
15689	31.37600	304.032	400.479	180.157	266.646	199.458	165.155
15690	31.37800	303.825	400.451	180.171	266.419	199.158	165.154
15691	31.38000	303.597	400.433	180.170	266.190	198.875	165.147
15692	31.38200	303.399	400.406	180.156	265.974	198.582	165.128
15693	31.38400	303.185	400.370	180.157	265.734	198.284	165.129
15694	31.38600	302.962	400.343	180.171	265.481	197.995	165.141
15695	31.38800	302.740	400.315	180.185	265.268	197.695	165.141
15696	31.39000	302.544	400.290	180.202	265.051	197.404	165.122
15697	31.39200	302.340	400.280	180.185	264.811	197.112	165.104
15698	31.39400	302.094	400.252	180.169	264.573	196.812	165.104
15699	31.39600	301.902	400.225	180.183	264.351	196.524	165.117
15700	31.39800	301.666	400.189	180.184	264.136	196.235	165.131
15701	31.40000	301.469	400.171	180.184	263.921	195.953	165.126
15702	31.40200	301.256	400.153	180.183	263.684	195.653	165.126
15703	31.40400	301.003	400.134	180.181	263.445	195.365	165.140
15704	31.40600	300.796	400.107	180.195	263.223	195.076	165.154
15705	31.40800	300.606	400.089	180.194	262.993	194.783	165.135
15706	31.41000	300.416	400.079	180.177	262.772	194.494	165.149
15707	31.41200	300.173	400.060	180.176	262.532	194.213	165.144
15708	31.41400	299.943	400.042	180.174	262.308	193.921	165.126
15709	31.41600	299.736	400.023	180.172	262.072	193.615	165.146
15710	31.41800	299.555	400.014	180.186	261.851	193.348	165.135
15711	31.42000	299.332	399.995	180.184	261.643	193.067	165.131
15712	31.42200	299.112	399.977	180.183	261.419	192.763	165.152
15713	31.42400	298.882	399.949	180.167	261.175	192.473	165.166
15714	31.42600	298.699	399.939	180.149	260.951	192.175	165.167
15715	31.42800	298.510	399.930	180.163	260.745	191.897	165.196
15716	31.43000	298.289	399.912	180.162	260.528	191.616	165.192
15717	31.43200	298.066	399.883	180.145	260.297	191.313	165.162
15718	31.43400	297.876	399.865	180.145	260.057	191.009	165.183
15719	31.43600	297.688	399.856	180.129	259.849	190.728	165.180
15720	31.43800	297.468	399.856	180.126	259.642	190.435	165.163
15721	31.44000	297.261	399.819	180.126	259.416	190.140	165.114
15722	31.44200	297.025	399.801	180.125	259.200	189.852	165.130
15723	31.44400	296.880	399.792	180.138	258.962	189.558	165.165
15724	31.44600	296.677	399.792	180.137	258.755	189.276	165.162
15725	31.44800	296.447	399.764	180.120	258.532	188.984	165.145
15726	31.45000	296.240	399.745	180.119	258.318	188.695	165.161
15727	31.45200	296.004	399.718	180.133	258.095	188.407	165.177
15728	31.45400	295.873	399.717	180.130	257.880	188.109	165.180
15729	31.45600	295.638	399.690	180.116	257.635	187.820	165.195
15730	31.45800	295.408	399.679	180.097	257.412	187.535	165.160
15731	31.46000	295.193	399.661	180.125	257.205	187.252	165.157
15732	31.46200	294.983	399.636	180.142	256.981	186.961	165.141
15733	31.46400	294.843	399.625	180.154	256.740	186.664	165.175
15734	31.46600	294.583	399.597	180.138	256.507	186.373	165.160
15735	31.46800	294.353	399.569	180.122	256.307	186.092	165.157
15736	31.47000	294.155	399.552	180.151	256.069	185.799	165.141
15737	31.47200	293.975	399.544	180.166	255.848	185.506	165.125
15738	31.47400	293.780	399.514	180.148	255.633	185.212	165.161
15739	31.47600	293.529	399.496	180.147	255.410	184.931	165.159
15740	31.47800	293.301	399.478	180.146	255.179	184.633	165.163
15741	31.48000	293.119	399.443	180.178	254.965	184.330	165.134
15742	31.48200	292.937	399.426	180.178	254.750	184.042	165.151
15743	31.48400	292.714	399.379	180.164	254.529	183.743	165.155
15744	31.48600	292.485	399.360	180.162	254.296	183.452	165.140
15745	31.48800	292.280	399.334	180.178	254.066	183.164	165.157
15746	31.49000	292.098	399.317	180.178	253.858	182.878	165.124
15747	31.49200	291.891	399.280	180.178	253.652	182.580	165.128
15748	31.49400	291.676	399.261	180.176	253.405	182.288	165.113
15749	31.49600	291.447	399.233	180.160	253.175	182.006	165.111
15750	31.49800	291.250	399.225	180.174	252.943	181.709	165.116
15751	31.50000	291.053	399.198	180.159	252.738	181.426	165.114
15752	31.50200	290.845	399.170	180.174	252.526	181.126	165.118
15753	31.50400	290.631	399.142	180.188	252.297	180.834	165.104
15754	31.50600	290.417	399.133	180.200	252.073	180.547	165.122
15755	31.50800	290.219	399.115	180.200	251.843	180.242	165.146
15756	31.51000	290.006	399.096	180.168	251.616	179.959	165.144
15757	31.51200	289.793	399.070	180.214	251.410	179.671	165.162
15758	31.51400	289.554	399.050	180.211	251.196	179.400	165.175
15759	31.51600	289.365	399.041	180.224	250.957	179.102	165.180
15760	31.51800	289.183	399.024	180.224	250.712	178.814	165.198
15761	31.52000	288.931	399.004	180.192	250.497	178.533	165.197
15762	31.52200	288.716	398.986	180.220	250.298	178.252	165.197
15763	31.52400	288.518	398.977	180.233	250.066	177.956	165.151
15764	31.52600	288.328	398.949	180.218	249.828	177.668	165.170
15765	31.52800	288.099	398.939	180.201	249.606	177.381	165.189
15766	31.53000	287.878	398.921	180.199	249.391	177.099	165.188
15767	31.53200	287.647	398.901	180.197	249.161	176.797	165.162
15768	31.53400	287.457	398.892	180.210	248.946	176.521	165.142
15769	31.53600	287.267	398.882	180.193	248.715	176.218	165.168
15770	31.53800	287.038	398.864	180.191	248.477	175.920	165.174
15771	31.54000	286.796	398.846	180.190	248.263	175.638	165.174
15772	31.54200	286.602	398.835	180.171	248.049	175.346	165.161
15773	31.54400	286.419	398.816	180.171	247.841	175.044	165.135
15774	31.54600	286.220	398.806	180.153	247.612	174.756	165.155
15775	31.54800	285.990	398.778	180.167	247.365	174.465	165.142
15776	31.55000	285.739	398.768	180.149	247.160	174.177	165.161
15777	31.55200	285.577	398.749	180.148	246.943	173.892	165.130
15778	31.55400	285.380	398.749	180.144	246.730	173.610	165.130
15779	31.55600	285.157	398.730	180.142	246.494	173.311	165.137
15780	31.55800	284.925	398.710	180.139	246.287	173.024	165.157
15781	31.56000	284.715	398.693	180.139	246.057	172.726	165.164
15782	31.56200	284.576	398.700	180.150	245.850	172.451	165.146
15783	31.56400	284.339	398.690	180.132	245.628	172.148	165.120
15784	31.56600	284.093	398.661	180.115	245.414	171.861	165.141
15785	31.56800	283.902	398.643	180.114	245.199	171.570	165.129
15786	31.57000	283.698	398.625	180.114	244.968	171.279	165.118
15787	31.57200	283.544	398.624	180.141	244.745	170.987	165.106
15788	31.57400	283.299	398.605	180.108	244.531	170.712	165.088
15789	31.57600	283.068	398.584	180.075	244.325	170.414	165.096
15790	31.57800	282.895	398.577	180.120	244.109	170.122	165.084
15791	31.58000	282.708	398.560	180.121	243.879	169.825	165.092
15792	31.58200	282.528	398.539	180.117	243.678	169.545	165.095
15793	31.58400	282.283	398.520	180.085	243.471	169.253	165.084
15794	31.58600	282.071	398.511	180.098	243.259	168.965	165.105
15795	31.58800	281.913	398.494	180.099	243.051	168.663	165.081
15796	31.59000	281.732	398.486	180.113	242.835	168.388	165.116
15797	31.59200	281.530	398.456	180.096	242.627	168.091	165.125
15798	31.59400	281.279	398.438	180.094	242.413	167.804	165.147
15799	31.59600	281.081	398.429	180.108	242.199	167.512	165.136
15800	31.59800	280.916	398.413	180.139	242.008	167.225	165.158
15801	31.60000	280.704	398.395	180.138	241.784	166.945	165.161
15802	31.60200	280.524	398.374	180.135	241.559	166.661	165.131
15803	31.60400	280.273	398.364	180.117	241.329	166.364	165.140
15804	31.60600	280.084	398.356	180.131	241.139	166.083	165.143
15805	31.60800	279.903	398.349	180.176	240.932	165.791	165.133
15806	31.61000	279.697	398.330	180.174	240.717	165.506	165.103
15807	31.61200	279.504	398.284	180.191	240.478	165.209	165.113
15808	31.61400	279.252	398.273	180.172	240.256	164.922	165.135
15809	31.61600	279.079	398.257	180.203	240.049	164.631	165.125
15810	31.61800	278.897	398.249	180.218	239.842	164.350	165.128
15811	31.62000	278.675	398.221	180.201	239.629	164.047	165.105
15812	31.62200	278.489	398.210	180.213	239.429	163.772	165.142
15813	31.62400	278.270	398.192	180.212	239.189	163.465	165.139
15814	31.62600	278.081	398.176	180.213	238.990	163.185	165.143
15815	31.62800	277.892	398.158	180.213	238.785	162.893	165.133
15816	31.63000	277.670	398.139	180.211	238.591	162.609	165.105
15817	31.63200	277.470	398.111	180.225	238.398	162.329	165.109
15818	31.63400	277.280	398.093	180.225	238.158	162.038	165.152
15819	31.63600	277.107	398.086	180.240	237.951	161.736	165.131
15820	31.63800	276.911	398.077	180.223	237.768	161.466	165.148
15821	31.64000	276.680	398.048	180.207	237.558	161.166	165.127
15822	31.64200	276.497	398.031	180.236	237.359	160.885	165.131
15823	31.64400	276.300	398.022	180.250	237.130	160.599	165.154
15824	31.64600	276.133	398.012	180.233	236.914	160.302	165.166
15825	31.64800	275.936	397.995	180.233	236.721	160.018	165.138
15826	31.65000	275.698	397.975	180.230	236.515	159.737	165.143
15827	31.65200	275.497	397.964	180.241	236.295	159.439	165.153
15828	31.65400	275.308	397.947	180.241	236.080	159.148	165.145
15829	31.65600	275.133	397.929	180.241	235.874	158.851	165.156
15830	31.65800	274.903	397.909	180.239	235.652	158.570	165.160
15831	31.66000	274.666	397.899	180.220	235.429	158.269	165.139
15832	31.66200	274.467	397.889	180.233	235.232	157.988	165.144
15833	31.66400	274.284	397.880	180.246	235.019	157.700	165.168
15834	31.66600	274.085	397.843	180.216	234.803	157.399	165.148
15835	31.66800	273.877	397.841	180.212	234.582	157.119	165.153
15836	31.67000	273.633	397.822	180.210	234.352	156.832	165.177
15837	31.67200	273.452	397.814	180.224	234.168	156.542	165.170
15838	31.67400	273.285	397.805	180.208	233.970	156.251	165.163
15839	31.67600	273.069	397.793	180.189	233.757	155.969	165.168
15840	31.67800	272.855	397.774	180.188	233.538	155.686	165.141
15841	31.68000	272.634	397.756	180.186	233.305	155.386	165.121
15842	31.68200	272.460	397.748	180.200	233.105	155.113	165.108
15843	31.68400	272.270	397.738	180.183	232.892	154.832	165.113
15844	31.68600	272.062	397.727	180.165	232.710	154.534	165.126
15845	31.68800	271.855	397.708	180.163	232.486	154.244	165.119
15846	31.69000	271.642	397.690	180.162	232.255	153.959	165.145
15847	31.69200	271.443	397.680	180.175	232.050	153.667	165.138
15848	31.69400	271.253	397.670	180.158	231.836	153.376	165.131
15849	31.69600	271.037	397.659	180.139	231.639	153.095	165.137
15850	31.69800	270.821	397.640	180.137	231.439	152.810	165.111
15851	31.70000	270.631	397.631	180.150	231.234	152.519	165.104
15852	31.70200	270.442	397.630	180.147	230.979	152.234	165.130
15853	31.70400	270.234	397.619	180.129	230.781	151.943	165.123
15854	31.70600	270.011	397.617	180.124	230.584	151.662	165.130
15855	31.70800	269.804	397.608	180.137	230.372	151.380	165.136
15856	31.71000	269.629	397.599	180.150	230.173	151.100	165.143
15857	31.71200	269.409	397.589	180.133	229.950	150.821	165.150
15858	31.71400	269.195	397.579	180.145	229.720	150.524	165.163
15859	31.71600	268.964	397.568	180.126	229.505	150.240	165.138
15860	31.71800	268.790	397.559	180.140	229.322	149.960	165.145
15861	31.72000	268.614	397.559	180.137	229.108	149.669	165.139
15862	31.72200	268.402	397.550	180.150	228.893	149.379	165.134
15863	31.72400	268.179	397.539	180.132	228.670	149.088	165.128
15864	31.72600	267.964	397.520	180.130	228.472	148.802	165.155
15865	31.72800	267.782	397.519	180.127	228.264	148.518	165.130
15866	31.73000	267.614	397.501	180.127	228.065	148.228	165.125
15867	31.73200	267.394	397.492	180.139	227.853	147.941	165.152
15868	31.73400	267.185	397.463	180.123	227.637	147.651	165.147
15869	31.73600	266.964	397.453	180.105	227.429	147.362	165.142
15870	31.73800	266.789	397.453	180.103	227.206	147.078	165.118
15871	31.74000	266.606	397.451	180.099	227.009	146.786	165.112
