NO_OF_FRAMES	801
NO_OF_CAMERAS	2
NO_OF_MARKERS	2
FREQUENCY	500
NO_OF_ANALOG	0
ANALOG_FREQUENCY	0
DESCRIPTION	--
TIME_STAMP	2024-10-21, 15:34:38.724	941412.42850260
DATA_INCLUDED	3D
MARKER_NAMES	v14_6g	h82_4g
TRAJECTORY_TYPES	Measured	Mixed
Frame	Time	v14_6g X	v14_6g Y	v14_6g Z	h82_4g X	h82_4g Y	h82_4g Z	
22117	44.23200	547.592	330.395	165.267	557.960	526.649	179.862
22118	44.23400	547.149	330.777	165.359	557.619	526.469	179.829
22119	44.23600	546.914	331.179	165.412	557.288	526.311	179.824
22120	44.23800	546.708	331.666	165.239	556.923	526.113	179.822
22121	44.24000	546.222	332.043	165.338	556.581	525.883	179.849
22122	44.24200	545.932	332.436	165.412	556.208	525.687	179.876
22123	44.24400	545.684	332.927	165.266	555.858	525.511	179.840
22124	44.24600	545.322	333.331	165.345	555.550	525.342	179.852
22125	44.24800	544.947	333.696	165.442	555.187	525.171	179.804
22126	44.25000	544.721	334.214	165.310	554.825	524.993	179.831
22127	44.25200	544.355	334.617	165.320	554.467	524.745	179.858
22128	44.25400	544.001	335.001	165.447	554.113	524.559	179.869
22129	44.25600	543.723	335.471	165.311	553.729	524.364	179.865
22130	44.25800	543.386	335.896	165.314	553.432	524.205	179.830
22131	44.26000	543.036	336.277	165.410	553.060	524.043	179.797
22132	44.26200	542.719	336.749	165.308	552.721	523.858	179.808
22133	44.26400	542.391	337.170	165.316	552.344	523.627	179.835
22134	44.26600	542.059	337.542	165.438	551.999	523.407	179.877
22135	44.26800	541.745	338.003	165.358	551.669	523.221	179.857
22136	44.27000	541.421	338.418	165.383	551.305	523.078	179.823
22137	44.27200	541.111	338.813	165.453	550.946	522.917	179.821
22138	44.27400	540.817	339.281	165.359	550.615	522.748	179.802
22139	44.27600	540.449	339.684	165.372	550.253	522.500	179.861
22140	44.27800	540.145	340.090	165.456	549.895	522.279	179.872
22141	44.28000	539.870	340.574	165.293	549.567	522.101	179.839
22142	44.28200	539.434	340.962	165.373	549.203	521.940	179.805
22143	44.28400	539.188	341.365	165.464	548.851	521.772	179.786
22144	44.28600	538.976	341.854	165.294	548.504	521.592	179.815
22145	44.28800	538.514	342.248	165.360	548.127	521.346	179.842
22146	44.29000	538.199	342.641	165.471	547.798	521.133	179.870
22147	44.29200	537.986	343.129	165.303	547.436	520.963	179.821
22148	44.29400	537.593	343.543	165.330	547.077	520.793	179.803
22149	44.29600	537.214	343.901	165.480	546.754	520.635	179.799
22150	44.29800	537.015	344.382	165.331	546.388	520.430	179.812
22151	44.30000	536.640	344.803	165.307	546.027	520.200	179.871
22152	44.30200	536.279	345.169	165.442	545.674	519.996	179.852
22153	44.30400	536.009	345.641	165.344	545.323	519.828	179.834
22154	44.30600	535.647	346.091	165.329	544.988	519.667	179.800
22155	44.30800	535.327	346.455	165.434	544.642	519.498	179.813
22156	44.31000	535.025	346.902	165.358	544.275	519.311	179.826
22157	44.31200	534.707	347.344	165.395	543.942	519.081	179.885
22158	44.31400	534.410	347.736	165.441	543.579	518.885	179.852
22159	44.31600	534.063	348.207	165.379	543.218	518.707	179.849
22160	44.31800	533.732	348.611	165.396	542.911	518.540	179.830
22161	44.32000	533.454	348.998	165.490	542.530	518.362	179.828
22162	44.32200	533.136	349.483	165.364	542.199	518.164	179.859
22163	44.32400	532.750	349.878	165.398	541.840	517.952	179.886
22164	44.32600	532.505	350.273	165.476	541.486	517.749	179.898
22165	44.32800	532.225	350.777	165.311	541.150	517.562	179.881
22166	44.33000	531.821	351.157	165.414	540.822	517.411	179.864
22167	44.33200	531.531	351.531	165.465	540.456	517.241	179.847
22168	44.33400	531.282	352.033	165.344	540.138	517.065	179.874
22169	44.33600	530.886	352.433	165.367	539.767	516.823	179.921
22170	44.33800	530.523	352.791	165.486	539.413	516.613	179.917
22171	44.34000	530.321	353.301	165.350	539.098	516.428	179.898
22172	44.34200	529.941	353.711	165.353	538.705	516.274	179.851
22173	44.34400	529.530	354.071	165.504	538.338	516.105	179.833
22174	44.34600	529.348	354.558	165.345	537.987	515.908	179.894
22175	44.34800	529.005	354.979	165.327	537.633	515.671	179.906
22176	44.35000	528.621	355.363	165.459	537.278	515.449	179.920
22177	44.35200	528.358	355.826	165.355	536.935	515.290	179.886
22178	44.35400	528.014	356.256	165.351	536.573	515.119	179.840
22179	44.35600	527.687	356.639	165.453	536.249	514.959	179.837
22180	44.35800	527.399	357.094	165.365	535.907	514.754	179.853
22181	44.36000	527.051	357.509	165.397	535.515	514.523	179.913
22182	44.36200	526.755	357.911	165.459	535.187	514.331	179.878
22183	44.36400	526.449	358.370	165.361	534.842	514.169	179.878
22184	44.36600	526.083	358.768	165.428	534.471	513.983	179.829
22185	44.36800	525.812	359.166	165.504	534.138	513.823	179.858
22186	44.37000	525.479	359.657	165.369	533.808	513.626	179.889
22187	44.37200	525.115	360.037	165.443	533.423	513.397	179.948
22188	44.37400	524.865	360.459	165.500	533.060	513.211	179.899
22189	44.37600	524.568	360.952	165.330	532.710	513.034	179.866
22190	44.37800	524.120	361.335	165.465	532.365	512.866	179.848
22191	44.38000	523.877	361.743	165.482	532.013	512.705	179.847
22192	44.38200	523.618	362.235	165.354	531.650	512.508	179.909
22193	44.38400	523.216	362.629	165.429	531.297	512.306	179.952
22194	44.38600	522.885	363.012	165.499	530.940	512.093	179.921
22195	44.38800	522.670	363.513	165.387	530.579	511.915	179.919
22196	44.39000	522.268	363.909	165.460	530.245	511.748	179.869
22197	44.39200	521.936	364.291	165.532	529.871	511.568	179.869
22198	44.39400	521.661	364.756	165.427	529.546	511.392	179.898
22199	44.39600	521.315	365.161	165.448	529.164	511.161	179.959
22200	44.39800	521.001	365.559	165.521	528.844	510.956	179.944
22201	44.40000	520.685	366.015	165.436	528.498	510.772	179.925
22202	44.40200	520.346	366.439	165.486	528.127	510.627	179.895
22203	44.40400	520.055	366.842	165.478	527.752	510.431	179.895
22204	44.40600	519.711	367.282	165.427	527.418	510.244	179.940
22205	44.40800	519.419	367.689	165.482	527.084	510.023	179.986
22206	44.41000	519.143	368.112	165.469	526.731	509.811	179.986
22207	44.41200	518.754	368.567	165.418	526.375	509.634	179.921
22208	44.41400	518.428	368.957	165.508	526.024	509.482	179.906
22209	44.41600	518.206	369.388	165.519	525.703	509.314	179.888
22210	44.41800	517.844	369.852	165.378	525.317	509.109	179.934
22211	44.42000	517.446	370.208	165.505	524.974	508.871	179.980
22212	44.42200	517.241	370.663	165.497	524.621	508.670	179.961
22213	44.42400	516.927	371.141	165.367	524.259	508.509	179.899
22214	44.42600	516.512	371.497	165.528	523.893	508.339	179.883
22215	44.42800	516.266	371.906	165.514	523.539	508.172	179.865
22216	44.43000	515.970	372.396	165.394	523.186	507.967	179.912
22217	44.43200	515.583	372.775	165.505	522.824	507.746	179.988
22218	44.43400	515.288	373.184	165.527	522.460	507.544	179.939
22219	44.43600	515.013	373.667	165.456	522.110	507.383	179.908
22220	44.43800	514.629	374.046	165.502	521.736	507.207	179.874
22221	44.44000	514.314	374.471	165.522	521.397	507.037	179.891
22222	44.44200	514.014	374.935	165.458	521.045	506.832	179.938
22223	44.44400	513.680	375.310	165.515	520.700	506.603	179.968
22224	44.44600	513.356	375.765	165.504	520.327	506.417	179.952
22225	44.44800	513.032	376.184	165.464	519.955	506.239	179.889
22226	44.45000	512.700	376.571	165.567	519.649	506.079	179.889
22227	44.45200	512.422	377.040	165.492	519.282	505.900	179.890
22228	44.45400	512.065	377.443	165.455	518.928	505.705	179.920
22229	44.45600	511.755	377.836	165.543	518.565	505.476	179.920
22230	44.45800	511.539	378.301	165.447	518.206	505.280	179.920
22231	44.46000	511.138	378.728	165.427	517.869	505.094	179.904
22232	44.46200	510.797	379.086	165.555	517.503	504.917	179.872
22233	44.46400	510.631	379.555	165.454	517.174	504.755	179.874
22234	44.46600	510.223	380.006	165.415	516.817	504.551	179.921
22235	44.46800	509.846	380.354	165.563	516.456	504.331	179.936
22236	44.47000	509.659	380.840	165.462	516.095	504.136	179.935
22237	44.47200	509.274	381.292	165.389	515.751	503.960	179.903
22238	44.47400	508.898	381.649	165.518	515.389	503.790	179.857
22239	44.47600	508.685	382.115	165.456	515.035	503.620	179.873
22240	44.47800	508.328	382.561	165.399	514.701	503.442	179.936
22241	44.48000	507.962	382.935	165.527	514.346	503.205	179.951
22242	44.48200	507.725	383.384	165.469	514.001	503.002	179.936
22243	44.48400	507.377	383.807	165.461	513.634	502.833	179.920
22244	44.48600	507.048	384.213	165.557	513.276	502.680	179.905
22245	44.48800	506.771	384.644	165.500	512.948	502.520	179.874
22246	44.49000	506.430	385.077	165.540	512.578	502.307	179.937
22247	44.49200	506.175	385.460	165.587	512.210	502.077	180.000
22248	44.49400	505.828	385.938	165.496	511.876	501.874	179.954
22249	44.49600	505.456	386.335	165.543	511.489	501.706	179.906
22250	44.49800	505.222	386.739	165.615	511.160	501.544	179.908
22251	44.50000	504.879	387.232	165.462	510.808	501.375	179.893
22252	44.50200	504.493	387.602	165.531	510.453	501.180	179.956
22253	44.50400	504.276	388.031	165.584	510.092	500.951	180.018
22254	44.50600	503.983	388.517	165.414	509.729	500.764	179.973
22255	44.50800	503.580	388.879	165.532	509.364	500.586	179.942
22256	44.51000	503.344	389.298	165.574	509.041	500.426	179.943
22257	44.51200	503.054	389.777	165.420	508.684	500.248	179.913
22258	44.51400	502.657	390.158	165.535	508.314	500.044	179.961
22259	44.51600	502.408	390.566	165.565	507.986	499.840	180.009
22260	44.51800	502.126	391.040	165.488	507.620	499.637	179.994
22261	44.52000	501.745	391.426	165.525	507.262	499.459	179.963
22262	44.52200	501.465	391.833	165.556	506.950	499.299	179.933
22263	44.52400	501.158	392.300	165.498	506.567	499.121	179.934
22264	44.52600	500.849	392.681	165.548	506.257	498.945	179.965
22265	44.52800	500.522	393.137	165.543	505.878	498.740	180.013
22266	44.53000	500.204	393.559	165.508	505.525	498.528	180.014
22267	44.53200	499.893	393.952	165.603	505.197	498.353	179.982
22268	44.53400	499.630	394.399	165.552	504.812	498.183	179.905
22269	44.53600	499.251	394.838	165.516	504.466	498.022	179.938
22270	44.53800	498.926	395.221	165.630	504.125	497.836	179.954
22271	44.54000	498.755	395.688	165.542	503.769	497.625	180.017
22272	44.54200	498.333	396.123	165.479	503.403	497.394	179.988
22273	44.54400	498.003	396.487	165.598	503.081	497.209	179.974
22274	44.54600	497.821	396.956	165.508	502.725	497.048	179.944
22275	44.54800	497.430	397.390	165.446	502.372	496.888	179.945
22276	44.55000	497.102	397.754	165.567	502.005	496.701	179.931
22277	44.55200	496.869	398.205	165.511	501.655	496.480	180.011
22278	44.55400	496.507	398.651	165.463	501.324	496.269	180.012
22279	44.55600	496.160	399.023	165.566	500.968	496.081	179.969
22280	44.55800	495.917	399.474	165.545	500.587	495.929	179.953
22281	44.56000	495.588	399.887	165.498	500.267	495.760	179.909
22282	44.56200	495.225	400.291	165.569	499.905	495.574	179.957
22283	44.56400	494.959	400.732	165.535	499.525	495.352	180.006
22284	44.56600	494.607	401.145	165.520	499.188	495.149	179.992
22285	44.56800	494.323	401.563	165.601	498.824	494.963	179.947
22286	44.57000	494.001	402.008	165.522	498.473	494.794	179.933
22287	44.57200	493.640	402.405	165.543	498.128	494.634	179.934
22288	44.57400	493.463	402.817	165.606	497.745	494.448	179.950
22289	44.57600	493.065	403.285	165.511	497.392	494.236	180.015
22290	44.57800	492.687	403.674	165.581	497.035	494.050	180.000
22291	44.58000	492.496	404.085	165.612	496.669	493.856	179.970
22292	44.58200	492.135	404.583	165.494	496.340	493.687	179.956
22293	44.58400	491.765	404.944	165.587	495.967	493.527	179.925
22294	44.58600	491.522	405.345	165.605	495.605	493.349	179.959
22295	44.58800	491.225	405.836	165.502	495.264	493.137	179.992
22296	44.59000	490.837	406.213	165.564	494.881	492.926	179.993
22297	44.59200	490.586	406.631	165.613	494.536	492.731	179.995
22298	44.59400	490.293	407.080	165.530	494.208	492.572	179.965
22299	44.59600	489.900	407.473	165.558	493.837	492.402	179.921
22300	44.59800	489.639	407.898	165.562	493.506	492.225	179.923
22301	44.60000	489.311	408.338	165.530	493.153	492.029	179.958
22302	44.60200	489.020	408.728	165.601	492.781	491.808	180.006
22303	44.60400	488.712	409.174	165.560	492.458	491.615	180.007
22304	44.60600	488.360	409.579	165.534	492.079	491.445	179.964
22305	44.60800	488.114	409.962	165.621	491.690	491.275	179.951
22306	44.61000	487.808	410.424	165.547	491.384	491.123	179.937
22307	44.61200	487.415	410.838	165.568	491.021	490.894	180.003
22308	44.61400	487.172	411.212	165.642	490.664	490.682	180.036
22309	44.61600	486.892	411.686	165.545	490.308	490.496	179.992
22310	44.61800	486.496	412.089	165.556	489.942	490.319	179.962
22311	44.62000	486.215	412.470	165.646	489.613	490.176	179.964
22312	44.62200	486.000	412.956	165.562	489.260	489.998	179.966
22313	44.62400	485.574	413.366	165.557	488.830	489.812	180.015
22314	44.62600	485.256	413.749	165.646	488.511	489.592	180.033
22315	44.62800	485.030	414.209	165.581	488.147	489.396	180.005
22316	44.63000	484.630	414.644	165.527	487.773	489.220	179.975
22317	44.63200	484.332	415.025	165.619	487.443	489.060	179.976
22318	44.63400	484.095	415.476	165.573	487.083	488.900	179.978
22319	44.63600	483.720	415.880	165.550	486.731	488.705	179.982
22320	44.63800	483.398	416.294	165.609	486.359	488.484	180.031
22321	44.64000	483.113	416.717	165.584	486.008	488.281	180.018
22322	44.64200	482.786	417.116	165.607	485.670	488.104	180.021
22323	44.64400	482.486	417.545	165.604	485.321	487.952	179.977
22324	44.64600	482.171	417.967	165.580	484.955	487.783	179.964
22325	44.64800	481.863	418.364	165.607	484.638	487.597	179.983
22326	44.65000	481.601	418.798	165.629	484.270	487.385	180.017
22327	44.65200	481.258	419.244	165.592	483.916	487.173	180.021
22328	44.65400	480.914	419.606	165.623	483.580	486.987	180.008
22329	44.65600	480.721	420.049	165.595	483.217	486.825	179.950
22330	44.65800	480.331	420.511	165.556	482.865	486.665	179.953
22331	44.66000	479.994	420.865	165.638	482.533	486.497	179.971
22332	44.66200	479.814	421.300	165.626	482.174	486.259	179.990
22333	44.66400	479.442	421.771	165.539	481.802	486.047	180.025
22334	44.66600	479.084	422.142	165.620	481.468	485.869	179.998
22335	44.66800	478.879	422.560	165.643	481.109	485.709	179.969
22336	44.67000	478.556	423.015	165.557	480.779	485.558	179.986
22337	44.67200	478.158	423.402	165.604	480.405	485.372	179.973
22338	44.67400	477.930	423.827	165.613	480.037	485.169	179.993
22339	44.67600	477.601	424.267	165.590	479.681	484.948	180.012
22340	44.67800	477.267	424.663	165.621	479.329	484.779	180.031
22341	44.68000	476.971	425.086	165.633	478.964	484.610	179.987
22342	44.68200	476.624	425.518	165.626	478.641	484.451	179.989
22343	44.68400	476.362	425.897	165.628	478.275	484.291	179.992
22344	44.68600	476.036	426.318	165.610	477.928	484.087	180.043
22345	44.68800	475.708	426.600	165.605	477.567	483.901	180.030
22346	44.69000	475.414	426.474	165.516	477.228	483.804	180.076
22347	44.69200	475.036	426.084	165.588	476.862	483.741	180.056
22348	44.69400	474.640	425.669	165.643	476.534	483.695	180.040
22349	44.69600	474.394	425.286	165.536	476.183	483.658	180.036
22350	44.69800	474.012	424.854	165.659	475.860	483.605	180.063
22351	44.70000	473.633	424.438	165.681	475.503	483.584	180.029
22352	44.70200	473.386	424.039	165.609	475.153	483.546	179.996
22353	44.70400	472.990	423.605	165.669	474.845	483.529	180.020
22354	44.70600	472.623	423.188	165.629	474.473	483.500	180.003
22355	44.70800	472.354	422.797	165.573	474.107	483.472	179.982
22356	44.71000	471.957	422.364	165.633	473.785	483.436	179.978
22357	44.71200	471.621	421.947	165.562	473.427	483.408	179.958
22358	44.71400	471.320	421.548	165.555	473.082	483.371	179.986
22359	44.71600	470.943	421.106	165.631	472.745	483.335	179.982
22360	44.71800	470.576	420.708	165.556	472.395	483.307	179.962
22361	44.72000	470.267	420.299	165.568	472.050	483.260	179.976
22362	44.72200	469.907	419.866	165.629	471.705	483.225	179.969
22363	44.72400	469.562	419.477	165.568	471.354	483.188	179.966
22364	44.72600	469.229	419.061	165.597	470.993	483.152	179.993
22365	44.72800	468.852	418.618	165.643	470.633	483.116	179.988
22366	44.73000	468.565	418.256	165.565	470.296	483.062	180.016
22367	44.73200	468.200	417.821	165.596	469.944	483.043	180.011
22368	44.73400	467.807	417.388	165.658	469.585	482.997	180.023
22369	44.73600	467.515	417.025	165.581	469.240	482.952	180.035
22370	44.73800	467.179	416.582	165.631	468.908	482.916	180.062
22371	44.74000	466.779	416.148	165.661	468.534	482.879	180.058
22372	44.74200	466.520	415.766	165.555	468.197	482.834	180.069
22373	44.74400	466.166	415.342	165.635	467.846	482.788	180.052
22374	44.74600	465.734	414.908	165.664	467.503	482.760	180.064
22375	44.74800	465.527	414.525	165.531	467.173	482.698	180.076
22376	44.75000	465.146	414.084	165.643	466.821	482.652	180.057
22377	44.75200	464.739	413.668	165.672	466.471	482.624	180.038
22378	44.75400	464.521	413.286	165.569	466.134	482.579	180.049
22379	44.75600	464.111	412.835	165.636	465.789	482.533	180.062
22380	44.75800	463.743	412.410	165.651	465.440	482.514	180.027
22381	44.76000	463.509	412.047	165.577	465.073	482.459	180.024
22382	44.76200	463.096	411.615	165.673	464.735	482.433	180.034
22383	44.76400	462.721	411.189	165.656	464.370	482.404	180.014
22384	44.76600	462.495	410.817	165.600	464.043	482.376	179.996
22385	44.76800	462.075	410.375	165.683	463.691	482.340	179.991
22386	44.77000	461.699	409.950	165.664	463.332	482.321	179.986
22387	44.77200	461.451	409.578	165.608	462.995	482.293	179.998
22388	44.77400	461.048	409.117	165.664	462.667	482.256	179.995
22389	44.77600	460.673	408.719	165.627	462.299	482.228	180.005
22390	44.77800	460.416	408.338	165.588	461.970	482.201	180.015
22391	44.78000	460.019	407.887	165.658	461.604	482.156	179.997
22392	44.78200	459.667	407.488	165.622	461.252	482.128	180.008
22393	44.78400	459.387	407.082	165.603	460.906	482.092	180.002
22394	44.78600	458.966	406.631	165.672	460.562	482.055	180.030
22395	44.78800	458.653	406.241	165.621	460.218	482.010	180.043
22396	44.79000	458.389	405.825	165.621	459.866	481.974	180.007
22397	44.79200	457.950	405.393	165.687	459.529	481.937	180.066
22398	44.79400	457.657	404.992	165.623	459.156	481.891	180.047
22399	44.79600	457.385	404.577	165.623	458.831	481.846	180.059
22400	44.79800	456.922	404.153	165.672	458.482	481.802	180.070
22401	44.80000	456.685	403.735	165.612	458.122	481.764	180.067
22402	44.80200	456.379	403.321	165.644	457.799	481.719	180.079
22403	44.80400	455.907	402.888	165.678	457.457	481.674	180.060
22404	44.80600	455.696	402.487	165.617	457.103	481.629	180.103
22405	44.80800	455.366	402.056	165.651	456.783	481.592	180.068
22406	44.81000	454.929	401.628	165.641	456.434	481.547	180.050
22407	44.81200	454.692	401.248	165.607	456.079	481.502	180.092
22408	44.81400	454.361	400.807	165.660	455.752	481.474	180.073
22409	44.81600	453.925	400.380	165.649	455.395	481.437	180.039
22410	44.81800	453.687	400.010	165.628	455.057	481.391	180.051
22411	44.82000	453.350	399.559	165.670	454.720	481.364	180.062
22412	44.82200	452.930	399.158	165.640	454.370	481.336	180.042
22413	44.82400	452.675	398.753	165.623	454.034	481.299	180.039
22414	44.82600	452.338	398.310	165.648	453.667	481.281	180.033
22415	44.82800	451.917	397.911	165.650	453.317	481.243	180.031
22416	44.83000	451.680	397.504	165.602	452.987	481.216	180.040
22417	44.83200	451.316	397.064	165.689	452.621	481.188	180.021
22418	44.83400	450.897	396.662	165.629	452.285	481.160	180.033
22419	44.83600	450.683	396.248	165.632	451.926	481.114	180.014
22420	44.83800	450.288	395.825	165.685	451.567	481.078	180.009
22421	44.84000	449.885	395.405	165.628	451.209	481.033	179.990
22422	44.84200	449.688	395.017	165.613	450.902	481.005	180.003
22423	44.84400	449.290	394.577	165.701	450.567	480.976	180.016
22424	44.84600	448.905	394.166	165.628	450.192	480.922	180.013
22425	44.84800	448.666	393.771	165.659	449.870	480.895	180.024
22426	44.85000	448.302	393.320	165.704	449.533	480.850	180.067
22427	44.85200	447.926	392.918	165.647	449.189	480.813	180.064
22428	44.85400	447.685	392.506	165.680	448.860	480.767	180.077
22429	44.85600	447.326	392.056	165.725	448.523	480.731	180.104
22430	44.85800	446.943	391.681	165.680	448.193	480.686	180.117
22431	44.86000	446.705	391.240	165.671	447.841	480.658	180.128
22432	44.86200	446.321	390.799	165.730	447.504	480.613	180.139
22433	44.86400	445.955	390.423	165.653	447.166	480.577	180.167
22434	44.86600	445.716	389.983	165.678	446.832	480.540	180.133
22435	44.86800	445.299	389.551	165.717	446.474	480.494	180.114
22436	44.87000	444.954	389.156	165.616	446.143	480.467	180.155
22437	44.87200	444.721	388.735	165.669	445.794	480.430	180.121
22438	44.87400	444.313	388.320	165.708	445.443	480.385	180.102
22439	44.87600	443.966	387.908	165.607	445.120	480.340	180.145
22440	44.87800	443.699	387.471	165.694	444.770	480.321	180.109
22441	44.88000	443.258	387.038	165.702	444.405	480.284	180.074
22442	44.88200	442.977	386.661	165.599	444.090	480.231	180.101
22443	44.88400	442.679	386.216	165.703	443.725	480.202	180.083
22444	44.88600	442.272	385.789	165.665	443.374	480.174	180.064
22445	44.88800	441.980	385.414	165.625	443.023	480.138	180.059
22446	44.89000	441.698	384.950	165.702	442.689	480.101	180.025
22447	44.89200	441.293	384.541	165.663	442.353	480.064	180.023
22448	44.89400	440.992	384.185	165.651	441.993	480.036	180.033
22449	44.89600	440.709	383.721	165.730	441.687	480.008	180.046
22450	44.89800	440.295	383.323	165.735	441.344	479.954	180.043
22451	44.90000	439.996	382.937	165.650	440.985	479.926	180.024
22452	44.90200	439.705	382.465	165.746	440.641	479.890	180.050
22453	44.90400	439.307	382.075	165.735	440.321	479.844	180.034
22454	44.90600	439.016	381.672	165.652	439.983	479.817	180.044
22455	44.90800	438.700	381.209	165.763	439.617	479.754	180.056
22456	44.91000	438.327	380.817	165.689	439.296	479.717	180.054
22457	44.91200	438.029	380.414	165.607	438.943	479.672	180.096
22458	44.91400	437.705	379.951	165.717	438.608	479.636	180.091
22459	44.91600	437.340	379.542	165.647	438.270	479.591	180.105
22460	44.91800	437.040	379.158	165.594	437.910	479.563	180.115
22461	44.92000	436.715	378.687	165.723	437.604	479.501	180.129
22462	44.92200	436.367	378.286	165.669	437.243	479.464	180.155
22463	44.92400	436.035	377.930	165.625	436.885	479.454	180.133
22464	44.92600	435.712	377.457	165.725	436.580	479.409	180.147
22465	44.92800	435.370	377.085	165.714	436.219	479.355	180.174
22466	44.93000	435.046	376.702	165.659	435.861	479.336	180.138
22467	44.93200	434.715	376.247	165.757	435.541	479.308	180.150
22468	44.93400	434.390	375.847	165.736	435.196	479.272	180.177
22469	44.93600	434.095	375.455	165.666	434.853	479.244	180.158
22470	44.93800	433.712	375.016	165.729	434.503	479.207	180.123
22471	44.94000	433.410	374.599	165.713	434.173	479.171	180.150
22472	44.94200	433.114	374.199	165.660	433.815	479.143	180.131
22473	44.94400	432.690	373.744	165.757	433.458	479.097	180.113
22474	44.94600	432.406	373.334	165.692	433.114	479.061	180.108
22475	44.94800	432.103	372.943	165.655	432.785	479.024	180.105
22476	44.95000	431.680	372.496	165.735	432.420	478.979	180.085
22477	44.95200	431.403	372.095	165.686	432.076	478.942	180.082
22478	44.95400	431.099	371.714	165.663	431.733	478.914	180.062
22479	44.95600	430.701	371.265	165.713	431.375	478.869	180.043
22480	44.95800	430.398	370.858	165.712	431.038	478.841	180.054
22481	44.96000	430.103	370.468	165.676	430.694	478.796	180.067
22482	44.96200	429.720	370.002	165.730	430.350	478.760	180.062
22483	44.96400	429.402	369.603	165.711	430.007	478.723	180.059
22484	44.96600	429.121	369.204	165.693	429.663	478.669	180.087
22485	44.96800	428.724	368.763	165.728	429.319	478.632	180.084
22486	44.97000	428.429	368.357	165.727	428.982	478.578	180.113
22487	44.97200	428.133	367.974	165.673	428.654	478.534	180.124
22488	44.97400	427.736	367.525	165.728	428.292	478.497	180.151
22489	44.97600	427.434	367.109	165.713	427.973	478.452	180.134
22490	44.97800	427.137	366.719	165.676	427.636	478.407	180.145
22491	44.98000	426.754	366.279	165.746	427.283	478.362	180.188
22492	44.98200	426.461	365.863	165.733	426.963	478.343	180.185
22493	44.98400	426.156	365.473	165.695	426.642	478.306	180.181
22494	44.98600	425.798	365.032	165.735	426.289	478.270	180.207
22495	44.98800	425.473	364.624	165.703	425.970	478.242	180.189
22496	44.99000	425.169	364.234	165.666	425.612	478.214	180.169
22497	44.99200	424.804	363.801	165.690	425.259	478.170	180.211
22498	44.99400	424.483	363.379	165.723	424.939	478.141	180.193
22499	44.99600	424.194	362.980	165.670	424.565	478.123	180.186
22500	44.99800	423.791	362.555	165.710	424.236	478.078	180.198
22501	45.00000	423.497	362.147	165.680	423.908	478.050	180.179
22502	45.00200	423.191	361.732	165.662	423.535	478.021	180.160
22503	45.00400	422.815	361.303	165.750	423.200	477.976	180.141
22504	45.00600	422.515	360.902	165.705	422.864	477.940	180.137
22505	45.00800	422.210	360.487	165.688	422.506	477.903	180.133
22506	45.01000	421.843	360.056	165.745	422.178	477.866	180.100
22507	45.01200	421.544	359.663	165.683	421.835	477.812	180.097
22508	45.01400	421.246	359.240	165.684	421.506	477.784	180.109
22509	45.01600	420.903	358.809	165.744	421.186	477.747	180.106
22510	45.01800	420.580	358.416	165.680	420.834	477.702	180.119
22511	45.02000	420.288	357.985	165.699	420.514	477.666	180.116
22512	45.02200	419.939	357.554	165.760	420.193	477.629	180.114
22513	45.02400	419.632	357.187	165.677	419.819	477.575	180.140
22514	45.02600	419.331	356.749	165.712	419.475	477.547	180.153
22515	45.02800	418.967	356.316	165.741	419.146	477.502	180.165
22516	45.03000	418.653	355.939	165.645	418.833	477.457	180.177
22517	45.03200	418.367	355.500	165.682	418.511	477.421	180.205
22518	45.03400	418.000	355.044	165.762	418.129	477.367	180.202
22519	45.03600	417.688	354.693	165.646	417.823	477.340	180.213
22520	45.03800	417.387	354.254	165.684	417.487	477.286	180.209
22521	45.04000	417.044	353.806	165.746	417.128	477.240	180.223
22522	45.04200	416.716	353.447	165.648	416.799	477.230	180.232
22523	45.04400	416.399	353.008	165.688	416.471	477.176	180.230
22524	45.04600	416.064	352.569	165.765	416.127	477.148	180.243
22525	45.04800	415.704	352.228	165.662	415.792	477.121	180.222
22526	45.05000	415.411	351.779	165.689	415.448	477.058	180.236
22527	45.05200	415.085	351.341	165.768	415.120	477.048	180.246
22528	45.05400	414.707	350.982	165.666	414.762	477.029	180.210
22529	45.05600	414.447	350.541	165.679	414.441	476.983	180.224
22530	45.05800	414.089	350.085	165.759	414.098	476.965	180.219
22531	45.06000	413.720	349.717	165.645	413.731	476.928	180.215
22532	45.06200	413.467	349.285	165.674	413.434	476.891	180.213
22533	45.06400	413.123	348.838	165.734	413.069	476.855	180.177
22534	45.06600	412.709	348.461	165.638	412.725	476.827	180.189
22535	45.06800	412.488	348.048	165.665	412.405	476.799	180.171
22536	45.07000	412.167	347.601	165.726	412.039	476.753	180.151
22537	45.07200	411.788	347.201	165.682	411.695	476.699	180.148
22538	45.07400	411.508	346.810	165.659	411.390	476.663	180.145
22539	45.07600	411.210	346.365	165.753	411.024	476.600	180.128
22540	45.07800	410.815	345.965	165.709	410.689	476.563	180.123
22541	45.08000	410.544	345.572	165.655	410.360	476.509	180.121
22542	45.08200	410.239	345.145	165.746	410.009	476.455	180.149
22543	45.08400	409.842	344.729	165.736	409.687	476.410	180.161
22544	45.08600	409.616	344.337	165.681	409.329	476.365	180.143
22545	45.08800	409.251	343.908	165.741	408.992	476.329	180.202
22546	45.09000	408.863	343.465	165.723	408.663	476.275	180.198
22547	45.09200	408.644	343.081	165.649	408.281	476.229	180.211
22548	45.09400	408.241	342.634	165.714	407.953	476.202	180.222
22549	45.09600	407.876	342.201	165.711	407.663	476.166	180.218
22550	45.09800	407.647	341.836	165.664	407.281	476.129	180.246
22551	45.10000	407.238	341.379	165.716	406.953	476.093	180.211
22552	45.10200	406.911	340.966	165.743	406.663	476.074	180.238
22553	45.10400	406.682	340.599	165.663	406.281	476.029	180.250
22554	45.10600	406.259	340.160	165.713	405.945	475.992	180.215
22555	45.10800	405.969	339.762	165.705	405.609	475.947	180.228
22556	45.11000	405.695	339.353	165.651	405.251	475.928	180.222
22557	45.11200	405.270	338.933	165.727	404.931	475.900	180.203
22558	45.11400	405.006	338.533	165.691	404.602	475.855	180.217
22559	45.11600	404.730	338.127	165.703	404.237	475.836	180.180
22560	45.11800	404.313	337.696	165.731	403.916	475.790	180.193
22561	45.12000	404.026	337.287	165.682	403.580	475.754	180.189
22562	45.12200	403.727	336.864	165.696	403.191	475.726	180.168
22563	45.12400	403.324	336.425	165.742	402.902	475.698	180.182
22564	45.12600	403.033	336.015	165.697	402.581	475.653	180.163
22565	45.12800	402.724	335.618	165.688	402.208	475.625	180.143
22566	45.13000	402.344	335.162	165.739	401.895	475.580	180.158
22567	45.13200	402.070	334.796	165.702	401.567	475.534	180.137
22568	45.13400	401.760	334.381	165.697	401.193	475.489	180.150
22569	45.13600	401.433	333.961	165.741	400.872	475.444	180.164
22570	45.13800	401.136	333.570	165.726	400.522	475.390	180.129
22571	45.14000	400.835	333.171	165.686	400.169	475.336	180.187
22572	45.14200	400.508	332.742	165.749	399.841	475.300	180.184
22573	45.14400	400.156	332.334	165.736	399.505	475.255	180.196
22574	45.14600	399.870	331.952	165.693	399.153	475.218	180.224
22575	45.14800	399.505	331.498	165.778	398.824	475.165	180.219
22576	45.15000	399.145	331.071	165.736	398.496	475.128	180.215
22577	45.15200	398.789	330.687	165.659	398.129	475.074	180.244
22578	45.15400	398.487	330.224	165.733	397.801	475.047	180.222
22579	45.15600	398.184	329.801	165.754	397.464	475.002	180.266
22580	45.15800	397.777	329.449	165.639	397.130	474.974	180.248
22581	45.16000	397.546	328.979	165.733	396.786	474.946	180.226
22582	45.16200	397.210	328.558	165.785	396.450	474.883	180.240
22583	45.16400	396.830	328.202	165.611	396.138	474.864	180.238
22584	45.16600	396.598	327.759	165.716	395.795	474.854	180.216
22585	45.16800	396.232	327.320	165.771	395.458	474.791	180.230
22586	45.17000	395.896	326.975	165.611	395.162	474.781	180.213
22587	45.17200	395.652	326.537	165.669	394.803	474.744	180.208
22588	45.17400	395.287	326.075	165.778	394.468	474.699	180.188
22589	45.17600	394.956	325.730	165.618	394.163	474.680	180.186
22590	45.17800	394.689	325.300	165.657	393.804	474.635	180.199
22591	45.18000	394.348	324.831	165.787	393.476	474.607	180.179
22592	45.18200	393.999	324.495	165.639	393.172	474.588	180.177
22593	45.18400	393.733	324.055	165.665	392.813	474.543	180.188
22594	45.18600	393.422	323.604	165.791	392.462	474.506	180.184
22595	45.18800	393.056	323.235	165.680	392.149	474.461	180.167
22596	45.19000	392.785	322.826	165.639	391.798	474.416	180.177
22597	45.19200	392.457	322.375	165.761	391.462	474.362	180.175
22598	45.19400	392.077	321.981	165.677	391.119	474.317	180.188
22599	45.19600	391.874	321.607	165.626	390.783	474.272	180.199
22600	45.19800	391.469	321.153	165.716	390.462	474.235	180.197
22601	45.20000	391.107	320.754	165.684	390.103	474.164	180.225
22602	45.20200	390.946	320.390	165.645	389.775	474.127	180.220
22603	45.20400	390.514	319.936	165.739	389.438	474.100	180.264
22604	45.20600	390.166	319.539	165.740	389.080	474.055	180.246
22605	45.20800	389.960	319.163	165.656	388.766	474.010	180.256
22606	45.21000	389.567	318.710	165.750	388.408	473.964	180.272
22607	45.21200	389.224	318.285	165.739	388.080	473.936	180.251
22608	45.21400	388.997	317.902	165.675	387.774	473.909	180.262
22609	45.21600	388.634	317.464	165.733	387.408	473.846	180.278
22610	45.21800	388.270	317.057	165.720	387.096	473.827	180.242
22611	45.22000	388.050	316.658	165.693	386.776	473.799	180.222
22612	45.22200	387.670	316.228	165.730	386.425	473.754	180.237
22613	45.22400	387.330	315.811	165.706	386.113	473.735	180.200
22614	45.22600	387.110	315.439	165.691	385.776	473.699	180.228
22615	45.22800	386.784	315.007	165.695	385.441	473.671	180.242
22616	45.23000	386.391	314.585	165.722	385.121	473.652	180.204
22617	45.23200	386.132	314.201	165.661	384.778	473.598	180.203
22618	45.23400	385.829	313.779	165.681	384.442	473.579	180.199
22619	45.23600	385.452	313.350	165.725	384.122	473.542	180.163
22620	45.23800	385.176	312.964	165.631	383.794	473.497	180.177
22621	45.24000	384.843	312.534	165.669	383.459	473.496	180.172
22622	45.24200	384.509	312.097	165.731	383.122	473.450	180.183
22623	45.24400	384.259	311.736	165.618	382.810	473.414	180.180
22624	45.24600	383.909	311.316	165.668	382.467	473.386	180.162
22625	45.24800	383.582	310.864	165.766	382.084	473.341	180.202
22626	45.25000	383.318	310.520	165.651	381.825	473.305	180.201
22627	45.25200	382.930	310.100	165.701	381.459	473.260	180.213
22628	45.25400	382.627	309.631	165.806	381.077	473.214	180.223
22629	45.25600	382.353	309.297	165.703	380.818	473.187	180.237
22630	45.25800	381.967	308.862	165.677	380.436	473.125	180.250
22631	45.26000	381.673	308.411	165.780	380.077	473.062	180.262
22632	45.26200	381.351	308.042	165.682	379.825	473.035	180.275
22633	45.26400	381.004	307.633	165.638	379.420	472.980	180.272
22634	45.26600	380.741	307.184	165.771	379.092	472.944	180.298
22635	45.26800	380.417	306.773	165.699	378.825	472.917	180.281
22636	45.27000	380.063	306.406	165.631	378.413	472.845	180.279
22637	45.27200	379.808	305.944	165.718	378.108	472.834	180.258
22638	45.27400	379.479	305.531	165.731	377.795	472.780	180.254
22639	45.27600	379.122	305.179	165.624	377.391	472.735	180.269
22640	45.27800	378.854	304.715	165.682	377.117	472.716	180.233
22641	45.28000	378.493	304.279	165.748	376.774	472.670	180.214
22642	45.28200	378.166	303.932	165.592	376.392	472.634	180.242
22643	45.28400	377.914	303.469	165.651	376.110	472.606	180.191
22644	45.28600	377.489	303.024	165.732	375.759	472.570	180.219
22645	45.28800	377.211	302.668	165.566	375.416	472.551	180.215
22646	45.29000	376.967	302.250	165.632	375.126	472.532	180.179
22647	45.29200	376.577	301.795	165.697	374.775	472.487	180.192
22648	45.29400	376.278	301.419	165.619	374.417	472.459	180.172
22649	45.29600	376.033	301.031	165.611	374.142	472.431	180.184
22650	45.29800	375.622	300.576	165.678	373.784	472.395	180.180
22651	45.30000	375.323	300.188	165.670	373.433	472.376	180.175
22652	45.30200	375.129	299.779	165.631	373.143	472.340	180.205
22653	45.30400	374.665	299.352	165.709	372.807	472.312	180.215
22654	45.30600	374.366	298.944	165.674	372.441	472.284	180.195
22655	45.30800	374.175	298.553	165.635	372.136	472.248	180.194
22656	45.31000	373.710	298.126	165.711	371.792	472.212	180.218
22657	45.31200	373.441	297.715	165.645	371.441	472.167	180.232
22658	45.31400	373.205	297.320	165.658	371.129	472.131	180.262
22659	45.31600	372.800	296.880	165.686	370.793	472.094	180.255
22660	45.31800	372.502	296.472	165.655	370.426	472.040	180.285
22661	45.32000	372.210	296.076	165.666	370.129	472.005	180.314
22662	45.32200	371.859	295.629	165.713	369.808	471.968	180.308
22663	45.32400	371.548	295.266	165.690	369.427	471.923	180.322
22664	45.32600	371.239	294.840	165.657	369.145	471.878	180.305
22665	45.32800	370.907	294.411	165.704	368.816	471.841	180.298
22666	45.33000	370.592	294.023	165.701	368.420	471.787	180.330
22667	45.33200	370.301	293.622	165.649	368.138	471.759	180.279
22668	45.33400	369.961	293.203	165.710	367.786	471.705	180.274
22669	45.33600	369.653	292.781	165.715	367.428	471.678	180.320
22670	45.33800	369.361	292.404	165.640	367.123	471.649	180.268
22671	45.34000	369.027	291.968	165.705	366.787	471.604	180.249
22672	45.34200	368.750	291.513	165.751	366.429	471.577	180.263
22673	45.34400	368.387	291.166	165.603	366.116	471.548	180.210
22674	45.34600	368.071	290.711	165.643	365.758	471.503	180.222
22675	45.34800	367.812	290.286	165.733	365.423	471.475	180.205
22676	45.35000	367.415	289.931	165.599	365.124	471.447	180.183
22677	45.35200	367.153	289.491	165.606	364.774	471.410	180.180
22678	45.35400	366.833	289.044	165.750	364.446	471.383	180.162
22679	45.35600	366.443	288.671	165.621	364.141	471.364	180.156
22680	45.35800	366.214	288.273	165.603	363.797	471.319	180.169
22681	45.36000	365.929	287.821	165.681	363.478	471.308	180.151
22682	45.36200	365.512	287.415	165.677	363.134	471.263	180.161
22683	45.36400	365.304	287.061	165.550	362.844	471.227	180.189
22684	45.36600	365.014	286.587	165.684	362.494	471.217	180.170
22685	45.36800	364.557	286.166	165.717	362.158	471.172	180.182
22686	45.37000	364.355	285.809	165.557	361.852	471.126	180.163
22687	45.37200	364.075	285.353	165.690	361.510	471.108	180.161
22688	45.37400	363.609	284.921	165.707	361.151	471.045	180.173
22689	45.37600	363.365	284.548	165.556	360.854	471.008	180.170
22690	45.37800	363.104	284.106	165.649	360.503	470.982	180.214
22691	45.38000	362.691	283.675	165.667	360.159	470.936	180.225
22692	45.38200	362.442	283.292	165.618	359.877	470.909	180.237
22693	45.38400	362.192	282.872	165.654	359.526	470.856	180.268
22694	45.38600	361.745	282.434	165.694	359.168	470.810	180.278
22695	45.38800	361.480	282.061	165.659	358.892	470.774	180.275
22696	45.39000	361.269	281.643	165.614	358.527	470.729	180.290
22697	45.39200	360.816	281.208	165.687	358.183	470.692	180.284
22698	45.39400	360.526	280.825	165.636	357.908	470.665	180.295
22699	45.39600	360.325	280.437	165.636	357.513	470.611	180.296
22700	45.39800	359.905	280.011	165.719	357.169	470.573	180.227
22701	45.40000	359.639	279.616	165.625	356.902	470.546	180.240
22702	45.40200	359.347	279.231	165.656	356.506	470.492	180.239
22703	45.40400	359.009	278.785	165.711	356.192	470.464	180.217
22704	45.40600	358.708	278.393	165.652	355.903	470.454	180.229
22705	45.40800	358.383	277.985	165.621	355.514	470.391	180.212
22706	45.41000	358.049	277.522	165.685	355.208	470.380	180.160
22707	45.41200	357.761	277.133	165.657	354.911	470.353	180.205
22708	45.41400	357.421	276.729	165.577	354.522	470.307	180.153
22709	45.41600	357.097	276.280	165.689	354.232	470.288	180.149
22710	45.41800	356.836	275.890	165.658	353.927	470.261	180.162
22711	45.42000	356.528	275.511	165.557	353.553	470.224	180.127
22712	45.42200	356.188	275.071	165.682	353.271	470.205	180.123
22713	45.42400	355.905	274.633	165.698	352.936	470.160	180.136
22714	45.42600	355.571	274.298	165.600	352.577	470.132	180.115
22715	45.42800	355.271	273.868	165.627	352.265	470.113	180.113
22716	45.43000	354.983	273.420	165.746	351.952	470.060	180.141
22717	45.43200	354.623	273.067	165.649	351.593	470.040	180.104
22718	45.43400	354.348	272.650	165.611	351.281	470.013	180.118
22719	45.43600	354.067	272.198	165.779	350.968	469.977	180.145
22720	45.43800	353.678	271.808	165.662	350.579	469.940	180.141
22721	45.44000	353.439	271.433	165.596	350.282	469.896	180.156
22722	45.44200	353.126	270.953	165.754	349.977	469.877	180.182
22723	45.44400	352.725	270.552	165.708	349.587	469.832	180.193
22724	45.44600	352.514	270.191	165.603	349.290	469.779	180.223
22725	45.44800	352.188	269.716	165.714	348.985	469.751	180.234
22726	45.45000	351.779	269.310	165.718	348.596	469.705	180.215
22727	45.45200	351.517	268.947	165.584	348.291	469.670	180.244
22728	45.45400	351.280	268.499	165.703	348.008	469.633	180.271
22729	45.45600	350.861	268.086	165.723	347.604	469.605	180.250
22730	45.45800	350.586	267.705	165.596	347.299	469.569	180.249
22731	45.46000	350.376	267.286	165.640	347.002	469.550	180.274
22732	45.46200	349.937	266.849	165.686	346.635	469.504	180.255
22733	45.46400	349.665	266.467	165.643	346.323	469.469	180.254
22734	45.46600	349.409	266.084	165.595	346.010	469.440	180.201
22735	45.46800	349.035	265.617	165.713	345.644	469.386	180.230
22736	45.47000	348.769	265.252	165.665	345.331	469.367	180.196
22737	45.47200	348.493	264.843	165.611	345.010	469.338	180.175
22738	45.47400	348.162	264.393	165.723	344.682	469.293	180.187
22739	45.47600	347.837	264.008	165.648	344.355	469.284	180.169
22740	45.47800	347.562	263.619	165.623	344.026	469.246	180.132
22741	45.48000	347.195	263.177	165.718	343.705	469.210	180.160
22742	45.48200	346.906	262.775	165.648	343.371	469.200	180.142
22743	45.48400	346.566	262.401	165.614	343.019	469.154	180.121
22744	45.48600	346.242	261.941	165.687	342.699	469.126	180.103
22745	45.48800	346.013	261.547	165.713	342.371	469.108	180.101
22746	45.49000	345.624	261.177	165.626	342.027	469.044	180.080
22747	45.49200	345.356	260.741	165.679	341.723	469.052	180.091
22748	45.49400	345.083	260.320	165.780	341.364	469.024	180.072
22749	45.49600	344.724	259.944	165.630	341.028	468.970	180.069
22750	45.49800	344.456	259.533	165.661	340.730	468.951	180.096
22751	45.50000	344.122	259.077	165.770	340.380	468.932	180.062
22752	45.50200	343.810	258.704	165.654	340.045	468.887	180.074
22753	45.50400	343.518	258.305	165.615	339.755	468.860	180.117
22754	45.50600	343.229	257.831	165.730	339.420	468.824	180.114
22755	45.50800	342.857	257.464	165.678	339.062	468.787	180.109
22756	45.51000	342.601	257.086	165.584	338.779	468.760	180.152
22757	45.51200	342.322	256.640	165.710	338.398	468.715	180.165
22758	45.51400	341.897	256.228	165.736	338.093	468.688	180.177
22759	45.51600	341.679	255.854	165.593	337.796	468.660	180.189
22760	45.51800	341.405	255.432	165.694	337.407	468.615	180.201
22761	45.52000	341.010	254.978	165.749	337.117	468.570	180.214
22762	45.52200	340.766	254.618	165.654	336.818	468.542	180.224
22763	45.52400	340.546	254.217	165.615	336.423	468.506	180.222
22764	45.52600	340.132	253.760	165.723	336.117	468.487	180.217
22765	45.52800	339.837	253.389	165.697	335.850	468.459	180.228
22766	45.53000	339.589	252.983	165.596	335.446	468.432	180.241
22767	45.53200	339.231	252.545	165.729	335.164	468.404	180.221
22768	45.53400	338.926	252.136	165.680	334.874	468.368	180.218
22769	45.53600	338.675	251.762	165.623	334.470	468.341	180.230
22770	45.53800	338.312	251.307	165.677	334.172	468.312	180.209
22771	45.54000	338.026	250.902	165.663	333.897	468.293	180.206
22772	45.54200	337.734	250.530	165.636	333.501	468.248	180.218
22773	45.54400	337.383	250.066	165.679	333.195	468.229	180.182
22774	45.54600	337.147	249.680	165.691	332.898	468.210	180.179
22775	45.54800	336.849	249.295	165.620	332.532	468.165	180.161
22776	45.55000	336.493	248.866	165.655	332.219	468.145	180.156
22777	45.55200	336.225	248.439	165.695	331.922	468.127	180.153
22778	45.55400	335.965	248.062	165.606	331.563	468.090	180.119
22779	45.55600	335.601	247.664	165.599	331.250	468.062	180.129
22780	45.55800	335.305	247.218	165.728	330.930	468.035	180.112
22781	45.56000	335.080	246.850	165.652	330.571	468.007	180.092
22782	45.56200	334.692	246.456	165.594	330.266	467.970	180.089
22783	45.56400	334.412	245.988	165.747	329.961	467.952	180.116
22784	45.56600	334.135	245.622	165.703	329.602	467.915	180.081
22785	45.56800	333.800	245.213	165.570	329.290	467.887	180.062
22786	45.57000	333.534	244.795	165.708	328.977	467.869	180.120
22787	45.57200	333.191	244.355	165.704	328.634	467.823	180.102
22788	45.57400	332.909	243.993	165.606	328.306	467.813	180.082
22789	45.57600	332.633	243.573	165.630	328.009	467.786	180.125
22790	45.57800	332.322	243.125	165.727	327.672	467.740	180.105
22791	45.58000	331.989	242.766	165.663	327.338	467.722	180.103
22792	45.58200	331.777	242.363	165.597	327.018	467.686	180.130
22793	45.58400	331.446	241.929	165.742	326.696	467.640	180.111
22794	45.58600	331.075	241.519	165.694	326.355	467.614	180.155
22795	45.58800	330.844	241.149	165.589	326.027	467.577	180.151
22796	45.59000	330.568	240.727	165.694	325.736	467.558	180.146
22797	45.59200	330.212	240.293	165.670	325.387	467.506	180.178
22798	45.59400	329.947	239.920	165.618	325.088	467.477	180.156
22799	45.59600	329.683	239.482	165.645	324.775	467.459	180.184
22800	45.59800	329.322	239.064	165.699	324.434	467.432	180.198
22801	45.60000	329.039	238.680	165.632	324.151	467.395	180.194
22802	45.60200	328.765	238.282	165.603	323.830	467.367	180.204
22803	45.60400	328.474	237.851	165.723	323.465	467.359	180.217
22804	45.60600	328.160	237.447	165.629	323.151	467.312	180.196
22805	45.60800	327.887	237.065	165.677	322.861	467.302	180.207
22806	45.61000	327.530	236.602	165.727	322.489	467.267	180.206
22807	45.61200	327.284	236.235	165.656	322.191	467.255	180.184
22808	45.61400	326.969	235.846	165.638	321.870	467.210	180.196
22809	45.61600	326.601	235.377	165.709	321.504	467.192	180.193
22810	45.61800	326.379	235.013	165.671	321.214	467.181	180.172
22811	45.62000	326.067	234.617	165.587	320.878	467.144	180.168
22812	45.62200	325.767	234.193	165.663	320.520	467.126	180.195
22813	45.62400	325.458	233.768	165.710	320.238	467.107	180.191
22814	45.62600	325.206	233.406	165.617	319.924	467.096	180.170
22815	45.62800	324.897	233.009	165.619	319.559	467.060	180.168
22816	45.63000	324.593	232.528	165.731	319.276	467.041	180.163
22817	45.63200	324.295	232.191	165.700	318.956	467.004	180.160
22818	45.63400	324.041	231.781	165.572	318.597	467.003	180.155
22819	45.63600	323.734	231.339	165.709	318.308	466.976	180.167
22820	45.63800	323.373	230.936	165.730	317.979	466.948	180.147
22821	45.64000	323.084	230.551	165.579	317.636	466.929	180.143
22822	45.64200	322.869	230.138	165.672	317.331	466.901	180.124
22823	45.64400	322.516	229.691	165.691	317.002	466.864	180.120
22824	45.64600	322.194	229.323	165.620	316.659	466.845	180.116
22825	45.64800	321.954	228.907	165.597	316.339	466.818	180.098
22826	45.65000	321.641	228.477	165.694	316.018	466.772	180.110
22827	45.65200	321.323	228.092	165.628	315.690	466.754	180.105
22828	45.65400	321.005	227.699	165.553	315.354	466.735	180.101
22829	45.65600	320.772	227.281	165.694	315.034	466.698	180.098
22830	45.65800	320.431	226.858	165.607	314.720	466.670	180.109
22831	45.66000	320.166	226.491	165.622	314.393	466.652	180.106
22832	45.66200	319.789	226.061	165.635	314.072	466.606	180.088
22833	45.66400	319.569	225.640	165.663	313.759	466.587	180.113
22834	45.66600	319.303	225.284	165.610	313.433	466.561	180.126
22835	45.66800	318.943	224.830	165.649	313.120	466.524	180.123
22836	45.67000	318.659	224.431	165.705	312.822	466.505	180.148
22837	45.67200	318.418	224.051	165.591	312.457	466.479	180.162
22838	45.67400	318.104	223.659	165.629	312.159	466.441	180.127
22839	45.67600	317.748	223.205	165.753	311.853	466.422	180.152
22840	45.67800	317.515	222.825	165.640	311.465	466.396	180.165
22841	45.68000	317.250	222.490	165.642	311.175	466.368	180.176
22842	45.68200	316.904	221.995	165.711	310.869	466.348	180.171
22843	45.68400	316.611	221.622	165.748	310.489	466.313	180.169
22844	45.68600	316.326	221.235	165.599	310.206	466.293	180.165
22845	45.68800	316.050	220.820	165.662	309.901	466.256	180.190
22846	45.69000	315.786	220.416	165.741	309.528	466.230	180.174
22847	45.69200	315.438	220.010	165.651	309.238	466.211	180.169
22848	45.69400	315.196	219.638	165.633	308.939	466.190	180.163
22849	45.69600	314.901	219.173	165.715	308.605	466.155	180.162
22850	45.69800	314.595	218.795	165.718	308.292	466.146	180.173
22851	45.70000	314.263	218.414	165.605	307.986	466.117	180.152
22852	45.70200	314.053	217.974	165.693	307.644	466.090	180.166
22853	45.70400	313.733	217.600	165.728	307.324	466.089	180.161
22854	45.70600	313.393	217.168	165.632	307.010	466.060	180.140
22855	45.70800	313.136	216.802	165.650	306.683	466.034	180.153
22856	45.71000	312.862	216.357	165.705	306.355	466.024	180.164
22857	45.71200	312.547	215.980	165.625	306.034	465.986	180.128
22858	45.71400	312.259	215.587	165.637	305.714	465.977	180.141
22859	45.71600	311.936	215.133	165.680	305.379	465.949	180.152
22860	45.71800	311.702	214.778	165.658	305.080	465.912	180.117
22861	45.72000	311.410	214.357	165.578	304.775	465.902	180.128
22862	45.72200	311.094	213.950	165.709	304.417	465.892	180.139
22863	45.72400	310.796	213.530	165.659	304.126	465.864	180.119
22864	45.72600	310.607	213.151	165.580	303.829	465.845	180.115
22865	45.72800	310.258	212.748	165.660	303.448	465.827	180.111
22866	45.73000	309.892	212.275	165.679	303.164	465.798	180.091
22867	45.73200	309.683	211.953	165.618	302.882	465.771	180.104
22868	45.73400	309.401	211.533	165.568	302.494	465.752	180.100
22869	45.73600	309.083	211.098	165.692	302.203	465.741	180.079
22870	45.73800	308.803	210.702	165.673	301.913	465.706	180.107
22871	45.74000	308.550	210.327	165.543	301.555	465.688	180.104
22872	45.74200	308.288	209.914	165.642	301.250	465.669	180.100
22873	45.74400	307.986	209.461	165.659	300.976	465.651	180.127
22874	45.74600	307.695	209.125	165.636	300.639	465.622	180.108
22875	45.74800	307.398	208.711	165.568	300.312	465.613	180.119
22876	45.75000	307.149	208.274	165.663	300.046	465.595	180.116
22877	45.75200	306.858	207.925	165.677	299.717	465.566	180.096
22878	45.75400	306.490	207.500	165.566	299.374	465.548	180.122
22879	45.75600	306.299	207.102	165.713	299.100	465.530	180.120
22880	45.75800	306.014	206.695	165.680	298.771	465.510	180.114
22881	45.76000	305.698	206.314	165.654	298.430	465.484	180.158
22882	45.76200	305.374	205.914	165.687	298.148	465.456	180.170
22883	45.76400	305.163	205.485	165.711	297.833	465.428	180.150
22884	45.76600	304.844	205.134	165.641	297.453	465.401	180.162
22885	45.76800	304.538	204.693	165.621	297.178	465.356	180.175
22886	45.77000	304.226	204.311	165.732	296.864	465.336	180.169
22887	45.77200	303.967	203.883	165.620	296.485	465.310	180.183
22888	45.77400	303.713	203.517	165.559	296.217	465.282	180.164
22889	45.77600	303.421	203.094	165.700	295.911	465.270	180.173
22890	45.77800	303.074	202.666	165.642	295.524	465.236	180.171
22891	45.78000	302.876	202.325	165.587	295.257	465.226	180.182
22892	45.78200	302.580	201.888	165.601	294.966	465.197	180.162
22893	45.78400	302.251	201.492	165.750	294.579	465.189	180.175
22894	45.78600	301.963	201.112	165.644	294.327	465.170	180.172
22895	45.78800	301.787	200.726	165.588	294.028	465.132	180.167
22896	45.79000	301.426	200.303	165.730	293.671	465.115	180.164
22897	45.79200	301.098	199.870	165.693	293.373	465.096	180.160
22898	45.79400	300.881	199.538	165.622	293.083	465.059	180.157
22899	45.79600	300.629	199.114	165.628	292.747	465.040	180.152
22900	45.79800	300.304	198.684	165.706	292.427	465.022	180.149
22901	45.80000	300.021	198.312	165.667	292.121	464.993	180.129
22902	45.80200	299.712	197.917	165.598	291.839	464.975	180.156
22903	45.80400	299.495	197.495	165.689	291.481	464.948	180.138
22904	45.80600	299.204	197.079	165.648	291.175	464.928	180.133
22905	45.80800	298.891	196.730	165.665	290.870	464.926	180.127
22906	45.81000	298.564	196.292	165.680	290.512	464.891	180.125
22907	45.81200	298.359	195.897	165.696	290.221	464.871	180.119
22908	45.81400	298.065	195.550	165.662	289.900	464.868	180.113
22909	45.81600	297.728	195.093	165.651	289.573	464.843	180.127
22910	45.81800	297.446	194.726	165.728	289.267	464.813	180.106
22911	45.82000	297.196	194.315	165.615	288.938	464.803	180.116
22912	45.82200	296.904	193.935	165.594	288.619	464.785	180.113
22913	45.82400	296.613	193.500	165.695	288.305	464.765	180.108
22914	45.82600	296.288	193.109	165.661	287.983	464.737	180.088
22915	45.82800	296.090	192.758	165.596	287.680	464.729	180.101
22916	45.83000	295.785	192.338	165.607	287.344	464.709	180.096
22917	45.83200	295.491	191.942	165.759	287.030	464.689	180.091
