NO_OF_FRAMES	1266
NO_OF_CAMERAS	2
NO_OF_MARKERS	2
FREQUENCY	500
NO_OF_ANALOG	0
ANALOG_FREQUENCY	0
DESCRIPTION	--
TIME_STAMP	2024-10-19, 20:40:05.330	786939.70498170
DATA_INCLUDED	3D
TITLE	Bevaring av energi i en dimension 31.4 g vs 62.1 g #1
MARKER_NAMES	v31_4g	h62_1g
COLLISION_TIME	1.25
TRAJECTORY_TYPES	Mixed	Measured
2476	4.95000	325.429	146.304	373.465	354.792	928.680	373.098
2477	4.95200	325.417	146.908	373.470	354.767	928.124	373.127
2478	4.95400	325.425	147.519	373.459	354.763	927.550	373.110
2479	4.95600	325.441	148.154	373.383	354.725	926.993	373.138
2480	4.95800	325.415	148.719	373.529	354.741	926.404	373.117
2481	4.96000	325.430	149.360	373.437	354.716	925.839	373.090
2482	4.96200	325.440	149.989	373.447	354.698	925.291	373.112
2483	4.96400	325.417	150.623	373.416	354.660	924.717	373.095
2484	4.96600	325.435	151.248	373.400	354.601	924.196	373.091
2485	4.96800	325.467	151.844	373.466	354.535	923.631	373.068
2486	4.97000	325.476	152.480	373.462	354.504	923.077	373.074
2487	4.97200	325.466	153.129	373.426	354.419	922.514	373.020
2488	4.97400	325.395	153.807	373.283	354.455	921.966	373.048
2489	4.97600	325.477	154.398	373.392	354.423	921.398	372.982
2490	4.97800	325.366	155.071	373.267	354.372	920.857	373.065
2491	4.98000	325.404	155.713	373.180	354.314	920.281	372.939
2492	4.98200	325.382	156.319	373.191	354.357	919.770	373.038
2493	4.98400	325.414	156.916	373.191	354.205	919.184	372.916
2494	4.98600	325.421	157.540	373.154	354.308	918.661	372.988
2495	4.98800	325.445	158.152	373.149	354.191	918.100	372.973
2496	4.99000	325.555	158.686	373.312	354.227	917.551	373.002
2497	4.99200	325.460	159.347	373.223	354.129	916.978	372.959
2498	4.99400	325.585	159.926	373.299	354.111	916.411	372.936
2499	4.99600	325.611	160.611	373.168	354.094	915.867	372.978
2500	4.99800	325.665	161.183	373.236	354.076	915.306	372.973
2501	5.00000	325.644	161.853	373.158	354.066	914.744	372.968
2502	5.00200	325.803	162.436	373.331	354.028	914.168	372.956
2503	5.00400	325.704	163.136	373.148	354.017	913.612	372.968
2504	5.00600	325.758	163.792	373.170	354.006	913.050	372.964
2505	5.00800	325.749	164.425	373.121	354.002	912.483	372.946
2506	5.01000	325.755	165.094	373.044	353.984	911.936	372.949
2507	5.01200	325.762	165.726	373.065	353.953	911.383	372.935
2508	5.01400	325.920	166.292	373.175	353.908	910.804	372.885
2509	5.01600	325.934	166.912	373.160	353.843	910.266	372.880
2510	5.01800	325.807	167.580	373.035	353.832	909.707	372.854
2511	5.02000	325.837	168.184	373.026	353.828	909.156	372.886
2512	5.02200	325.987	168.726	373.135	353.722	908.597	372.860
2513	5.02400	326.075	169.282	373.280	353.596	908.059	372.787
2514	5.02600	325.995	169.927	373.178	353.625	907.514	372.837
2515	5.02800	326.003	170.532	373.171	353.540	906.925	372.728
2516	5.03000	326.004	171.137	373.164	353.536	906.359	372.756
2517	5.03200	326.021	171.738	373.199	353.545	905.810	372.833
2518	5.03400	326.021	172.387	373.149	353.460	905.239	372.773
2519	5.03600	326.028	172.999	373.196	353.449	904.654	372.752
2520	5.03800	326.022	173.686	373.005	353.452	904.100	372.744
2521	5.04000	326.065	174.354	372.977	353.414	903.540	372.718
2522	5.04200	326.078	175.000	372.971	353.410	902.982	372.737
2523	5.04400	326.092	175.631	372.971	353.406	902.422	372.713
2524	5.04600	326.107	176.259	372.945	353.382	901.868	372.705
2525	5.04800	326.123	176.867	372.968	353.371	901.309	372.723
2526	5.05000	326.139	177.501	372.926	353.361	900.755	372.715
2527	5.05200	326.280	178.047	373.066	353.350	900.209	372.699
2528	5.05400	326.304	178.625	373.101	353.346	899.648	372.677
2529	5.05600	326.337	179.219	373.132	353.336	899.093	372.670
2530	5.05800	326.366	179.822	373.173	353.311	898.538	372.664
2531	5.06000	326.344	180.420	373.162	353.314	897.985	372.700
2532	5.06200	326.242	181.089	373.045	353.304	897.430	372.695
2533	5.06400	326.398	181.669	373.132	353.293	896.884	372.681
2534	5.06600	326.428	182.304	373.094	353.296	896.319	372.686
2535	5.06800	326.442	182.952	373.025	353.299	895.754	372.693
2536	5.07000	326.316	183.638	372.904	353.295	895.204	372.705
2537	5.07200	326.472	184.231	372.961	353.264	894.654	372.715
2538	5.07400	326.472	184.863	372.967	353.267	894.083	372.706
2539	5.07600	326.503	185.501	372.888	353.283	893.539	372.736
2540	5.07800	326.502	186.131	372.869	353.239	892.980	372.690
2541	5.08000	326.407	186.811	372.766	353.193	892.391	372.632
2542	5.08200	326.400	187.412	372.785	353.196	891.829	372.615
2543	5.08400	326.424	188.019	372.788	353.179	891.266	372.598
2544	5.08600	326.687	188.590	372.892	353.195	890.722	372.628
2545	5.08800	326.716	189.178	372.943	353.130	890.147	372.576
2546	5.09000	326.745	189.799	372.916	353.146	889.594	372.552
2547	5.09200	326.759	190.391	372.927	353.149	889.022	372.546
2548	5.09400	326.768	190.999	372.932	353.118	888.443	372.522
2549	5.09600	326.775	191.627	372.890	353.073	887.898	372.552
2550	5.09800	326.797	192.213	372.917	353.062	887.341	372.553
2551	5.10000	326.813	192.833	372.959	353.065	886.763	372.532
2552	5.10200	326.854	193.473	372.955	353.027	886.214	372.522
2553	5.10400	326.876	194.122	372.893	353.023	885.636	372.502
2554	5.10600	326.883	194.749	372.921	353.019	885.084	372.520
2555	5.10800	326.913	195.379	372.907	353.022	884.530	372.498
2556	5.11000	326.921	196.019	372.904	353.018	883.969	372.526
2557	5.11200	326.929	196.638	372.854	352.987	883.399	372.495
2558	5.11400	326.953	197.243	372.836	352.983	882.845	372.474
2559	5.11600	326.975	197.814	372.873	352.979	882.283	372.503
2560	5.11800	326.984	198.398	372.877	352.961	881.728	372.480
2561	5.12000	326.985	198.976	372.898	352.958	881.179	372.475
2562	5.12200	327.002	199.549	372.961	352.912	880.609	372.445
2563	5.12400	327.018	200.140	372.951	352.937	880.060	372.443
2564	5.12600	327.036	200.739	372.950	352.898	879.520	372.426
2565	5.12800	327.043	201.348	372.962	352.894	878.955	372.415
2566	5.13000	327.051	201.984	372.910	352.870	878.412	372.426
2567	5.13200	327.060	202.599	372.906	352.818	877.868	372.435
2568	5.13400	327.085	203.247	372.822	352.821	877.294	372.436
2569	5.13600	327.092	203.859	372.861	352.748	876.726	372.382
2570	5.13800	327.182	204.497	372.815	352.723	876.161	372.373
2571	5.14000	327.250	205.164	372.824	352.678	875.607	372.393
2572	5.14200	327.342	205.769	372.810	352.667	875.042	372.385
2573	5.14400	327.363	206.395	372.819	352.622	874.483	372.390
2574	5.14600	327.386	207.005	372.834	352.570	873.923	372.396
2575	5.14800	327.403	207.602	372.880	352.559	873.367	372.378
2576	5.15000	327.411	208.206	372.843	352.542	872.813	372.403
2577	5.15200	327.418	208.788	372.895	352.510	872.232	372.389
2578	5.15400	327.427	209.402	372.870	352.506	871.682	372.389
2579	5.15600	327.428	209.987	372.881	352.476	871.119	372.358
2580	5.15800	327.449	210.589	372.888	352.384	870.556	372.328
2581	5.16000	327.490	211.182	372.885	352.360	870.005	372.330
2582	5.16200	327.499	211.783	372.892	352.310	869.457	372.306
2583	5.16400	327.543	212.413	372.863	352.258	868.888	372.326
2584	5.16600	327.536	213.024	372.881	352.208	868.312	372.335
2585	5.16800	327.558	213.651	372.826	352.143	867.773	372.301
2586	5.17000	327.575	214.253	372.834	352.127	867.219	372.330
2587	5.17200	327.574	214.877	372.823	352.109	866.646	372.310
2588	5.17400	327.620	215.485	372.816	352.050	866.098	372.285
2589	5.17600	327.620	216.111	372.737	352.075	865.534	372.325
2590	5.17800	327.650	216.674	372.773	352.036	864.982	372.326
2591	5.18000	327.665	217.287	372.726	351.998	864.412	372.282
2592	5.18200	327.681	217.848	372.737	351.987	863.851	372.296
2593	5.18400	327.696	218.441	372.738	351.955	863.293	372.282
2594	5.18600	327.705	219.015	372.785	351.931	862.734	372.270
2595	5.18800	327.846	219.608	372.835	351.913	862.164	372.294
2596	5.19000	327.853	220.205	372.795	351.881	861.608	372.256
2597	5.19200	327.924	220.804	372.850	351.871	861.062	372.277
2598	5.19400	327.925	221.420	372.831	351.832	860.504	372.265
2599	5.19600	327.955	222.029	372.828	351.822	859.954	372.245
2600	5.19800	327.970	222.674	372.775	351.804	859.383	372.204
2601	5.20000	327.999	223.292	372.783	351.779	858.830	372.209
2602	5.20200	328.008	223.908	372.766	351.754	858.296	372.194
2603	5.20400	328.049	224.541	372.746	351.737	857.728	372.195
2604	5.20600	328.070	225.175	372.751	351.761	857.166	372.214
2605	5.20800	328.085	225.769	372.756	351.751	856.616	372.196
2606	5.21000	328.101	226.376	372.729	351.747	856.054	372.214
2607	5.21200	328.110	226.999	372.699	351.722	855.472	372.184
2608	5.21400	328.125	227.587	372.720	351.712	854.926	372.208
2609	5.21600	328.147	228.172	372.716	351.701	854.360	372.186
2610	5.21800	328.142	228.773	372.707	351.704	853.797	372.205
2611	5.22000	328.171	229.358	372.704	351.700	853.253	372.205
2612	5.22200	328.180	229.914	372.737	351.703	852.671	372.178
2613	5.22400	328.204	230.499	372.734	351.692	852.118	372.188
2614	5.22600	328.205	231.084	372.731	351.675	851.567	372.172
2615	5.22800	328.213	231.660	372.719	351.678	850.991	372.162
2616	5.23000	328.208	232.261	372.711	351.666	850.431	372.156
2617	5.23200	328.231	232.863	372.705	351.663	849.874	372.127
2618	5.23400	328.320	233.449	372.682	351.659	849.314	372.123
2619	5.23600	328.373	234.088	372.720	351.634	848.738	372.113
2620	5.23800	328.404	234.714	372.720	351.644	848.193	372.115
2621	5.24000	328.418	235.366	372.727	351.627	847.629	372.137
2622	5.24200	328.434	235.972	372.680	351.587	847.068	372.132
2623	5.24400	328.449	236.583	372.687	351.605	846.510	372.106
2624	5.24600	328.458	237.162	372.703	351.573	845.937	372.138
2625	5.24800	328.468	237.732	372.709	351.583	845.370	372.121
2626	5.25000	328.490	238.318	372.711	351.573	844.825	372.125
2627	5.25200	328.498	238.907	372.739	351.555	844.263	372.123
2628	5.25400	328.501	239.455	372.766	351.558	843.693	372.133
2629	5.25600	328.523	240.050	372.779	351.540	843.141	372.121
2630	5.25800	328.539	240.632	372.823	351.544	842.573	372.106
2631	5.26000	328.555	241.241	372.806	351.518	842.012	372.105
2632	5.26200	328.569	241.844	372.806	351.515	841.459	372.096
2633	5.26400	328.610	242.444	372.780	351.497	840.876	372.076
2634	5.26600	328.619	243.051	372.739	351.479	840.317	372.051
2635	5.26800	328.635	243.667	372.707	351.483	839.767	372.017
2636	5.27000	328.650	244.299	372.672	351.458	839.205	372.018
2637	5.27200	328.672	244.909	372.658	351.455	838.668	372.015
2638	5.27400	328.673	245.516	372.618	351.430	838.108	371.991
2639	5.27600	328.696	246.115	372.660	351.398	837.537	372.002
2640	5.27800	328.712	246.715	372.636	351.373	836.993	371.984
2641	5.28000	328.723	247.302	372.642	351.334	836.430	371.985
2642	5.28200	328.739	247.886	372.623	351.323	835.859	371.998
2643	5.28400	328.768	248.481	372.616	351.299	835.315	371.982
2644	5.28600	328.861	249.049	372.626	351.260	834.743	371.995
2645	5.28800	328.778	249.623	372.641	351.228	834.180	371.998
2646	5.29000	329.011	250.204	372.644	351.190	833.633	372.007
2647	5.29200	329.013	250.773	372.632	351.173	833.061	372.022
2648	5.29400	329.041	251.363	372.668	351.095	832.507	372.017
2649	5.29600	329.057	251.960	372.688	351.071	831.953	372.013
2650	5.29800	329.065	252.561	372.667	351.047	831.390	372.019
2651	5.30000	329.088	253.165	372.673	351.001	830.820	372.009
2652	5.30200	329.090	253.778	372.689	350.998	830.260	371.990
2653	5.30400	329.112	254.395	372.665	350.934	829.694	372.023
2654	5.30600	329.114	255.001	372.697	350.903	829.124	372.015
2655	5.30800	329.136	255.634	372.669	350.907	828.570	372.014
2656	5.31000	329.145	256.215	372.696	350.834	828.012	372.035
2657	5.31200	329.168	256.806	372.642	350.812	827.461	372.009
2658	5.31400	329.163	257.387	372.670	350.795	826.897	372.018
2659	5.31600	329.185	257.941	372.666	350.736	826.333	372.025
2660	5.31800	329.219	258.512	372.660	350.695	825.799	371.981
2661	5.32000	329.227	259.085	372.678	350.642	825.238	371.963
2662	5.32200	329.237	259.648	372.686	350.610	824.667	371.957
2663	5.32400	329.246	260.220	372.705	350.586	824.106	371.941
2664	5.32600	329.269	260.809	372.719	350.540	823.544	371.924
2665	5.32800	329.264	261.386	372.698	350.515	822.973	371.919
2666	5.33000	329.280	261.988	372.682	350.491	822.434	371.925
2667	5.33200	329.295	262.584	372.683	350.438	821.856	371.903
2668	5.33400	329.311	263.191	372.628	350.426	821.301	371.903
2669	5.33600	329.320	263.786	372.629	350.374	820.739	371.889
2670	5.33800	329.342	264.419	372.581	350.363	820.170	371.861
2671	5.34000	329.345	265.007	372.597	350.317	819.632	371.840
2672	5.34200	329.361	265.622	372.528	350.292	819.067	371.852
2673	5.34400	329.377	266.206	372.587	350.296	818.505	371.841
2674	5.34600	329.506	266.829	372.577	350.243	817.967	371.821
2675	5.34800	329.527	267.385	372.579	350.248	817.403	371.837
2676	5.35000	329.561	267.990	372.595	350.215	816.846	371.838
2677	5.35200	329.570	268.553	372.582	350.241	816.300	371.835
2678	5.35400	329.579	269.140	372.576	350.188	815.721	371.817
2679	5.35600	329.594	269.720	372.585	350.185	815.165	371.823
2680	5.35800	329.610	270.282	372.573	350.189	814.609	371.828
2681	5.36000	329.633	270.863	372.583	350.118	814.043	371.844
2682	5.36200	329.641	271.443	372.593	350.129	813.493	371.866
2683	5.36400	329.650	272.038	372.574	350.091	812.937	371.871
2684	5.36600	329.666	272.620	372.610	350.116	812.365	371.874
2685	5.36800	329.688	273.254	372.568	350.085	811.804	371.840
2686	5.37000	329.698	273.827	372.594	350.088	811.240	371.831
2687	5.37200	329.713	274.445	372.556	350.085	810.675	371.850
2688	5.37400	329.741	275.042	372.565	350.067	810.136	371.835
2689	5.37600	329.771	275.660	372.528	350.057	809.557	371.824
2690	5.37800	329.786	276.246	372.501	350.039	808.999	371.831
2691	5.38000	329.795	276.827	372.514	350.048	808.451	371.829
2692	5.38200	329.812	277.397	372.491	350.017	807.872	371.818
2693	5.38400	329.827	277.960	372.484	350.028	807.324	371.817
2694	5.38600	329.842	278.523	372.477	350.002	806.760	371.810
2695	5.38800	329.858	279.079	372.485	349.992	806.186	371.815
2696	5.39000	329.880	279.652	372.489	350.002	805.622	371.811
2697	5.39200	329.889	280.217	372.509	349.984	805.065	371.820
2698	5.39400	330.008	280.810	372.540	349.959	804.498	371.840
2699	5.39600	330.047	281.384	372.548	349.962	803.945	371.800
2700	5.39800	330.090	281.980	372.534	349.938	803.387	371.811
2701	5.40000	330.098	282.566	372.510	349.927	802.807	371.803
2702	5.40200	330.233	283.133	372.581	349.931	802.252	371.790
2703	5.40400	330.129	283.781	372.466	349.899	801.687	371.786
2704	5.40600	330.138	284.386	372.464	349.924	801.129	371.800
2705	5.40800	330.161	284.990	372.463	349.885	800.566	371.771
2706	5.41000	330.170	285.595	372.462	349.890	800.002	371.770
2707	5.41200	330.180	286.191	372.450	349.849	799.432	371.726
2708	5.41400	330.195	286.773	372.469	349.839	798.885	371.704
2709	5.41600	330.204	287.352	372.463	349.814	798.320	371.702
2710	5.41800	330.213	287.916	372.461	349.817	797.764	371.691
2711	5.42000	330.222	288.496	372.455	349.775	797.196	371.718
2712	5.42200	330.330	289.022	372.525	349.769	796.647	371.720
2713	5.42400	330.247	289.631	372.438	349.725	796.081	371.721
2714	5.42600	330.362	290.161	372.560	349.694	795.509	371.706
2715	5.42800	330.372	290.716	372.548	349.683	794.948	371.747
2716	5.43000	330.374	291.273	372.563	349.658	794.393	371.711
2717	5.43200	330.282	291.899	372.473	349.626	793.832	371.752
2718	5.43400	330.439	292.425	372.546	349.629	793.275	371.743
2719	5.43600	330.448	293.022	372.539	349.604	792.725	371.749
2720	5.43800	330.465	293.609	372.521	349.601	792.150	371.762
2721	5.44000	330.466	294.197	372.503	349.576	791.593	371.754
2722	5.44200	330.496	294.802	372.508	349.559	791.036	371.747
2723	5.44400	330.519	295.413	372.473	349.546	790.463	371.734
2724	5.44600	330.522	295.985	372.460	349.537	789.915	371.717
2725	5.44800	330.559	296.581	372.455	349.505	789.342	371.705
2726	5.45000	330.589	297.135	372.422	349.486	788.778	371.683
2727	5.45200	330.720	297.713	372.443	349.476	788.220	371.677
2728	5.45400	330.838	298.267	372.434	349.466	787.660	371.698
2729	5.45600	330.847	298.834	372.464	349.448	787.107	371.732
2730	5.45800	330.883	299.408	372.480	349.431	786.536	371.698
2731	5.46000	330.907	299.967	372.525	349.385	785.992	371.721
2732	5.46200	330.908	300.524	372.519	349.357	785.437	371.693
2733	5.46400	330.938	301.090	372.550	349.296	784.870	371.698
2734	5.46600	330.941	301.664	372.567	349.265	784.309	371.719
2735	5.46800	330.950	302.252	372.554	349.248	783.760	371.705
2736	5.47000	330.965	302.841	372.542	349.151	783.216	371.641
2737	5.47200	330.982	303.420	372.519	349.112	782.649	371.648
2738	5.47400	330.991	304.018	372.518	349.074	782.093	371.620
2739	5.47600	331.014	304.624	372.529	349.050	781.528	371.602
2740	5.47800	331.015	305.220	372.503	349.010	780.962	371.584
2741	5.48000	331.025	305.816	372.478	348.972	780.413	371.572
2742	5.48200	331.048	306.406	372.493	348.960	779.848	371.555
2743	5.48400	331.057	306.979	372.487	348.917	779.285	371.514
2744	5.48600	331.067	307.551	372.481	348.906	778.733	371.528
2745	5.48800	331.083	308.126	372.501	348.875	778.183	371.517
2746	5.49000	331.106	308.673	372.489	348.814	777.634	371.508
2747	5.49200	331.107	309.254	372.470	348.768	777.081	371.522
2748	5.49400	331.150	309.772	372.492	348.766	776.529	371.538
2749	5.49600	331.166	310.337	372.503	348.735	775.968	371.564
2750	5.49800	331.182	310.894	372.503	348.725	775.403	371.551
2751	5.50000	331.191	311.435	372.507	348.701	774.843	371.552
2752	5.50200	331.206	312.008	372.504	348.652	774.264	371.602
2753	5.50400	331.222	312.588	372.487	348.628	773.712	371.619
2754	5.50600	331.315	313.200	372.532	348.604	773.168	371.625
2755	5.50800	331.371	313.772	372.506	348.593	772.600	371.638
2756	5.51000	331.412	314.370	372.488	348.583	772.049	371.630
2757	5.51200	331.434	314.960	372.483	348.566	771.490	371.634
2758	5.51400	331.449	315.558	372.490	348.576	770.924	371.623
2759	5.51600	331.460	316.156	372.495	348.537	770.373	371.615
2760	5.51800	331.469	316.721	372.484	348.519	769.806	371.604
2761	5.52000	331.491	317.288	372.499	348.502	769.240	371.595
2762	5.52200	331.494	317.835	372.491	348.475	768.689	371.587
2763	5.52400	331.509	318.399	372.456	348.486	768.106	371.575
2764	5.52600	331.518	318.949	372.474	348.440	767.555	371.568
2765	5.52800	331.527	319.506	372.479	348.444	766.995	371.575
2766	5.53000	331.551	320.074	372.521	348.425	766.426	371.590
2767	5.53200	331.559	320.630	372.501	348.408	765.861	371.557
2768	5.53400	331.561	321.197	372.517	348.375	765.308	371.577
2769	5.53600	331.584	321.778	372.505	348.371	764.727	371.541
2770	5.53800	331.594	322.341	372.471	348.355	764.182	371.552
2771	5.54000	331.609	322.932	372.471	348.344	763.622	371.560
2772	5.54200	331.618	323.510	372.409	348.326	763.057	371.527
2773	5.54400	331.634	324.093	372.424	348.323	762.496	371.536
2774	5.54600	331.656	324.691	372.410	348.312	761.929	371.530
2775	5.54800	331.659	325.272	372.400	348.309	761.377	371.529
2776	5.55000	331.682	325.845	372.379	348.290	760.802	371.508
2777	5.55200	331.717	326.428	372.397	348.244	760.253	371.480
2778	5.55400	331.733	326.992	372.365	348.269	759.701	371.481
2779	5.55600	331.755	327.551	372.375	348.245	759.142	371.466
2780	5.55800	331.875	328.144	372.383	348.249	758.592	371.441
2781	5.56000	331.922	328.693	372.359	348.216	758.026	371.411
2782	5.56200	331.958	329.295	372.400	348.206	757.479	371.451
2783	5.56400	331.974	329.843	372.374	348.195	756.920	371.437
2784	5.56600	331.989	330.410	372.396	348.192	756.359	371.449
2785	5.56800	332.012	330.959	372.396	348.182	755.813	371.465
2786	5.57000	332.008	331.518	372.407	348.178	755.247	371.437
2787	5.57200	332.037	332.100	372.402	348.161	754.691	371.490
2788	5.57400	332.032	332.649	372.403	348.143	754.131	371.477
2789	5.57600	332.056	333.247	372.393	348.132	753.577	371.505
2790	5.57800	332.064	333.830	372.389	348.129	753.017	371.494
2791	5.58000	332.081	334.419	372.369	348.111	752.473	371.485
2792	5.58200	332.090	335.001	372.365	348.115	751.896	371.497
2793	5.58400	332.107	335.592	372.372	348.091	751.359	371.504
2794	5.58600	332.108	336.173	372.343	348.088	750.799	371.494
2795	5.58800	332.125	336.739	372.342	348.084	750.239	371.484
2796	5.59000	332.120	337.296	372.331	348.059	749.681	371.448
2797	5.59200	332.143	337.845	372.310	348.056	749.119	371.464
2798	5.59400	332.144	338.395	372.314	348.031	748.552	371.440
2799	5.59600	332.161	338.936	372.307	348.029	748.006	371.461
2800	5.59800	332.177	339.493	372.298	348.003	747.423	371.433
2801	5.60000	332.179	340.045	372.328	348.008	746.877	371.455
2802	5.60200	332.203	340.603	372.344	347.982	746.316	371.447
2803	5.60400	332.286	341.162	372.385	347.973	745.745	371.476
2804	5.60600	332.215	341.720	372.352	347.955	745.194	371.457
2805	5.60800	332.318	342.285	372.354	347.943	744.622	371.485
2806	5.61000	332.334	342.866	372.329	347.941	744.078	371.483
2807	5.61200	332.342	343.431	372.307	347.909	743.510	371.462
2808	5.61400	332.359	344.014	372.308	347.899	742.954	371.496
2809	5.61600	332.466	344.609	372.326	347.867	742.404	371.453
2810	5.61800	332.488	345.192	372.328	347.843	741.842	371.473
2811	5.62000	332.511	345.775	372.330	347.819	741.274	371.454
2812	5.62200	332.539	346.333	372.325	347.795	740.729	371.452
2813	5.62400	332.569	346.909	372.342	347.744	740.161	371.433
2814	5.62600	332.578	347.467	372.337	347.727	739.625	371.422
2815	5.62800	332.580	348.025	372.333	347.674	739.051	371.363
2816	5.63000	332.603	348.592	372.339	347.628	738.499	371.348
2817	5.63200	332.606	349.150	372.335	347.620	737.954	371.349
2818	5.63400	332.628	349.701	372.346	347.574	737.394	371.320
2819	5.63600	332.638	350.259	372.342	347.506	736.883	371.304
2820	5.63800	332.646	350.810	372.353	347.421	736.322	371.303
2821	5.64000	332.663	351.377	372.361	347.405	735.768	371.316
2822	5.64200	332.672	351.919	372.361	347.353	735.206	371.313
2823	5.64400	332.687	352.501	372.342	347.343	734.643	371.337
2824	5.64600	332.697	353.068	372.351	347.320	734.090	371.326
2825	5.64800	332.713	353.634	372.335	347.289	733.527	371.351
2826	5.65000	332.722	354.200	372.319	347.232	732.954	371.387
2827	5.65200	332.739	354.782	372.301	347.223	732.400	371.402
2828	5.65400	332.748	355.358	372.322	347.198	731.845	371.416
2829	5.65600	332.764	355.940	372.305	347.181	731.301	371.395
2830	5.65800	332.781	356.489	372.293	347.148	730.729	371.405
2831	5.66000	332.790	357.064	372.290	347.124	730.176	371.395
2832	5.66200	332.800	357.620	372.239	347.113	729.630	371.400
2833	5.66400	332.809	358.171	372.254	347.088	729.063	371.361
2834	5.66600	332.819	358.721	372.244	347.071	728.524	371.381
2835	5.66800	332.842	359.271	372.234	347.031	727.947	371.353
2836	5.67000	332.969	359.782	372.318	347.014	727.385	371.356
2837	5.67200	332.978	360.333	372.334	346.989	726.831	371.347
2838	5.67400	332.995	360.892	372.362	346.957	726.259	371.361
2839	5.67600	333.026	361.441	372.327	346.947	725.706	371.353
2840	5.67800	333.042	362.016	372.327	346.930	725.143	371.358
2841	5.68000	333.169	362.594	372.333	346.905	724.574	371.347
2842	5.68200	333.211	363.160	372.299	346.895	724.018	371.366
2843	5.68400	333.267	363.754	372.325	346.848	723.441	371.341
2844	5.68600	333.282	364.337	372.313	346.853	722.894	371.351
2845	5.68800	333.312	364.919	372.275	346.813	722.333	371.329
2846	5.69000	333.321	365.518	372.260	346.796	721.763	371.321
2847	5.69200	333.338	366.101	372.249	346.757	721.209	371.315
2848	5.69400	333.353	366.677	372.252	346.739	720.639	371.307
2849	5.69600	333.363	367.228	372.272	346.729	720.093	371.293
2850	5.69800	333.387	367.787	372.277	346.711	719.541	371.263
2851	5.70000	333.396	368.329	372.261	346.701	718.994	371.273
2852	5.70200	333.398	368.887	372.242	346.698	718.441	371.245
2853	5.70400	333.421	369.430	372.252	346.666	717.887	371.242
2854	5.70600	333.424	369.980	372.248	346.663	717.349	371.243
2855	5.70800	333.440	370.515	372.248	346.653	716.794	371.240
2856	5.71000	333.443	371.058	372.283	346.621	716.247	371.252
2857	5.71200	333.459	371.609	372.280	346.639	715.693	371.251
2858	5.71400	333.468	372.177	372.300	346.607	715.129	371.260
2859	5.71600	333.485	372.735	372.284	346.612	714.573	371.285
2860	5.71800	333.494	373.301	372.253	346.580	714.018	371.283
2861	5.72000	333.503	373.868	372.249	346.584	713.461	371.309
2862	5.72200	333.506	374.435	372.244	346.560	712.921	371.336
2863	5.72400	333.529	375.011	372.252	346.557	712.357	371.348
2864	5.72600	333.532	375.578	372.248	346.554	711.803	371.349
2865	5.72800	333.547	376.129	372.248	346.536	711.240	371.336
2866	5.73000	333.550	376.695	372.220	346.526	710.685	371.337
2867	5.73200	333.559	377.230	372.222	346.537	710.123	371.325
2868	5.73400	333.575	377.788	372.209	346.527	709.559	371.338
2869	5.73600	333.584	378.322	372.187	346.510	708.999	371.301
2870	5.73800	333.600	378.848	372.179	346.492	708.443	371.303
2871	5.74000	333.728	379.429	372.246	346.496	707.874	371.278
2872	5.74200	333.769	379.965	372.253	346.472	707.326	371.295
2873	5.74400	333.814	380.518	372.306	346.476	706.754	371.296
2874	5.74600	333.823	381.054	372.336	346.443	706.200	371.273
2875	5.74800	333.853	381.614	372.350	346.447	705.636	371.289
2876	5.75000	333.869	382.156	372.342	346.415	705.080	371.292
2877	5.75200	333.891	382.716	372.332	346.420	704.509	371.295
2878	5.75400	333.914	383.282	372.308	346.394	703.953	371.298
2879	5.75600	333.931	383.833	372.311	346.378	703.398	371.304
2880	5.75800	333.953	384.417	372.286	346.361	702.844	371.285
2881	5.76000	333.963	384.984	372.287	346.350	702.288	371.290
2882	5.76200	333.972	385.576	372.273	346.300	701.725	371.283
2883	5.76400	333.996	386.134	372.264	346.289	701.160	371.300
2884	5.76600	334.006	386.702	372.266	346.252	700.606	371.283
2885	5.76800	334.094	387.252	372.271	346.227	700.043	371.275
2886	5.77000	334.104	387.811	372.262	346.210	699.488	371.257
2887	5.77200	334.120	388.355	372.283	346.193	698.934	371.240
2888	5.77400	334.122	388.905	372.264	346.139	698.371	371.206
2889	5.77600	334.138	389.448	372.259	346.138	697.825	371.205
2890	5.77800	334.147	389.991	372.255	346.098	697.270	371.186
2891	5.78000	334.157	390.526	372.265	346.054	696.715	371.170
2892	5.78200	334.173	391.053	372.264	346.023	696.166	371.193
2893	5.78400	334.176	391.579	372.262	345.981	695.603	371.191
2894	5.78600	334.184	392.122	372.260	345.936	695.037	371.211
2895	5.78800	334.194	392.665	372.256	345.927	694.481	371.222
2896	5.79000	334.203	393.233	372.263	345.895	693.932	371.246
2897	5.79200	334.213	393.784	372.247	345.886	693.368	371.244
2898	5.79400	334.229	394.343	372.242	345.847	692.819	371.268
2899	5.79600	334.238	394.919	372.236	345.852	692.271	371.269
2900	5.79800	334.347	395.513	372.233	345.820	691.715	371.280
2901	5.80000	334.377	396.082	372.242	345.764	691.188	371.210
2902	5.80200	334.433	396.692	372.260	345.733	690.631	371.221
2903	5.80400	334.449	397.243	372.245	345.722	690.060	371.206
2904	5.80600	334.465	397.795	372.257	345.698	689.504	371.193
2905	5.80800	334.475	398.321	372.234	345.688	688.940	371.193
2906	5.81000	334.491	398.864	372.235	345.664	688.401	371.183
2907	5.81200	334.493	399.382	372.226	345.654	687.820	371.182
2908	5.81400	334.510	399.926	372.252	345.622	687.272	371.184
2909	5.81600	334.519	400.453	372.256	345.625	686.708	371.184
2910	5.81800	334.549	400.998	372.284	345.594	686.158	371.212
2911	5.82000	334.558	401.541	372.286	345.576	685.595	371.188
2912	5.82200	334.581	402.076	372.277	345.531	685.037	371.202
2913	5.82400	334.611	402.627	372.267	345.528	684.482	371.193
2914	5.82600	334.613	403.179	372.256	345.503	683.926	371.183
2915	5.82800	334.629	403.746	372.243	345.479	683.369	371.199
2916	5.83000	334.638	404.321	372.192	345.447	682.812	371.190
2917	5.83200	334.655	404.905	372.177	345.401	682.247	371.191
2918	5.83400	334.671	405.472	372.166	345.384	681.700	371.172
2919	5.83600	334.673	406.040	372.154	345.345	681.128	371.160
2920	5.83800	334.697	406.608	372.143	345.314	680.564	371.139
2921	5.84000	334.700	407.176	372.157	345.289	680.015	371.145
2922	5.84200	334.723	407.720	372.163	345.286	679.443	371.137
2923	5.84400	334.719	408.278	372.141	345.226	678.911	371.119
2924	5.84600	334.735	408.814	372.135	345.230	678.348	371.100
2925	5.84800	334.745	409.357	372.141	345.178	677.799	371.107
2926	5.85000	334.754	409.883	372.125	345.189	677.251	371.091
2927	5.85200	334.763	410.419	372.145	345.158	676.710	371.113
2928	5.85400	334.766	410.946	372.129	345.134	676.153	371.108
2929	5.85600	334.775	411.465	372.152	345.103	675.595	371.128
2930	5.85800	334.778	412.009	372.159	345.079	675.048	371.113
2931	5.86000	334.786	412.552	372.143	345.076	674.497	371.149
2932	5.86200	334.796	413.104	372.162	345.039	673.941	371.146
2933	5.86400	334.812	413.664	372.144	345.016	673.383	371.168
2934	5.86600	334.915	414.251	372.165	344.986	672.825	371.191
2935	5.86800	334.931	414.811	372.148	344.962	672.276	371.203
2936	5.87000	334.980	415.405	372.153	344.958	671.719	371.200
2937	5.87200	335.010	415.974	372.174	344.928	671.161	371.224
2938	5.87400	335.027	416.550	372.155	344.931	670.613	371.210
2939	5.87600	335.035	417.102	372.152	344.908	670.049	371.196
2940	5.87800	335.045	417.661	372.136	344.891	669.484	371.182
2941	5.88000	335.068	418.189	372.149	344.887	668.927	371.181
2942	5.88200	335.078	418.723	372.123	344.843	668.347	371.166
2943	5.88400	335.094	419.259	372.124	344.819	667.781	371.176
2944	5.88600	335.096	419.778	372.126	344.802	667.216	371.163
2945	5.88800	335.119	420.314	372.152	344.777	666.650	371.175
2946	5.89000	335.129	420.842	372.192	344.767	666.086	371.162
2947	5.89200	335.145	421.378	372.193	344.757	665.527	371.188
2948	5.89400	335.162	421.929	372.193	344.746	664.953	371.187
2949	5.89600	335.185	422.473	372.181	344.729	664.404	371.203
2950	5.89800	335.201	423.016	372.170	344.697	663.847	371.178
2951	5.90000	335.210	423.568	372.145	344.701	663.281	371.193
2952	5.90200	335.226	424.127	372.107	344.647	662.725	371.168
2953	5.90400	335.242	424.695	372.082	344.630	662.167	371.171
2954	5.90600	335.259	425.254	372.069	344.605	661.602	371.159
2955	5.90800	335.384	425.812	372.079	344.595	661.053	371.152
2956	5.91000	335.407	426.372	372.068	344.556	660.488	371.141
2957	5.91200	335.409	426.917	372.109	344.568	659.947	371.149
2958	5.91400	335.426	427.477	372.099	344.529	659.381	371.139
2959	5.91600	335.463	428.036	372.062	344.540	658.834	371.108
2960	5.91800	335.473	428.580	372.054	344.509	658.276	371.113
2961	5.92000	335.503	429.107	372.048	344.506	657.736	371.096
2962	5.92200	335.512	429.650	372.040	344.489	657.187	371.090
2963	5.92400	335.529	430.177	372.034	344.480	656.629	371.098
2964	5.92600	335.645	430.691	372.061	344.462	656.080	371.091
2965	5.92800	335.688	431.203	372.084	344.452	655.522	371.100
2966	5.93000	335.739	431.757	372.141	344.422	654.973	371.096
2967	5.93200	335.819	432.283	372.135	344.419	654.415	371.104
2968	5.93400	335.849	432.820	372.168	344.402	653.857	371.111
2969	5.93600	335.852	433.372	372.174	344.385	653.307	371.133
2970	5.93800	335.876	433.924	372.180	344.374	652.757	371.130
2971	5.94000	335.892	434.492	372.160	344.365	652.207	371.152
2972	5.94200	335.909	435.044	372.166	344.340	651.657	371.149
2973	5.94400	335.918	435.613	372.172	344.337	651.107	371.172
2974	5.94600	335.935	436.189	372.164	344.327	650.542	371.143
2975	5.94800	335.958	436.766	372.157	344.317	649.993	371.142
2976	5.95000	335.968	437.302	372.191	344.292	649.443	371.140
2977	5.95200	335.985	437.837	372.176	344.276	648.886	371.126
2978	5.95400	335.995	438.364	372.174	344.251	648.329	371.110
2979	5.95600	336.011	438.892	372.174	344.248	647.770	371.122
2980	5.95800	336.021	439.411	372.186	344.238	647.221	371.123
2981	5.96000	336.029	439.922	372.187	344.228	646.655	371.121
2982	5.96200	336.039	440.433	372.213	344.189	646.105	371.121
2983	5.96400	336.062	440.970	372.226	344.147	645.573	371.101
2984	5.96600	336.064	441.498	372.251	344.122	645.014	371.112
2985	5.96800	336.088	442.034	372.264	344.113	644.457	371.102
2986	5.97000	336.097	442.561	372.265	344.081	643.890	371.100
2987	5.97200	336.113	443.112	372.225	344.071	643.341	371.103
2988	5.97400	336.123	443.664	372.212	344.061	642.774	371.103
2989	5.97600	336.132	444.224	372.185	344.016	642.225	371.080
2990	5.97800	336.142	444.784	372.159	343.999	641.659	371.081
2991	5.98000	336.151	445.369	372.143	343.989	641.101	371.071
2992	5.98200	336.161	445.929	372.143	343.978	640.535	371.073
2993	5.98400	336.170	446.498	372.129	343.954	639.977	371.063
2994	5.98600	336.187	447.050	372.117	343.908	639.427	371.040
2995	5.98800	336.196	447.602	372.106	343.877	638.862	371.017
2996	5.99000	336.199	448.137	372.096	343.846	638.312	370.996
2997	5.99200	336.302	448.700	372.103	343.821	637.754	370.987
2998	5.99400	336.319	449.228	372.132	343.790	637.214	370.955
2999	5.99600	336.349	449.755	372.112	343.773	636.647	370.959
3000	5.99800	336.372	450.283	372.118	343.749	636.113	370.966
3001	6.00000	336.422	450.828	372.124	343.739	635.562	370.972
3002	6.00200	336.431	451.348	372.143	343.708	635.004	370.966
3003	6.00400	336.447	451.867	372.137	343.691	634.453	370.972
3004	6.00600	336.457	452.403	372.155	343.653	633.894	370.991
3005	6.00800	336.473	452.931	372.161	343.650	633.360	371.000
3006	6.01000	336.476	453.483	372.153	343.626	632.792	371.032
3007	6.01200	336.492	454.027	372.158	343.602	632.249	371.053
3008	6.01400	336.502	454.596	372.150	343.592	631.691	371.049
3009	6.01600	336.525	455.156	372.130	343.555	631.140	371.058
3010	6.01800	336.528	455.733	372.133	343.524	630.598	371.056
3011	6.02000	336.552	456.302	372.125	343.480	630.031	371.064
3012	6.02200	336.561	456.862	372.131	343.477	629.482	371.049
3013	6.02400	336.571	457.422	372.112	343.432	628.914	371.057
3014	6.02600	336.580	457.958	372.108	343.416	628.365	371.043
3015	6.02800	336.597	458.486	372.117	343.371	627.789	371.064
3016	6.03000	336.606	458.988	372.091	343.334	627.214	371.060
3017	6.03200	336.615	459.508	372.089	343.309	626.656	371.057
3018	6.03400	336.618	460.019	372.075	343.285	626.104	371.068
3019	6.03600	336.627	460.538	372.098	343.254	625.538	371.053
3020	6.03800	336.644	461.066	372.134	343.244	624.978	371.077
3021	6.04000	336.653	461.595	372.171	343.205	624.428	371.063
3022	6.04200	336.677	462.122	372.156	343.181	623.860	371.073
3023	6.04400	336.679	462.658	372.155	343.128	623.302	371.046
3024	6.04600	336.689	463.193	372.128	343.111	622.743	371.046
3025	6.04800	336.712	463.737	372.114	343.080	622.184	371.045
3026	6.05000	336.721	464.273	372.088	343.063	621.633	371.059
3027	6.05200	336.737	464.825	372.062	343.045	621.073	371.060
3028	6.05400	336.754	465.394	372.034	343.014	620.523	371.049
3029	6.05600	336.763	465.954	372.020	343.018	619.964	371.051
3030	6.05800	336.773	466.506	372.019	342.987	619.406	371.028
3031	6.06000	336.790	467.067	372.005	342.998	618.856	371.019
3032	6.06200	336.907	467.639	372.035	342.953	618.305	371.009
3033	6.06400	336.951	468.184	372.050	342.964	617.763	371.014
3034	6.06600	336.988	468.753	372.076	342.940	617.205	370.993
3035	6.06800	337.018	469.281	372.067	342.944	616.654	370.984
3036	6.07000	337.027	469.817	372.044	342.934	616.103	371.002
3037	6.07200	337.043	470.337	372.048	342.924	615.560	371.008
3038	6.07400	337.060	470.865	372.064	342.913	614.993	370.999
3039	6.07600	337.076	471.376	372.056	342.896	614.450	371.005
3040	6.07800	337.079	471.903	372.072	342.886	613.883	371.023
3041	6.08000	337.095	472.423	372.052	342.863	613.340	371.029
3042	6.08200	337.105	472.942	372.082	342.867	612.788	371.049
3043	6.08400	337.128	473.486	372.073	342.836	612.244	371.081
3044	6.08600	337.131	474.014	372.065	342.853	611.694	371.077
3045	6.08800	337.154	474.574	372.056	342.829	611.142	371.096
3046	6.09000	337.228	475.117	372.071	342.826	610.584	371.079
3047	6.09200	337.181	475.687	372.051	342.795	610.040	371.087
3048	6.09400	337.254	476.239	372.079	342.799	609.482	371.070
3049	6.09600	337.271	476.824	372.082	342.782	608.922	371.078
3050	6.09800	337.281	477.368	372.075	342.772	608.380	371.063
3051	6.10000	337.290	477.912	372.068	342.762	607.829	371.059
3052	6.10200	337.307	478.440	372.063	342.738	607.254	371.042
3053	6.10400	337.323	478.943	372.047	342.728	606.703	371.039
3054	6.10600	337.319	479.446	372.031	342.697	606.145	371.024
3055	6.10800	337.348	479.949	372.016	342.659	605.585	371.007
3056	6.11000	337.351	480.452	372.025	342.663	605.034	371.032
3057	6.11200	337.374	480.963	372.048	342.632	604.466	371.028
3058	6.11400	337.398	481.483	372.058	342.629	603.923	371.041
3059	6.11600	337.414	481.994	372.081	342.612	603.355	371.039
3060	6.11800	337.430	482.522	372.078	342.602	602.805	371.039
3061	6.12000	337.447	483.042	372.063	342.571	602.253	371.038
3062	6.12200	337.456	483.585	372.034	342.568	601.702	371.039
3063	6.12400	337.574	484.132	372.038	342.544	601.151	371.039
3064	6.12600	337.730	484.684	372.071	342.513	600.584	371.013
3065	6.12800	337.767	485.237	372.082	342.461	600.024	370.999
3066	6.13000	337.812	485.813	372.052	342.430	599.481	370.988
3067	6.13200	337.815	486.366	372.064	342.345	598.948	370.941
3068	6.13400	337.852	486.935	372.073	342.320	598.389	370.929
3069	6.13600	337.855	487.496	372.071	342.303	597.855	370.907
3070	6.13800	337.865	488.040	372.069	342.265	597.304	370.883
3071	6.14000	337.882	488.584	372.094	342.263	596.760	370.900
3072	6.14200	337.898	489.111	372.094	342.225	596.209	370.903
3073	6.14400	337.908	489.656	372.094	342.222	595.674	370.908
3074	6.14600	337.924	490.175	372.083	342.191	595.122	370.912
3075	6.14800	337.941	490.695	372.098	342.175	594.579	370.929
3076	6.15000	337.950	491.206	372.099	342.151	594.011	370.933
3077	6.15200	337.967	491.709	372.115	342.128	593.468	370.952
3078	6.15400	337.970	492.220	372.117	342.097	592.907	370.969
3079	6.15600	337.986	492.731	372.121	342.060	592.364	370.988
3080	6.15800	337.996	493.242	372.124	342.050	591.812	371.019
3081	6.16000	338.005	493.778	372.114	342.040	591.252	371.012
3082	6.16200	338.022	494.306	372.117	342.016	590.701	371.018
3083	6.16400	338.038	494.858	372.107	341.999	590.141	371.012
3084	6.16600	338.048	495.402	372.110	341.975	589.590	370.994
3085	6.16800	338.072	495.947	372.114	341.945	589.022	371.001
3086	6.17000	338.089	496.499	372.129	341.914	588.463	370.997
3087	6.17200	338.091	497.051	372.095	341.904	587.912	370.979
3088	6.17400	338.101	497.595	372.099	341.873	587.352	370.974
3089	6.17600	338.117	498.106	372.080	341.849	586.784	370.955
3090	6.17800	338.120	498.618	372.085	341.818	586.232	370.963
3091	6.18000	338.129	499.121	372.080	341.808	585.672	370.959
3092	6.18200	338.146	499.623	372.049	341.777	585.128	370.981
3093	6.18400	338.155	500.143	372.043	341.767	584.552	370.976
3094	6.18600	338.158	500.638	372.050	341.687	584.000	370.958
3095	6.18800	338.168	501.157	372.070	341.663	583.431	370.966
3096	6.19000	338.184	501.660	372.116	341.625	582.887	370.963
3097	6.19200	338.194	502.188	372.098	341.594	582.319	370.948
3098	6.19400	338.203	502.699	372.106	341.556	581.783	370.958
3099	6.19600	338.213	503.226	372.089	341.539	581.223	370.957
3100	6.19800	338.243	503.746	372.085	341.508	580.687	370.968
3101	6.20000	338.245	504.274	372.043	341.512	580.120	370.955
3102	6.20200	338.378	504.845	372.096	341.474	579.584	370.967
3103	6.20400	338.394	505.373	372.055	341.464	579.032	370.956
3104	6.20600	338.459	505.935	372.091	341.433	578.481	370.942
3105	6.20800	338.476	506.479	372.076	341.430	577.938	370.919
3106	6.21000	338.485	507.024	372.086	341.420	577.402	370.934
3107	6.21200	338.509	507.568	372.071	341.410	576.851	370.923
3108	6.21400	338.512	508.095	372.081	341.394	576.315	370.938
3109	6.21600	338.520	508.376	372.099	341.391	575.854	370.919
3110	6.21800	338.492	508.120	372.142	341.404	575.698	370.926
3111	6.22000	338.433	507.360	372.236	341.426	575.805	370.944
3112	6.22200	338.230	506.417	372.179	341.447	575.970	370.951
3113	6.22400	338.177	505.534	372.241	341.455	576.134	370.958
3114	6.22600	338.118	504.660	372.266	341.484	576.291	370.978
3115	6.22800	338.086	503.811	372.306	341.533	576.447	371.000
3116	6.23000	338.048	502.986	372.307	341.576	576.588	370.994
3117	6.23200	338.016	502.170	372.321	341.618	576.720	370.976
3118	6.23400	337.984	501.354	372.336	341.660	576.845	370.971
3119	6.23600	337.952	500.546	372.314	341.758	577.002	370.941
3120	6.23800	337.885	499.781	372.255	341.793	577.134	370.922
3121	6.24000	337.797	498.982	372.248	341.855	577.274	370.915
3122	6.24200	337.786	498.207	372.202	341.952	577.388	370.943
3123	6.24400	337.774	497.440	372.144	341.987	577.536	370.949
3124	6.24600	337.777	496.674	372.086	342.008	577.667	370.955
3125	6.24800	337.871	495.856	372.128	342.030	577.823	370.974
3126	6.25000	337.901	495.016	372.163	342.031	577.988	370.982
3127	6.25200	337.952	494.207	372.146	342.039	578.153	370.989
3128	6.25400	337.976	493.366	372.182	342.033	578.326	370.984
3129	6.25600	337.999	492.517	372.206	342.034	578.490	370.992
3130	6.25800	338.016	491.668	372.206	342.014	578.656	370.974
3131	6.26000	338.039	490.869	372.204	342.029	578.812	370.969
3132	6.26200	338.035	490.061	372.191	341.989	578.996	370.903
3133	6.26400	338.031	489.269	372.177	341.942	579.153	370.899
3134	6.26600	338.033	488.469	372.152	341.916	579.310	370.893
3135	6.26800	338.022	487.686	372.151	341.882	579.457	370.899
3136	6.27000	338.019	486.927	372.138	341.862	579.606	370.906
3137	6.27200	337.994	486.119	372.127	341.842	579.745	370.899
3138	6.27400	337.976	485.303	372.130	341.788	579.877	370.930
3139	6.27600	337.944	484.503	372.132	341.755	580.017	370.924
3140	6.27800	337.892	483.711	372.097	341.735	580.148	370.930
3141	6.28000	337.833	482.927	372.124	341.708	580.296	370.935
3142	6.28200	337.719	482.109	372.076	341.660	580.435	370.926
3143	6.28400	337.579	481.307	372.050	341.632	580.591	370.919
3144	6.28600	337.450	480.549	372.043	341.613	580.747	370.938
3145	6.28800	337.335	479.767	372.075	341.586	580.895	370.944
3146	6.29000	337.303	478.992	372.094	341.580	581.034	370.962
3147	6.29200	337.208	478.243	372.050	341.560	581.174	370.981
3148	6.29400	337.148	477.485	372.044	341.540	581.338	370.988
3149	6.29600	337.131	476.734	372.051	341.520	581.485	371.019
3150	6.29800	337.092	475.935	372.060	341.500	581.642	371.014
3151	6.30000	337.081	475.160	372.082	341.494	581.797	371.033
3152	6.30200	337.064	474.385	372.104	341.481	581.954	371.002
3153	6.30400	337.039	473.610	372.127	341.482	582.111	370.997
3154	6.30600	337.029	472.827	372.139	341.469	582.267	370.992
3155	6.30800	337.004	472.060	372.124	341.456	582.432	370.999
3156	6.31000	336.986	471.268	372.099	341.450	582.597	370.982
3157	6.31200	336.935	470.484	372.060	341.437	582.761	370.989
3158	6.31400	336.897	469.708	372.059	341.452	582.918	370.984
3159	6.31600	336.886	468.908	372.049	341.460	583.074	370.980
3160	6.31800	336.767	468.122	372.008	341.474	583.231	370.975
3161	6.32000	336.770	467.339	372.024	341.489	583.396	370.984
3162	6.32200	336.759	466.547	372.003	341.490	583.544	370.991
3163	6.32400	336.762	465.765	372.021	341.498	583.692	370.998
3164	6.32600	336.752	464.981	372.038	341.512	583.848	370.994
3165	6.32800	336.741	464.207	372.043	341.527	583.997	370.977
3166	6.33000	336.744	463.424	372.062	341.556	584.146	370.985
3167	6.33200	336.740	462.649	372.069	341.591	584.287	370.956
3168	6.33400	336.736	461.866	372.065	341.620	584.435	370.965
3169	6.33600	336.725	461.099	372.059	341.642	584.583	370.973
3170	6.33800	336.715	460.324	372.067	341.670	584.732	370.956
3171	6.34000	336.704	459.550	372.076	341.713	584.889	370.979
3172	6.34200	336.693	458.783	372.072	341.749	585.054	370.989
3173	6.34400	336.676	458.024	372.055	341.778	585.202	370.998
3174	6.34600	336.652	457.249	372.065	341.806	585.359	370.994
3175	6.34800	336.627	456.499	372.062	341.849	585.507	371.003
3176	6.35000	336.617	455.733	372.060	341.863	585.664	370.999
3177	6.35200	336.592	454.975	372.096	341.933	585.829	370.981
3178	6.35400	336.568	454.217	372.133	341.954	585.985	370.976
3179	6.35600	336.537	453.459	372.144	342.003	586.150	370.959
3180	6.35800	336.513	452.676	372.171	342.045	586.289	370.953
3181	6.36000	336.482	451.893	372.174	342.087	586.446	370.949
3182	6.36200	336.464	451.118	372.164	342.115	586.586	370.943
3183	6.36400	336.426	450.326	372.155	342.184	586.716	370.974
3184	6.36600	336.354	449.517	372.122	342.212	586.864	370.956
3185	6.36800	336.209	448.706	372.084	342.220	587.020	370.976
3186	6.37000	336.178	447.914	372.103	342.255	587.176	370.971
3187	6.37200	336.139	447.131	372.109	342.276	587.316	370.966
3188	6.37400	336.108	446.373	372.101	342.305	587.473	370.963
3189	6.37600	336.056	445.607	372.107	342.312	587.613	370.958
3190	6.37800	336.025	444.832	372.127	342.320	587.778	370.967
3191	6.38000	336.001	444.058	372.148	342.321	587.918	370.961
3192	6.38200	335.976	443.317	372.166	342.315	588.074	370.956
3193	6.38400	335.959	442.550	372.174	342.322	588.231	370.952
3194	6.38600	335.941	441.784	372.158	342.323	588.387	370.948
3195	6.38800	335.931	441.017	372.143	342.331	588.535	370.957
3196	6.39000	335.899	440.250	372.128	342.339	588.683	370.965
3197	6.39200	335.903	439.475	372.127	342.347	588.832	370.948
3198	6.39400	335.892	438.709	372.139	342.341	588.988	370.969
3199	6.39600	335.867	437.943	372.101	342.342	589.144	370.965
3200	6.39800	335.864	437.168	372.102	342.322	589.308	370.973
3201	6.40000	335.861	436.410	372.102	342.330	589.456	370.982
3202	6.40200	335.850	435.643	372.091	342.330	589.613	370.978
3203	6.40400	335.853	434.878	372.106	342.331	589.753	370.973
3204	6.40600	335.850	434.104	372.135	342.326	589.917	370.983
3205	6.40800	335.839	433.338	372.176	342.299	590.065	370.991
3206	6.41000	335.836	432.580	372.179	342.266	590.247	370.976
3207	6.41200	335.832	431.823	372.183	342.232	590.403	370.997
3208	6.41400	335.808	431.039	372.151	342.233	590.559	370.994
3209	6.41600	335.763	430.255	372.119	342.227	590.707	371.002
3210	6.41800	335.753	429.481	372.126	342.174	590.898	370.977
3211	6.42000	335.722	428.698	372.121	342.134	591.046	370.985
3212	6.42200	335.611	427.912	372.087	342.121	591.203	370.982
3213	6.42400	335.544	427.146	372.084	342.067	591.367	370.992
3214	6.42600	335.526	426.372	372.068	342.027	591.516	371.001
3215	6.42800	335.473	425.607	372.090	342.014	591.663	371.009
3216	6.43000	335.456	424.832	372.100	342.001	591.820	371.005
3217	6.43200	335.439	424.067	372.124	341.988	591.960	371.001
3218	6.43400	335.408	423.310	372.134	341.942	592.116	371.024
3219	6.43600	335.376	422.552	372.144	341.929	592.273	371.020
3220	6.43800	335.202	421.813	372.131	341.923	592.420	371.028
3221	6.44000	335.164	421.055	372.142	341.903	592.593	371.025
3222	6.44200	335.140	420.298	372.154	341.904	592.741	371.034
3223	6.44400	335.123	419.515	372.157	341.912	592.898	371.031
3224	6.44600	335.085	418.757	372.145	341.906	593.063	371.015
3225	6.44800	335.067	417.975	372.149	341.914	593.219	371.038
3226	6.45000	335.056	417.201	372.141	341.915	593.375	371.034
3227	6.45200	335.032	416.442	372.130	341.909	593.539	371.043
3228	6.45400	335.002	415.660	372.136	341.896	593.695	371.065
3229	6.45600	334.937	414.876	372.115	341.904	593.851	371.062
3230	6.45800	334.893	414.119	372.156	341.912	593.999	371.071
3231	6.46000	334.777	413.343	372.170	341.912	594.148	371.055
3232	6.46200	334.759	412.594	372.175	341.913	594.313	371.040
3233	6.46400	334.749	411.837	372.193	341.907	594.453	371.035
3234	6.46600	334.711	411.071	372.201	341.922	594.609	371.032
3235	6.46800	334.701	410.305	372.184	341.922	594.749	371.028
3236	6.47000	334.698	409.539	372.193	341.930	594.898	371.011
3237	6.47200	334.673	408.765	372.191	341.944	595.022	370.981
3238	6.47400	334.649	407.984	372.203	341.959	595.162	370.978
3239	6.47600	334.639	407.202	372.216	341.974	595.311	370.963
3240	6.47800	334.628	406.428	372.216	341.981	595.442	370.971
3241	6.48000	334.618	405.663	372.227	342.010	595.599	370.967
3242	6.48200	334.594	404.898	372.240	342.044	595.763	370.951
3243	6.48400	334.590	404.124	372.242	342.086	595.928	370.961
3244	6.48600	334.586	403.352	372.270	342.128	596.084	370.958
3245	6.48800	334.549	402.578	372.272	342.184	596.232	370.942
3246	6.49000	334.559	401.829	372.285	342.212	596.397	370.927
3247	6.49200	334.542	401.071	372.261	342.268	596.545	370.937
3248	6.49400	334.532	400.298	372.266	342.344	596.684	370.957
3249	6.49600	334.521	399.540	372.269	342.387	596.832	370.967
3250	6.49800	334.511	398.776	372.286	342.463	596.972	370.964
3251	6.50000	334.500	398.018	372.265	342.533	597.137	370.977
3252	6.50200	334.483	397.252	372.233	342.590	597.302	370.964
3253	6.50400	334.472	396.477	372.215	342.633	597.451	370.975
3254	6.50600	334.448	395.721	372.221	342.647	597.591	370.972
3255	6.50800	334.445	394.964	372.228	342.648	597.747	370.969
3256	6.51000	334.401	394.190	372.235	342.663	597.903	370.992
3257	6.51200	334.331	393.423	372.228	342.685	598.067	371.003
3258	6.51400	334.222	392.656	372.245	342.693	598.207	371.000
3259	6.51600	334.205	391.908	372.265	342.721	598.364	370.998
3260	6.51800	334.195	391.143	372.263	342.736	598.504	370.995
3261	6.52000	334.164	390.370	372.275	342.744	598.660	371.018
3262	6.52200	334.154	389.620	372.246	342.745	598.808	371.002
3263	6.52400	334.123	388.847	372.259	342.739	598.956	371.011
3264	6.52600	334.105	388.075	372.273	342.740	599.129	371.010
3265	6.52800	334.089	387.309	372.274	342.748	599.293	371.021
3266	6.53000	333.977	386.554	372.263	342.748	599.442	371.005
3267	6.53200	333.961	385.781	372.278	342.756	599.590	371.015
3268	6.53400	333.930	385.001	372.309	342.743	599.746	371.012
3269	6.53600	333.886	384.228	372.324	342.744	599.902	371.010
3270	6.53800	333.863	383.471	372.339	342.731	600.066	371.020
3271	6.54000	333.839	382.698	372.332	342.718	600.222	371.017
3272	6.54200	333.808	381.924	372.325	342.719	600.379	371.015
3273	6.54400	333.743	381.181	372.261	342.706	600.535	371.013
3274	6.54600	333.687	380.423	372.251	342.706	600.683	371.022
3275	6.54800	333.577	379.647	372.241	342.679	600.822	371.017
3276	6.55000	333.553	378.883	372.249	342.673	600.953	371.026
3277	6.55200	333.536	378.126	372.242	342.646	601.101	371.034
3278	6.55400	333.533	377.370	372.237	342.633	601.249	371.044
3279	6.55600	333.509	376.620	372.218	342.613	601.380	371.052
3280	6.55800	333.499	375.873	372.225	342.572	601.519	371.048
3281	6.56000	333.481	375.124	372.207	342.525	601.667	371.057
3282	6.56200	333.471	374.360	372.218	342.484	601.807	371.028
3283	6.56400	333.461	373.613	372.252	342.429	601.956	371.011
3284	6.56600	333.444	372.858	372.275	342.369	602.138	371.000
3285	6.56800	333.433	372.102	372.274	342.336	602.294	370.997
3286	6.57000	333.431	371.330	372.301	342.316	602.459	370.983
3287	6.57200	333.414	370.565	372.289	342.289	602.624	370.969
3288	6.57400	333.396	369.809	372.289	342.276	602.780	370.966
3289	6.57600	333.394	369.044	372.278	342.263	602.945	370.953
3290	6.57800	333.390	368.272	372.283	342.258	603.118	370.953
3291	6.58000	333.373	367.516	372.284	342.225	603.291	370.952
3292	6.58200	333.349	366.735	372.278	342.192	603.455	370.965
3293	6.58400	333.339	365.979	372.281	342.186	603.620	370.951
3294	6.58600	333.322	365.215	372.299	342.173	603.776	370.974
3295	6.58800	333.291	364.452	372.317	342.174	603.932	370.973
3296	6.59000	333.275	363.696	372.322	342.182	604.089	370.972
3297	6.59200	333.238	362.932	372.340	342.176	604.244	370.995
3298	6.59400	333.214	362.184	372.332	342.184	604.392	371.007
3299	6.59600	333.151	361.411	372.339	342.178	604.541	370.992
3300	6.59800	333.015	360.633	372.267	342.200	604.689	371.003
3301	6.60000	332.969	359.855	372.318	342.208	604.821	370.987
3302	6.60200	332.827	359.133	372.272	342.222	604.961	370.985
3303	6.60400	332.810	358.354	372.298	342.237	605.117	370.984
3304	6.60600	332.786	357.597	372.282	342.280	605.266	370.971
3305	6.60800	332.769	356.835	372.306	342.301	605.415	370.956
3306	6.61000	332.759	356.071	372.306	342.350	605.571	370.956
3307	6.61200	332.735	355.316	372.317	342.420	605.727	370.980
3308	6.61400	332.717	354.577	372.325	342.462	605.875	370.991
3309	6.61600	332.701	353.838	372.334	342.498	606.039	371.004
3310	6.61800	332.678	353.094	372.384	342.533	606.187	371.015
3311	6.62000	332.660	352.339	372.397	342.541	606.352	371.002
3312	6.62200	332.636	351.583	372.386	342.617	606.474	371.023
3313	6.62400	332.620	350.819	372.389	342.666	606.637	371.060
3314	6.62600	332.596	350.071	372.363	342.694	606.793	371.058
3315	6.62800	332.579	349.283	372.360	342.743	606.948	371.082
3316	6.63000	332.562	348.518	372.340	342.778	607.097	371.068
3317	6.63200	332.539	347.754	372.345	342.793	607.246	371.054
3318	6.63400	332.496	346.980	372.313	342.822	607.411	371.042
3319	6.63600	332.447	346.233	372.340	342.829	607.559	371.027
3320	6.63800	332.423	345.478	372.333	342.837	607.707	371.039
3321	6.64000	332.296	344.685	372.301	342.845	607.863	371.037
3322	6.64200	332.212	343.940	372.308	342.853	608.011	371.049
3323	6.64400	332.275	343.185	372.328	342.874	608.160	371.036
3324	6.64600	332.265	342.437	372.309	342.882	608.308	371.022
3325	6.64800	332.188	341.684	372.306	342.904	608.465	371.022
3326	6.65000	332.171	340.945	372.300	342.919	608.605	371.020
3327	6.65200	332.161	340.191	372.323	342.948	608.753	371.032
3328	6.65400	332.150	339.437	372.321	342.955	608.909	371.031
3329	6.65600	332.126	338.666	372.322	342.949	609.058	371.017
3330	6.65800	332.124	337.919	372.332	342.950	609.214	371.016
3331	6.66000	332.106	337.165	372.332	342.958	609.370	371.016
3332	6.66200	332.096	336.410	372.332	342.973	609.527	371.016
3333	6.66400	332.094	335.671	372.329	342.988	609.667	371.014
3334	6.66600	332.077	334.910	372.345	342.996	609.831	371.027
3335	6.66800	332.067	334.173	372.368	342.997	609.987	371.026
3336	6.67000	332.051	333.427	372.381	343.004	610.152	371.014
3337	6.67200	332.033	332.690	372.406	342.998	610.300	371.000
3338	6.67400	332.031	331.968	372.403	343.006	610.456	371.024
3339	6.67600	332.000	331.222	372.392	343.014	610.612	371.024
3340	6.67800	331.983	330.460	372.411	343.022	610.768	371.023
3341	6.68000	331.960	329.704	372.390	343.022	610.908	371.021
3342	6.68200	331.943	328.925	372.388	343.009	611.064	371.020
3343	6.68400	331.933	328.155	372.398	343.010	611.228	371.033
3344	6.68600	331.883	327.382	372.381	343.018	611.384	371.032
3345	6.68800	331.815	326.627	372.385	343.012	611.524	371.030
3346	6.69000	331.682	325.845	372.379	343.013	611.672	371.042
3347	6.69200	331.659	325.082	372.376	342.993	611.828	371.041
3348	6.69400	331.642	324.330	372.411	343.001	611.984	371.041
3349	6.69600	331.626	323.576	372.420	342.988	612.132	371.027
3350	6.69800	331.609	322.824	372.456	342.982	612.296	371.039
3351	6.70000	331.586	322.078	372.452	342.982	612.452	371.038
3352	6.70200	331.562	321.333	372.474	342.969	612.601	371.024
3353	6.70400	331.539	320.587	372.471	342.956	612.764	371.036
3354	6.70600	331.529	319.851	372.480	342.978	612.912	371.049
3355	6.70800	331.506	319.097	372.492	342.965	613.068	371.048
3356	6.71000	331.483	318.351	372.491	342.952	613.241	371.049
3357	6.71200	331.460	317.573	372.497	342.932	613.405	371.061
3358	6.71400	331.429	316.842	372.468	342.933	613.561	371.060
3359	6.71600	331.406	316.080	372.472	342.920	613.717	371.060
3360	6.71800	331.350	315.309	372.464	342.928	613.881	371.074
3361	6.72000	331.203	314.575	372.430	342.929	614.028	371.085
3362	6.72200	331.181	313.822	372.446	342.909	614.192	371.098
3363	6.72400	331.143	313.078	372.475	342.903	614.357	371.086
3364	6.72600	331.114	312.341	372.488	342.897	614.513	371.085
3365	6.72800	331.091	311.612	372.488	342.891	614.669	371.085
3366	6.73000	331.081	310.876	372.503	342.892	614.810	371.059
3367	6.73200	331.064	310.121	372.472	342.892	614.942	371.045
3368	6.73400	331.048	309.360	372.482	342.887	615.091	371.032
3369	6.73600	331.030	308.614	372.462	342.867	615.231	371.031
3370	6.73800	331.020	307.860	372.458	342.848	615.380	370.994
3371	6.74000	331.011	307.107	372.455	342.841	615.528	371.005
3372	6.74200	330.986	306.356	372.478	342.829	615.668	371.004
3373	6.74400	330.977	305.593	372.464	342.823	615.815	371.016
3374	6.74600	330.974	304.840	372.463	342.823	615.962	371.027
3375	6.74800	330.958	304.064	372.480	342.838	616.110	371.040
3376	6.75000	330.949	303.312	372.504	342.839	616.266	371.041
3377	6.75200	330.932	302.568	372.515	342.861	616.422	371.042
3378	6.75400	330.922	301.815	372.516	342.874	616.586	371.053
3379	6.75600	330.912	301.063	372.517	342.875	616.742	371.053
3380	6.75800	330.896	300.317	372.503	342.882	616.890	371.040
3381	6.76000	330.873	299.571	372.490	342.897	617.055	371.029
3382	6.76200	330.856	298.819	372.493	342.919	617.220	371.018
3383	6.76400	330.841	298.050	372.499	342.927	617.377	370.993
3384	6.76600	330.799	297.322	372.508	342.942	617.541	371.007
3385	6.76800	330.660	296.562	372.455	342.949	617.689	370.995
3386	6.77000	330.644	295.817	372.445	342.964	617.846	370.996
3387	6.77200	330.627	295.072	372.436	342.972	617.977	371.007
3388	6.77400	330.603	294.350	372.408	342.973	618.133	371.008
3389	6.77600	330.504	293.613	372.478	342.988	618.282	370.996
3390	6.77800	330.446	292.886	372.491	343.009	618.422	370.996
3391	6.78000	330.408	292.136	372.525	343.031	618.578	370.997
3392	6.78200	330.391	291.384	372.533	343.046	618.718	370.998
3393	6.78400	330.353	290.656	372.523	343.061	618.865	371.010
3394	6.78600	330.335	289.912	372.518	343.083	619.014	370.999
3395	6.78800	330.199	289.190	372.445	343.098	619.171	371.001
3396	6.79000	330.189	288.423	372.460	343.120	619.327	371.002
3397	6.79200	330.172	287.671	372.471	343.164	619.500	371.007
3398	6.79400	330.155	286.909	372.446	343.192	619.648	371.021
3399	6.79600	330.132	286.158	372.458	343.200	619.804	371.021
3400	6.79800	330.108	285.384	372.489	343.222	619.960	371.024
3401	6.80000	330.100	284.631	372.476	343.223	620.124	371.038
3402	6.80200	330.083	283.864	372.495	343.238	620.297	371.041
3403	6.80400	330.060	283.113	372.508	343.280	620.462	371.030
3404	6.80600	330.024	282.353	372.512	343.315	620.626	371.018
3405	6.80800	329.861	281.587	372.483	343.344	620.782	371.020
3406	6.81000	329.852	280.859	372.479	343.344	620.938	371.021
3407	6.81200	329.836	280.116	372.481	343.352	621.094	371.021
3408	6.81400	329.827	279.381	372.494	343.360	621.250	371.048
3409	6.81600	329.817	278.640	372.522	343.388	621.389	371.048
3410	6.81800	329.794	277.881	372.530	343.416	621.545	371.049
3411	6.82000	329.778	277.136	372.507	343.458	621.684	371.073
3412	6.82200	329.761	276.386	372.527	343.466	621.824	371.074
3413	6.82400	329.726	275.657	372.501	343.474	621.956	371.060
3414	6.82600	329.722	274.907	372.522	343.467	622.103	371.072
3415	6.82800	329.699	274.158	372.542	343.461	622.260	371.048
3416	6.83000	329.703	273.438	372.530	343.483	622.416	371.050
3417	6.83200	329.673	272.675	372.582	343.491	622.573	371.026
3418	6.83400	329.664	271.955	372.570	343.505	622.721	371.040
3419	6.83600	329.654	271.191	372.598	343.513	622.878	371.016
3420	6.83800	329.644	270.456	372.592	343.508	623.051	371.020
3421	6.84000	329.628	269.711	372.575	343.495	623.207	371.021
3422	6.84200	329.611	268.954	372.590	343.482	623.371	371.010
3423	6.84400	329.595	268.208	372.548	343.476	623.552	371.000
3424	6.84600	329.579	267.434	372.568	343.477	623.707	371.027
3425	6.84800	329.555	266.681	372.543	343.478	623.863	371.029
3426	6.85000	329.546	265.917	372.575	343.439	624.028	371.046
3427	6.85200	329.517	265.141	372.570	343.426	624.184	371.047
3428	6.85400	329.487	264.406	372.568	343.412	624.339	371.047
3429	6.85600	329.332	263.621	372.598	343.386	624.495	371.048
3430	6.85800	329.316	262.896	372.607	343.387	624.659	371.063
3431	6.86000	329.300	262.148	372.637	343.388	624.806	371.076
3432	6.86200	329.277	261.416	372.663	343.375	624.946	371.077
3433	6.86400	329.269	260.695	372.633	343.369	625.086	371.077
3434	6.86600	329.252	259.934	372.695	343.336	625.218	371.065
3435	6.86800	329.229	259.198	372.671	343.310	625.365	371.078
3436	6.87000	329.188	258.463	372.672	343.317	625.505	371.078
3437	6.87200	329.172	257.698	372.684	343.311	625.652	371.091
3438	6.87400	329.156	256.971	372.672	343.312	625.800	371.105
3439	6.87600	329.139	256.215	372.696	343.292	625.939	371.104
3440	6.87800	329.123	255.484	372.634	343.293	626.095	371.107
3441	6.88000	329.092	254.742	372.628	343.301	626.252	371.084
3442	6.88200	329.006	254.002	372.625	343.280	626.408	371.084
3443	6.88400	328.984	253.253	372.635	343.274	626.564	371.086
3444	6.88600	328.954	252.506	372.672	343.268	626.720	371.087
3445	6.88800	328.923	251.783	372.690	343.255	626.883	371.102
3446	6.89000	328.901	251.032	372.676	343.256	627.032	371.091
3447	6.89200	328.753	250.292	372.651	343.264	627.196	371.081
3448	6.89400	328.723	249.559	372.659	343.265	627.361	371.071
3449	6.89600	328.701	248.818	372.658	343.265	627.517	371.073
3450	6.89800	328.686	248.067	372.646	343.245	627.673	371.074
3451	6.90000	328.669	247.303	372.667	343.239	627.828	371.075
3452	6.90200	328.653	246.562	372.667	343.240	627.976	371.089
3453	6.90400	328.631	245.814	372.682	343.248	628.132	371.092
3454	6.90600	328.615	245.079	372.668	343.263	628.288	371.095
3455	6.90800	328.592	244.318	372.716	343.264	628.444	371.097
3456	6.91000	328.578	243.570	372.734	343.258	628.576	371.084
3457	6.91200	328.555	242.823	372.752	343.252	628.732	371.086
3458	6.91400	328.546	242.075	372.771	343.260	628.888	371.089
3459	6.91600	328.530	241.351	372.770	343.260	629.027	371.090
3460	6.91800	328.513	240.595	372.780	343.275	629.184	371.093
3461	6.92000	328.505	239.868	372.755	343.290	629.332	371.083
3462	6.92200	328.488	239.126	372.735	343.312	629.488	371.086
3463	6.92400	328.480	238.367	372.720	343.299	629.636	371.074
3464	6.92600	328.455	237.612	372.733	343.321	629.793	371.077
3465	6.92800	328.439	236.863	372.729	343.336	629.949	371.081
3466	6.93000	328.430	236.143	372.691	343.344	630.105	371.083
3467	6.93200	328.414	235.365	372.725	343.352	630.269	371.074
3468	6.93400	328.385	234.618	372.656	343.380	630.426	371.077
3469	6.93600	328.230	233.877	372.685	343.402	630.582	371.081
3470	6.93800	328.214	233.146	372.705	343.416	630.730	371.069
3471	6.94000	328.207	232.416	372.726	343.458	630.903	371.048
3472	6.94200	328.196	231.696	372.758	343.459	631.051	371.037
3473	6.94400	328.181	230.988	372.760	343.473	631.207	371.039
3474	6.94600	328.152	230.258	372.782	343.495	631.363	371.042
3475	6.94800	328.142	229.533	372.764	343.549	631.511	371.030
3476	6.95000	328.111	228.799	372.736	343.571	631.658	371.045
3477	6.95200	328.111	228.050	372.739	343.592	631.806	371.034
3478	6.95400	328.088	227.303	372.743	343.594	631.962	371.037
3479	6.95600	328.066	226.564	372.758	343.608	632.110	371.026
3480	6.95800	328.029	225.817	372.763	343.623	632.275	371.018
3481	6.96000	328.000	225.061	372.758	343.623	632.431	371.020
3482	6.96200	327.976	224.304	372.754	343.645	632.579	371.010
3483	6.96400	327.961	223.564	372.745	343.653	632.735	371.013
3484	6.96600	327.930	222.804	372.783	343.675	632.891	371.017
3485	6.96800	327.923	222.044	372.822	343.683	633.047	371.021
3486	6.97000	327.882	221.318	372.785	343.690	633.212	371.011
3487	6.97200	327.875	220.558	372.824	343.705	633.375	371.028
3488	6.97400	327.838	219.831	372.787	343.713	633.524	371.018
3489	6.97600	327.785	219.097	372.764	343.728	633.687	371.035
3490	6.97800	327.661	218.343	372.811	343.743	633.844	371.039
3491	6.98000	327.667	217.619	372.801	343.751	634.000	371.043
3492	6.98200	327.644	216.873	372.813	343.766	634.164	371.034
3493	6.98400	327.641	216.150	372.804	343.788	634.320	371.038
3494	6.98600	327.626	215.404	372.817	343.796	634.476	371.041
3495	6.98800	327.601	214.688	372.794	343.796	634.616	371.042
3496	6.99000	327.594	213.944	372.834	343.818	634.772	371.047
3497	6.99200	327.555	213.215	372.843	343.840	634.920	371.036
3498	6.99400	327.563	212.501	372.846	343.854	635.068	371.026
3499	6.99600	327.525	211.748	372.945	343.862	635.209	371.003
3500	6.99800	327.530	211.045	372.893	343.863	635.349	370.980
3501	7.00000	327.530	210.309	372.920	343.871	635.498	370.970
3502	7.00200	327.466	209.574	372.879	343.878	635.630	370.958
3503	7.00400	327.466	208.820	372.885	343.879	635.760	370.971
3504	7.00600	327.435	208.073	372.878	343.879	635.900	370.972
3505	7.00800	327.414	207.316	372.860	343.895	636.063	370.991
3506	7.01000	327.390	206.554	372.859	343.889	636.210	371.005
3507	7.01200	327.297	205.803	372.802	343.890	636.375	370.998
3508	7.01400	327.288	205.044	372.828	343.891	636.523	370.988
3509	7.01600	327.242	204.291	372.839	343.906	636.678	371.017
3510	7.01800	327.221	203.531	372.866	343.921	636.834	371.021
3511	7.02000	327.066	202.781	372.855	343.922	637.008	371.002
3512	7.02200	327.043	202.053	372.872	343.916	637.172	370.994
3513	7.02400	327.044	201.302	372.910	343.918	637.345	371.000
3514	7.02600	327.004	200.582	372.913	343.897	637.485	370.975
3515	7.02800	326.988	199.852	372.906	343.906	637.649	370.993
3516	7.03000	326.971	199.144	372.878	343.899	637.804	370.996
3517	7.03200	326.947	198.404	372.929	343.893	637.952	370.986
3518	7.03400	326.947	197.693	372.876	343.880	638.108	370.990
3519	7.03600	326.909	196.944	372.918	343.853	638.263	370.992
3520	7.03800	326.893	196.221	372.897	343.854	638.411	371.007
3521	7.04000	326.872	195.478	372.924	343.854	638.559	370.997
3522	7.04200	326.865	194.742	372.936	343.841	638.706	371.012
3523	7.04400	326.823	194.025	372.900	343.814	638.854	371.002
3524	7.04600	326.661	193.353	372.798	343.801	639.002	370.991
3525	7.04800	326.640	192.608	372.801	343.801	639.150	370.981
3526	7.05000	326.751	191.824	372.923	343.795	639.305	370.985
3527	7.05200	326.728	191.104	372.932	343.782	639.461	370.988
3528	7.05400	326.709	190.328	372.948	343.783	639.600	370.990
3529	7.05600	326.629	189.598	372.877	343.777	639.764	371.008
3530	7.05800	326.394	188.904	372.822	343.764	639.928	371.000
3531	7.06000	326.518	188.141	372.900	343.772	640.084	371.004
3532	7.06200	326.384	187.438	372.814	343.773	640.248	370.996
3533	7.06400	326.368	186.679	372.827	343.781	640.404	371.001
3534	7.06600	326.477	185.879	372.935	343.782	640.553	370.992
3535	7.06800	326.454	185.116	372.992	343.783	640.709	370.997
3536	7.07000	326.447	184.394	372.979	343.778	640.864	371.001
3537	7.07200	326.283	183.677	372.902	343.779	641.020	371.005
3538	7.07400	326.401	182.902	373.015	343.793	641.160	371.008
3539	7.07600	326.252	182.206	372.985	343.780	641.315	371.012
3540	7.07800	326.229	181.479	372.991	343.781	641.454	371.039
3541	7.08000	326.324	180.692	373.139	343.775	641.584	371.054
3542	7.08200	326.317	179.958	373.161	343.790	641.739	371.084
3543	7.08400	326.276	179.222	373.157	343.785	641.887	371.075
3544	7.08600	326.260	178.489	373.113	343.778	642.028	371.051
3545	7.08800	326.239	177.753	373.110	343.792	642.183	371.056
3546	7.09000	326.097	177.052	373.031	343.793	642.339	371.059
3547	7.09200	326.203	176.250	373.120	343.787	642.478	371.062
3548	7.09400	326.040	175.559	372.983	343.781	642.634	371.066
3549	7.09600	326.113	174.750	373.088	343.795	642.798	371.059
3550	7.09800	325.895	174.082	373.045	343.817	642.979	371.054
3551	7.10000	326.014	173.315	373.151	343.825	643.144	371.047
3552	7.10200	325.850	172.631	373.068	343.847	643.300	371.052
3553	7.10400	325.982	171.858	373.191	343.848	643.464	371.045
3554	7.10600	325.989	171.141	373.214	343.849	643.620	371.050
3555	7.10800	325.981	170.394	373.250	343.857	643.777	371.029
3556	7.11000	325.958	169.694	373.199	343.878	643.949	371.036
3557	7.11200	325.817	169.006	373.093	343.922	644.113	371.056
3558	7.11400	326.044	168.166	373.352	343.951	644.269	371.062
3559	7.11600	325.777	167.541	373.062	343.959	644.408	371.065
3560	7.11800	325.902	166.733	373.217	343.967	644.556	371.057
3561	7.12000	325.745	166.055	373.054	343.982	644.704	371.049
3562	7.12200	325.738	165.300	373.083	343.989	644.852	371.040
3563	7.12400	325.739	164.534	373.171	344.005	645.009	371.047
3564	7.12600	325.741	163.791	373.238	344.026	645.164	371.052
3565	7.12800	325.690	163.061	373.204	344.034	645.296	371.041
3566	7.13000	325.540	162.384	373.043	344.049	645.443	371.059
3567	7.13200	325.652	161.591	373.196	344.064	645.583	371.062
3568	7.13400	325.494	160.924	373.047	344.078	645.731	371.054
3569	7.13600	325.701	160.077	373.303	344.093	645.894	371.072
3570	7.13800	325.664	159.342	373.288	344.101	646.050	371.078
3571	7.14000	325.559	158.644	373.176	344.116	646.206	371.083
3572	7.14200	325.363	157.997	373.004	344.131	646.362	371.063
3573	7.14400	325.527	157.157	373.338	344.146	646.510	371.081
3574	7.14600	325.394	156.489	373.190	344.167	646.665	371.086
3575	7.14800	325.393	155.724	373.259	344.181	646.812	371.101
3576	7.15000	325.384	154.998	373.258	344.223	646.959	371.118
3577	7.15200	325.488	154.220	373.385	344.217	647.115	371.098
3578	7.15400	325.450	153.523	373.345	344.238	647.262	371.114
3579	7.15600	325.496	152.781	373.419	344.245	647.426	371.108
3580	7.15800	325.450	152.087	373.407	344.282	647.574	371.126
3581	7.16000	325.442	151.369	373.460	344.289	647.722	371.117
3582	7.16200	325.316	150.720	373.336	344.304	647.877	371.123
3583	7.16400	325.413	149.934	373.525	344.317	648.016	371.125
3584	7.16600	325.279	149.255	373.346	344.325	648.172	371.130
3585	7.16800	325.249	148.512	373.398	344.353	648.320	371.122
3586	7.17000	325.368	147.745	373.471	344.354	648.467	371.139
3587	7.17200	325.333	146.999	373.497	344.369	648.615	371.131
3588	7.17400	325.276	146.247	373.471	344.369	648.755	371.110
3589	7.17600	325.278	145.479	373.521	344.370	648.927	371.116
3590	7.17800	325.257	144.731	373.522	344.378	649.066	371.120
3591	7.18000	325.245	143.966	373.531	344.379	649.231	371.114
3592	7.18200	325.119	143.243	373.514	344.372	649.362	371.104
3593	7.18400	325.112	142.459	373.685	344.388	649.518	371.110
3594	7.18600	325.049	141.755	373.643	344.389	649.674	371.116
3595	7.18800	325.051	141.047	373.644	344.397	649.838	371.110
3596	7.19000	325.029	140.294	373.735	344.390	649.986	371.102
3597	7.19200	324.996	139.617	373.656	344.391	650.141	371.107
3598	7.19400	324.990	138.891	373.708	344.392	650.306	371.101
3599	7.19600	324.864	138.205	373.663	344.407	650.445	371.106
3600	7.19800	324.946	137.411	373.827	344.401	650.601	371.112
3601	7.20000	324.899	136.686	373.812	344.409	650.758	371.092
3602	7.20200	324.885	135.925	373.896	344.410	650.913	371.098
3603	7.20400	324.807	135.201	373.882	344.418	651.069	371.104
3604	7.20600	324.863	134.470	373.841	344.412	651.224	371.110
3605	7.20800	324.883	133.728	373.834	344.406	651.371	371.127
3606	7.21000	324.898	132.878	374.166	344.407	651.519	371.120
3607	7.21200	324.717	132.281	373.809	344.401	651.666	371.137
3608	7.21400	324.851	131.451	374.075	344.415	651.814	371.129
3609	7.21600	324.671	130.882	373.748	344.416	651.969	371.135
3610	7.21800	324.638	130.097	373.879	344.418	652.118	371.128
3611	7.22000	324.496	129.436	373.774	344.411	652.273	371.133
3612	7.22200	324.707	128.602	374.084	344.412	652.429	371.139
3613	7.22400	324.579	128.014	373.739	344.406	652.576	371.131
3614	7.22600	324.558	127.173	374.062	344.400	652.732	371.138
3615	7.22800	324.420	126.588	373.675	344.394	652.896	371.132
3616	7.23000	324.526	125.711	374.053	344.409	653.052	371.138
3617	7.23200	324.504	124.970	374.096	344.396	653.216	371.132
3618	7.23400	324.489	124.253	374.073	344.370	653.372	371.139
3619	7.23600	324.445	123.460	374.266	344.371	653.543	371.147
3620	7.23800	324.415	122.778	374.144	344.365	653.691	371.140
3621	7.24000	324.394	122.015	374.255	344.353	653.856	371.134
3622	7.24200	324.348	121.281	374.284	344.346	654.011	371.140
3623	7.24400	324.304	120.547	374.314	344.348	654.167	371.147
3624	7.24600	324.256	119.807	374.359	344.342	654.330	371.167
3625	7.24800	324.244	119.063	374.379	344.350	654.478	371.160
3626	7.25000	324.231	118.357	374.257	344.337	654.642	371.154
3627	7.25200	324.232	117.661	374.214	344.317	654.790	371.146
3628	7.25400	324.148	116.916	374.234	344.318	654.938	371.139
3629	7.25600	324.052	116.187	374.316	344.326	655.086	371.133
3630	7.25800	324.029	115.483	374.265	344.327	655.226	371.112
3631	7.26000	324.021	114.762	374.265	344.295	655.393	371.058
3632	7.26200	323.961	114.045	374.292	344.295	655.525	371.049
3633	7.26400	323.984	113.320	374.267	344.329	655.655	371.064
3634	7.26600	323.968	112.603	374.295	344.337	655.794	371.069
3635	7.26800	323.944	111.869	374.374	344.345	655.925	371.085
3636	7.27000	323.935	111.202	374.296	344.338	656.072	371.077
3637	7.27200	323.914	110.456	374.409	344.353	656.210	371.107
3638	7.27400	323.908	109.754	374.431	344.375	656.366	371.114
3639	7.27600	323.862	109.029	374.452	344.369	656.521	371.121
3640	7.27800	323.846	108.351	374.296	344.391	656.677	371.128
3641	7.28000	323.856	107.585	374.435	344.384	656.832	371.134
3642	7.28200	323.849	106.867	374.397	344.399	656.996	371.129
3643	7.28400	323.819	106.134	374.367	344.407	657.161	371.124
3644	7.28600	323.734	105.415	374.305	344.414	657.308	371.117
3645	7.28800	323.693	104.670	374.308	344.436	657.465	371.099
3646	7.29000	323.682	103.954	374.229	344.457	657.621	371.106
3647	7.29200	323.623	103.198	374.311	344.472	657.776	371.113
3648	7.29400	323.582	102.419	374.303	344.486	657.924	371.106
3649	7.29600	323.524	101.713	374.348	344.487	658.072	371.099
3650	7.29800	323.422	100.972	374.491	344.501	658.211	371.104
3651	7.30000	323.422	100.296	374.409	344.502	658.359	371.097
3652	7.30200	323.422	99.563	374.427	344.531	658.507	371.092
3653	7.30400	323.383	98.894	374.330	344.539	658.646	371.097
3654	7.30600	323.344	98.137	374.460	344.548	658.794	371.092
3655	7.30800	323.352	97.469	374.320	344.562	658.941	371.110
3656	7.31000	323.267	96.722	374.391	344.584	659.089	371.104
3657	7.31200	323.266	96.060	374.235	344.578	659.220	371.095
3658	7.31400	323.276	95.271	374.425	344.572	659.376	371.102
3659	7.31600	323.228	94.605	374.287	344.594	659.524	371.097
3660	7.31800	323.166	93.865	374.300	344.594	659.680	371.079
3661	7.32000	323.224	93.123	374.382	344.617	659.836	371.087
3662	7.32200	323.203	92.381	374.438	344.625	659.991	371.094
3663	7.32400	323.174	91.670	374.437	344.647	660.147	371.103
3664	7.32600	323.170	90.952	374.453	344.669	660.319	371.113
3665	7.32800	323.131	90.264	374.341	344.670	660.483	371.109
3666	7.33000	323.111	89.531	374.408	344.725	660.648	371.079
3667	7.33200	323.025	88.782	374.369	344.733	660.804	371.086
3668	7.33400	322.942	88.079	374.446	344.755	660.959	371.094
3669	7.33600	322.911	87.360	374.438	344.776	661.113	371.127
3670	7.33800	322.897	86.646	374.414	344.778	661.252	371.133
3671	7.34000	322.842	85.924	374.382	344.779	661.391	371.138
3672	7.34200	322.882	85.198	374.392	344.793	661.538	371.157
3673	7.34400	322.837	84.427	374.514	344.794	661.677	371.162
3674	7.34600	322.836	83.750	374.416	344.802	661.816	371.168
3675	7.34800	322.767	82.998	374.558	344.823	661.955	371.173
3676	7.35000	322.773	82.327	374.444	344.831	662.111	371.181
3677	7.35200	322.792	81.567	374.647	344.833	662.251	371.162
3678	7.35400	322.744	80.877	374.559	344.827	662.406	371.170
3679	7.35600	322.720	80.189	374.541	344.828	662.554	371.164
3680	7.35800	322.720	79.466	374.557	344.843	662.718	371.160
3681	7.36000	322.706	78.743	374.572	344.850	662.866	371.154
3682	7.36200	322.634	78.074	374.461	344.844	663.029	371.175
3683	7.36400	322.614	77.351	374.477	344.839	663.193	371.171
3684	7.36600	322.590	76.692	374.333	344.840	663.357	371.168
3685	7.36800	322.571	75.907	374.468	344.841	663.521	371.165
3686	7.37000	322.563	75.149	374.473	344.842	663.685	371.161
3687	7.37200	322.480	74.461	374.389	344.850	663.841	371.168
3688	7.37400	322.401	73.726	374.282	344.843	664.005	371.164
3689	7.37600	322.311	72.991	374.445	344.830	664.160	371.172
3690	7.37800	322.296	72.327	374.320	344.832	664.306	371.192
3691	7.38000	322.283	71.592	374.462	344.833	664.463	371.174
3692	7.38200	322.317	70.895	374.440	344.826	664.602	371.180
3693	7.38400	322.223	70.190	374.455	344.821	664.750	371.174
3694	7.38600	322.255	69.496	374.505	344.835	664.889	371.179
3695	7.38800	322.283	68.746	374.656	344.829	665.029	371.160
3696	7.39000	322.218	68.112	374.404	344.823	665.177	371.155
3697	7.39200	322.246	67.353	374.548	344.797	665.315	371.187
3698	7.39400	322.205	66.640	374.511	344.784	665.446	371.178
3699	7.39600	322.203	65.867	374.663	344.785	665.594	371.173
3700	7.39800	322.171	65.146	374.574	344.786	665.742	371.167
3701	7.40000	322.142	64.385	374.694	344.794	665.881	371.174
3702	7.40200	322.087	63.737	374.408	344.816	666.029	371.169
3703	7.40400	322.088	62.895	374.830	344.810	666.184	371.177
3704	7.40600	322.025	62.278	374.485	344.797	666.332	371.171
3705	7.40800	322.026	61.495	374.675	344.798	666.487	371.179
3706	7.41000	321.919	60.908	374.225	344.792	666.651	371.176
3707	7.41200	321.836	60.101	374.684	344.799	666.806	371.184
3708	7.41400	321.798	59.425	374.574	344.794	666.961	371.192
3709	7.41600	321.770	58.690	374.699	344.787	667.109	371.186
3710	7.41800	321.797	57.944	374.815	344.795	667.273	371.183
3711	7.42000	321.751	57.247	374.821	344.775	667.420	371.177
3712	7.42200	321.754	56.503	374.894	344.776	667.584	371.174
3713	7.42400	321.732	55.801	374.873	344.769	667.739	371.182
3714	7.42600	321.703	55.062	375.019	344.784	667.878	371.188
3715	7.42800	321.655	54.393	374.851	344.785	668.026	371.183
3716	7.43000	321.614	53.699	374.771	344.786	668.174	371.178
3717	7.43200	321.609	53.017	374.683	344.794	668.322	371.173
3718	7.43400	321.572	52.306	374.655	344.781	668.477	371.181
3719	7.43600	321.578	51.536	374.907	344.796	668.616	371.188
3720	7.43800	321.547	50.861	374.847	344.790	668.763	371.182
3721	7.44000	321.535	50.144	374.881	344.805	668.919	371.192
3722	7.44200	321.510	49.407	374.942	344.813	669.066	371.187
3723	7.44400	321.487	48.697	374.827	344.828	669.214	371.183
3724	7.44600	321.415	47.960	374.932	344.862	669.379	371.154
3725	7.44800	321.353	47.311	374.766	344.877	669.527	371.149
3726	7.45000	321.321	46.602	374.787	344.898	669.682	371.158
3727	7.45200	321.323	45.867	374.806	344.913	669.837	371.166
3728	7.45400	321.297	45.137	374.853	344.914	670.001	371.164
3729	7.45600	321.295	44.438	374.796	344.922	670.158	371.148
3730	7.45800	321.284	43.729	374.774	344.922	670.313	371.156
3731	7.46000	321.264	42.984	374.919	344.958	670.469	371.140
3732	7.46200	321.237	42.296	374.829	344.958	670.617	371.135
3733	7.46400	321.226	41.587	374.853	344.959	670.779	371.157
3734	7.46600	321.218	40.863	374.929	344.986	670.927	371.152
3735	7.46800	321.188	40.159	374.981	345.001	671.082	371.161
3736	7.47000	321.183	39.435	375.014	345.015	671.229	371.155
3737	7.47200	321.173	38.756	374.979	345.022	671.385	371.164
3738	7.47400	321.143	38.068	374.935	345.037	671.532	371.160
3739	7.47600	321.140	37.340	374.987	345.044	671.662	371.177
3740	7.47800	321.131	36.658	374.883	345.039	671.810	371.173
3741	7.48000	321.095	35.961	374.786	345.039	671.958	371.168
