NO_OF_FRAMES	1558
NO_OF_CAMERAS	2
NO_OF_MARKERS	1
FREQUENCY	500
NO_OF_ANALOG	0
ANALOG_FREQUENCY	0
DESCRIPTION	--
TIME_STAMP	2024-10-18, 15:52:39.154	683294.01175850
DATA_INCLUDED	3D
MARKER_NAMES	h23_3g
TRAJECTORY_TYPES	Mixed
Frame	Time	h23_3g X	h23_3g Y	h23_3g Z	
939	1.87600	355.401	886.057	196.425
940	1.87800	355.344	885.505	196.416
941	1.88000	355.325	884.944	196.354
942	1.88200	355.337	884.374	196.342
943	1.88400	355.259	883.840	196.383
944	1.88600	355.250	883.292	196.394
945	1.88800	355.229	882.750	196.420
946	1.89000	355.209	882.207	196.447
947	1.89200	355.166	881.687	196.495
948	1.89400	355.148	881.132	196.491
949	1.89600	355.133	880.572	196.471
950	1.89800	355.096	880.051	196.521
951	1.90000	355.098	879.467	196.439
952	1.90200	355.047	878.928	196.507
953	1.90400	355.027	878.359	196.433
954	1.90600	355.016	877.793	196.399
955	1.90800	354.964	877.257	196.444
956	1.91000	354.930	876.677	196.336
957	1.91200	354.818	876.103	196.307
958	1.91400	354.858	875.552	196.325
959	1.91600	354.797	874.996	196.281
960	1.91800	354.673	874.458	196.350
961	1.92000	354.684	873.863	196.283
962	1.92200	354.636	873.356	196.339
963	1.92400	354.597	872.792	196.350
964	1.92600	354.541	872.243	196.365
965	1.92800	354.515	871.712	196.362
966	1.93000	354.471	871.157	196.363
967	1.93200	354.433	870.646	196.449
968	1.93400	354.430	870.082	196.397
969	1.93600	354.368	869.527	196.395
970	1.93800	354.348	868.988	196.446
971	1.94000	354.311	868.439	196.395
972	1.94200	354.301	867.868	196.395
973	1.94400	354.253	867.295	196.283
974	1.94600	354.232	866.732	196.269
975	1.94800	354.216	866.164	196.244
976	1.95000	354.143	865.627	196.226
977	1.95200	354.112	865.068	196.190
978	1.95400	354.075	864.500	196.162
979	1.95600	354.077	863.946	196.143
980	1.95800	354.017	863.420	196.158
981	1.96000	353.978	862.872	196.222
982	1.96200	353.936	862.330	196.234
983	1.96400	353.921	861.803	196.252
984	1.96600	353.908	861.248	196.301
985	1.96800	353.840	860.710	196.285
986	1.97000	353.835	860.179	196.331
987	1.97200	353.811	859.616	196.323
988	1.97400	353.749	859.063	196.303
989	1.97600	353.733	858.520	196.317
990	1.97800	353.730	857.937	196.264
991	1.98000	353.680	857.411	196.283
992	1.98200	353.658	856.811	196.181
993	1.98400	353.652	856.237	196.186
994	1.98600	353.624	855.667	196.098
995	1.98800	353.621	855.105	196.067
996	1.99000	353.583	854.532	196.071
997	1.99200	353.569	853.986	196.046
998	1.99400	353.532	853.443	196.061
999	1.99600	353.513	852.884	196.071
1000	1.99800	353.476	852.371	196.099
1001	2.00000	353.425	851.826	196.072
1002	2.00200	353.386	851.273	196.097
1003	2.00400	353.323	850.761	196.125
1004	2.00600	353.331	850.222	196.159
1005	2.00800	353.315	849.663	196.173
1006	2.01000	353.296	849.116	196.151
1007	2.01200	353.245	848.596	196.229
1008	2.01400	353.187	848.008	196.165
1009	2.01600	353.130	847.455	196.125
1010	2.01800	353.091	846.884	196.108
1011	2.02000	353.097	846.296	196.021
1012	2.02200	353.045	845.761	196.031
1013	2.02400	353.003	845.184	195.998
1014	2.02600	352.992	844.632	196.004
1015	2.02800	352.944	844.085	195.984
1016	2.03000	352.919	843.516	196.011
1017	2.03200	352.879	842.962	195.974
1018	2.03400	352.848	842.445	196.033
1019	2.03600	352.842	841.878	196.036
1020	2.03800	352.813	841.373	196.125
1021	2.04000	352.791	840.830	196.123
1022	2.04200	352.708	840.278	196.154
1023	2.04400	352.687	839.747	196.181
1024	2.04600	352.645	839.193	196.148
1025	2.04800	352.636	838.620	196.137
1026	2.05000	352.583	838.105	196.170
1027	2.05200	352.574	837.519	196.129
1028	2.05400	352.540	836.952	196.133
1029	2.05600	352.501	836.373	196.040
1030	2.05800	352.459	835.806	196.045
1031	2.06000	352.442	835.226	196.021
1032	2.06200	352.384	834.681	196.046
1033	2.06400	352.360	834.088	195.990
1034	2.06600	352.343	833.541	196.018
1035	2.06800	352.301	832.980	195.972
1036	2.07000	352.287	832.455	196.020
1037	2.07200	352.255	831.880	195.944
1038	2.07400	352.217	831.377	196.013
1039	2.07600	352.189	830.834	196.016
1040	2.07800	352.152	830.312	196.039
1041	2.08000	352.128	829.780	196.072
1042	2.08200	352.093	829.203	196.024
1043	2.08400	352.073	828.686	196.064
1044	2.08600	352.034	828.121	196.048
1045	2.08800	352.011	827.555	196.032
1046	2.09000	351.979	827.020	196.026
1047	2.09200	351.888	826.443	195.975
1048	2.09400	351.888	825.883	195.978
1049	2.09600	351.808	825.318	195.892
1050	2.09800	351.790	824.754	195.853
1051	2.10000	351.754	824.195	195.853
1052	2.10200	351.736	823.665	195.865
1053	2.10400	351.671	823.081	195.804
1054	2.10600	351.653	822.560	195.871
1055	2.10800	351.605	822.038	195.900
1056	2.11000	351.595	821.483	195.919
1057	2.11200	351.547	820.948	195.982
1058	2.11400	351.497	820.419	195.995
1059	2.11600	351.481	819.845	195.967
1060	2.11800	351.463	819.334	196.028
1061	2.12000	351.429	818.748	195.972
1062	2.12200	351.419	818.206	196.022
1063	2.12400	351.393	817.634	195.905
1064	2.12600	351.337	817.071	195.933
1065	2.12800	351.294	816.488	195.851
1066	2.13000	351.266	815.958	195.867
1067	2.13200	351.233	815.375	195.853
1068	2.13400	351.226	814.818	195.808
1069	2.13600	351.169	814.267	195.803
1070	2.13800	351.165	813.685	195.765
1071	2.14000	351.114	813.175	195.827
1072	2.14200	351.095	812.609	195.793
1073	2.14400	351.078	812.081	195.852
1074	2.14600	351.012	811.554	195.843
1075	2.14800	351.023	810.991	195.852
1076	2.15000	350.979	810.467	195.885
1077	2.15200	350.950	809.926	195.848
1078	2.15400	350.935	809.376	195.888
1079	2.15600	350.884	808.833	195.876
1080	2.15800	350.861	808.292	195.905
1081	2.16000	350.827	807.711	195.870
1082	2.16200	350.820	807.144	195.841
1083	2.16400	350.773	806.587	195.800
1084	2.16600	350.758	806.024	195.812
1085	2.16800	350.711	805.461	195.756
1086	2.17000	350.689	804.879	195.723
1087	2.17200	350.642	804.319	195.709
1088	2.17400	350.633	803.761	195.671
1089	2.17600	350.605	803.211	195.715
1090	2.17800	350.556	802.657	195.718
1091	2.18000	350.542	802.124	195.740
1092	2.18200	350.489	801.566	195.795
1093	2.18400	350.483	801.039	195.834
1094	2.18600	350.436	800.520	195.887
1095	2.18800	350.399	799.957	195.902
1096	2.19000	350.343	799.416	195.935
1097	2.19200	350.332	798.864	195.915
1098	2.19400	350.236	798.289	195.895
1099	2.19600	350.181	797.744	195.888
1100	2.19800	350.195	797.182	195.880
1101	2.20000	350.136	796.609	195.839
1102	2.20200	350.109	796.041	195.815
1103	2.20400	350.075	795.466	195.775
1104	2.20600	350.060	794.920	195.772
1105	2.20800	350.036	794.345	195.733
1106	2.21000	350.015	793.796	195.756
1107	2.21200	349.983	793.250	195.752
1108	2.21400	349.975	792.697	195.736
1109	2.21600	349.951	792.128	195.713
1110	2.21800	349.923	791.617	195.762
1111	2.22000	349.904	791.064	195.745
1112	2.22200	349.859	790.531	195.772
1113	2.22400	349.839	789.984	195.772
1114	2.22600	349.830	789.443	195.787
1115	2.22800	349.787	788.910	195.816
1116	2.23000	349.763	788.349	195.787
1117	2.23200	349.720	787.810	195.801
1118	2.23400	349.694	787.249	195.771
1119	2.23600	349.644	786.696	195.756
1120	2.23800	349.633	786.127	195.738
1121	2.24000	349.585	785.576	195.698
1122	2.24200	349.553	785.016	195.669
1123	2.24400	349.532	784.452	195.667
1124	2.24600	349.478	783.906	195.668
1125	2.24800	349.457	783.347	195.615
1126	2.25000	349.424	782.797	195.644
1127	2.25200	349.392	782.256	195.662
1128	2.25400	349.365	781.722	195.695
1129	2.25600	349.326	781.187	195.729
1130	2.25800	349.321	780.639	195.733
1131	2.26000	349.295	780.104	195.767
1132	2.26200	349.252	779.569	195.803
1133	2.26400	349.218	779.017	195.768
1134	2.26600	349.171	778.470	195.772
1135	2.26800	349.157	777.886	195.729
1136	2.27000	349.132	777.353	195.739
1137	2.27200	349.104	776.769	195.696
1138	2.27400	349.030	776.215	195.686
1139	2.27600	348.971	775.635	195.615
1140	2.27800	348.969	775.085	195.625
1141	2.28000	348.905	774.511	195.570
1142	2.28200	348.850	773.963	195.577
1143	2.28400	348.816	773.392	195.566
1144	2.28600	348.798	772.858	195.579
1145	2.28800	348.742	772.304	195.572
1146	2.29000	348.705	771.777	195.600
1147	2.29200	348.672	771.224	195.568
1148	2.29400	348.640	770.695	195.622
1149	2.29600	348.600	770.169	195.650
1150	2.29800	348.573	769.613	195.645
1151	2.30000	348.527	769.077	195.686
1152	2.30200	348.475	768.535	195.711
1153	2.30400	348.462	767.978	195.707
1154	2.30600	348.422	767.400	195.685
1155	2.30800	348.402	766.853	195.671
1156	2.31000	348.367	766.274	195.649
1157	2.31200	348.306	765.728	195.634
1158	2.31400	348.320	765.150	195.588
1159	2.31600	348.258	764.588	195.571
1160	2.31800	348.258	764.003	195.511
1161	2.32000	348.204	763.445	195.534
1162	2.32200	348.200	762.896	195.523
1163	2.32400	348.180	762.355	195.526
1164	2.32600	348.126	761.803	195.565
1165	2.32800	348.114	761.259	195.596
1166	2.33000	348.082	760.723	195.640
1167	2.33200	348.040	760.173	195.654
1168	2.33400	348.024	759.635	195.699
1169	2.33600	348.003	759.085	195.716
1170	2.33800	347.970	758.530	195.691
1171	2.34000	347.937	757.979	195.707
1172	2.34200	347.867	757.419	195.666
1173	2.34400	347.826	756.870	195.656
1174	2.34600	347.775	756.293	195.613
1175	2.34800	347.762	755.735	195.616
1176	2.35000	347.706	755.165	195.588
1177	2.35200	347.702	754.600	195.578
1178	2.35400	347.638	754.052	195.568
1179	2.35600	347.634	753.473	195.529
1180	2.35800	347.578	752.916	195.532
1181	2.36000	347.574	752.366	195.527
1182	2.36200	347.540	751.821	195.561
1183	2.36400	347.522	751.297	195.548
1184	2.36600	347.504	750.745	195.569
1185	2.36800	347.471	750.219	195.582
1186	2.37000	347.454	749.662	195.564
1187	2.37200	347.412	749.131	195.628
1188	2.37400	347.393	748.584	195.598
1189	2.37600	347.374	748.039	195.635
1190	2.37800	347.348	747.473	195.628
1191	2.38000	347.343	746.916	195.610
1192	2.38200	347.295	746.351	195.603
1193	2.38400	347.284	745.803	195.575
1194	2.38600	347.236	745.224	195.539
1195	2.38800	347.224	744.667	195.523
1196	2.39000	347.184	744.113	195.480
1197	2.39200	347.165	743.539	195.461
1198	2.39400	347.118	742.985	195.419
1199	2.39600	347.108	742.450	195.424
1200	2.39800	347.054	741.905	195.463
1201	2.40000	347.017	741.394	195.486
1202	2.40200	346.962	740.840	195.536
1203	2.40400	346.923	740.306	195.540
1204	2.40600	346.936	739.784	195.577
1205	2.40800	346.875	739.232	195.603
1206	2.41000	346.836	738.714	195.611
1207	2.41200	346.779	738.148	195.607
1208	2.41400	346.777	737.596	195.611
1209	2.41600	346.731	737.057	195.577
1210	2.41800	346.655	736.471	195.530
1211	2.42000	346.601	735.907	195.503
1212	2.42200	346.587	735.349	195.491
1213	2.42400	346.556	734.777	195.452
1214	2.42600	346.514	734.221	195.414
1215	2.42800	346.473	733.639	195.411
1216	2.43000	346.449	733.096	195.405
1217	2.43200	346.420	732.531	195.379
1218	2.43400	346.396	731.987	195.400
1219	2.43600	346.370	731.437	195.380
1220	2.43800	346.330	730.893	195.400
1221	2.44000	346.305	730.357	195.410
1222	2.44200	346.280	729.835	195.448
1223	2.44400	346.248	729.284	195.456
1224	2.44600	346.194	728.749	195.465
1225	2.44800	346.175	728.188	195.484
1226	2.45000	346.129	727.636	195.491
1227	2.45200	346.103	727.085	195.499
1228	2.45400	346.078	726.519	195.479
1229	2.45600	346.017	725.976	195.476
1230	2.45800	346.012	725.387	195.438
1231	2.46000	345.951	724.845	195.435
1232	2.46200	345.975	724.272	195.378
1233	2.46400	345.904	723.721	195.384
1234	2.46600	345.881	723.141	195.339
1235	2.46800	345.825	722.580	195.358
1236	2.47000	345.801	722.027	195.370
1237	2.47200	345.759	721.496	195.423
1238	2.47400	345.712	720.957	195.488
1239	2.47600	345.702	720.405	195.475
1240	2.47800	345.667	719.874	195.529
1241	2.48000	345.656	719.321	195.542
1242	2.48200	345.601	718.794	195.545
1243	2.48400	345.605	718.226	195.531
1244	2.48600	345.550	717.683	195.531
1245	2.48800	345.559	717.115	195.517
1246	2.49000	345.497	716.558	195.489
1247	2.49200	345.493	715.997	195.489
1248	2.49400	345.452	715.424	195.460
1249	2.49600	345.426	714.865	195.435
1250	2.49800	345.392	714.291	195.406
1251	2.50000	345.366	713.747	195.409
1252	2.50200	345.318	713.175	195.355
1253	2.50400	345.292	712.636	195.399
1254	2.50600	345.266	712.079	195.350
1255	2.50800	345.217	711.533	195.379
1256	2.51000	345.184	710.996	195.398
1257	2.51200	345.152	710.460	195.393
1258	2.51400	345.104	709.912	195.449
1259	2.51600	345.079	709.386	195.433
1260	2.51800	345.038	708.846	195.478
1261	2.52000	345.019	708.292	195.497
1262	2.52200	344.994	707.764	195.508
1263	2.52400	344.952	707.203	195.511
1264	2.52600	344.927	706.660	195.494
1265	2.52800	344.885	706.076	195.480
1266	2.53000	344.875	705.518	195.436
1267	2.53200	344.840	704.945	195.386
1268	2.53400	344.836	704.385	195.368
1269	2.53600	344.803	703.827	195.323
1270	2.53800	344.776	703.266	195.329
1271	2.54000	344.757	702.708	195.286
1272	2.54200	344.738	702.153	195.307
1273	2.54400	344.713	701.599	195.330
1274	2.54600	344.672	701.070	195.342
1275	2.54800	344.676	700.522	195.381
1276	2.55000	344.614	700.000	195.408
1277	2.55200	344.623	699.445	195.433
1278	2.55400	344.575	698.907	195.458
1279	2.55600	344.564	698.370	195.459
1280	2.55800	344.517	697.808	195.469
1281	2.56000	344.484	697.265	195.456
1282	2.56200	344.459	696.706	195.415
1283	2.56400	344.439	696.151	195.440
1284	2.56600	344.408	695.610	195.379
1285	2.56800	344.353	695.042	195.374
1286	2.57000	344.335	694.483	195.336
1287	2.57200	344.308	693.921	195.348
1288	2.57400	344.276	693.369	195.324
1289	2.57600	344.244	692.832	195.328
1290	2.57800	344.204	692.270	195.341
1291	2.58000	344.152	691.735	195.320
1292	2.58200	344.127	691.197	195.326
1293	2.58400	344.109	690.653	195.318
1294	2.58600	344.063	690.130	195.352
1295	2.58800	344.017	689.577	195.356
1296	2.59000	343.993	689.062	195.379
1297	2.59200	343.954	688.500	195.395
1298	2.59400	343.916	687.963	195.404
1299	2.59600	343.871	687.400	195.420
1300	2.59800	343.838	686.846	195.425
1301	2.60000	343.806	686.294	195.405
1302	2.60200	343.758	685.709	195.404
1303	2.60400	343.727	685.158	195.360
1304	2.60600	343.673	684.583	195.323
1305	2.60800	343.632	684.022	195.314
1306	2.61000	343.592	683.446	195.279
1307	2.61200	343.544	682.892	195.284
1308	2.61400	343.526	682.339	195.266
1309	2.61600	343.471	681.800	195.301
1310	2.61800	343.408	681.239	195.292
1311	2.62000	343.383	680.714	195.356
1312	2.62200	343.320	680.153	195.348
1313	2.62400	343.331	679.644	195.392
1314	2.62600	343.269	679.091	195.399
1315	2.62800	343.244	678.559	195.426
1316	2.63000	343.224	678.005	195.435
1317	2.63200	343.185	677.444	195.405
1318	2.63400	343.172	676.898	195.404
1319	2.63600	343.124	676.329	195.385
1320	2.63800	343.106	675.770	195.332
1321	2.64000	343.065	675.201	195.314
1322	2.64200	343.068	674.639	195.287
1323	2.64400	343.041	674.079	195.259
1324	2.64600	343.015	673.516	195.257
1325	2.64800	342.982	672.956	195.230
1326	2.65000	342.976	672.392	195.229
1327	2.65200	342.901	671.840	195.215
1328	2.65400	342.918	671.300	195.232
1329	2.65600	342.856	670.763	195.221
1330	2.65800	342.860	670.230	195.253
1331	2.66000	342.812	669.692	195.268
1332	2.66200	342.780	669.176	195.302
1333	2.66400	342.754	668.628	195.331
1334	2.66600	342.721	668.105	195.350
1335	2.66800	342.688	667.550	195.365
1336	2.67000	342.648	667.003	195.368
1337	2.67200	342.629	666.440	195.371
1338	2.67400	342.595	665.877	195.373
1339	2.67600	342.584	665.332	195.353
1340	2.67800	342.557	664.754	195.328
1341	2.68000	342.524	664.208	195.308
1342	2.68200	342.505	663.632	195.260
1343	2.68400	342.479	663.077	195.252
1344	2.68600	342.460	662.508	195.217
1345	2.68800	342.427	661.968	195.238
1346	2.69000	342.401	661.421	195.245
1347	2.69200	342.376	660.880	195.292
1348	2.69400	342.357	660.332	195.300
1349	2.69600	342.325	659.815	195.364
1350	2.69800	342.306	659.267	195.373
1351	2.70000	342.288	658.734	195.410
1352	2.70200	342.247	658.187	195.418
1353	2.70400	342.243	657.656	195.431
1354	2.70600	342.189	657.109	195.440
1355	2.70800	342.184	656.540	195.383
1356	2.71000	342.144	655.985	195.379
1357	2.71200	342.103	655.417	195.322
1358	2.71400	342.035	654.854	195.329
1359	2.71600	342.001	654.286	195.273
1360	2.71800	341.931	653.724	195.254
1361	2.72000	341.920	653.154	195.226
1362	2.72200	341.851	652.600	195.221
1363	2.72400	341.840	652.037	195.207
1364	2.72600	341.800	651.505	195.221
1365	2.72800	341.767	650.951	195.195
1366	2.73000	341.755	650.418	195.237
1367	2.73200	341.715	649.864	195.210
1368	2.73400	341.698	649.340	195.242
1369	2.73600	341.629	648.786	195.215
1370	2.73800	341.640	648.267	195.287
1371	2.74000	341.580	647.706	195.248
1372	2.74200	341.562	647.180	195.306
1373	2.74400	341.501	646.611	195.279
1374	2.74600	341.490	646.071	195.285
1375	2.74800	341.435	645.493	195.245
1376	2.75000	341.411	644.939	195.223
1377	2.75200	341.350	644.363	195.159
1378	2.75400	341.331	643.814	195.177
1379	2.75600	341.284	643.236	195.139
1380	2.75800	341.239	642.697	195.146
1381	2.76000	341.226	642.126	195.122
1382	2.76200	341.174	641.585	195.156
1383	2.76400	341.147	641.038	195.147
1384	2.76600	341.115	640.512	195.208
1385	2.76800	341.083	639.980	195.230
1386	2.77000	341.044	639.455	195.265
1387	2.77200	341.019	638.914	195.299
1388	2.77400	341.000	638.374	195.307
1389	2.77600	340.954	637.842	195.330
1390	2.77800	340.935	637.279	195.298
1391	2.78000	340.902	636.747	195.321
1392	2.78200	340.890	636.175	195.302
1393	2.78400	340.851	635.627	195.298
1394	2.78600	340.832	635.057	195.254
1395	2.78800	340.799	634.509	195.250
1396	2.79000	340.780	633.939	195.207
1397	2.79200	340.754	633.391	195.204
1398	2.79400	340.721	632.828	195.175
1399	2.79600	340.688	632.288	195.186
1400	2.79800	340.662	631.732	195.171
1401	2.80000	340.630	631.192	195.183
1402	2.80200	340.604	630.644	195.182
1403	2.80400	340.564	630.111	195.208
1404	2.80600	340.532	629.580	195.209
1405	2.80800	340.513	629.038	195.249
1406	2.81000	340.474	628.506	195.250
1407	2.81200	340.455	627.972	195.303
1408	2.81400	340.401	627.417	195.289
1409	2.81600	340.389	626.867	195.316
1410	2.81800	340.342	626.320	195.291
1411	2.82000	340.316	625.755	195.291
1412	2.82200	340.247	625.187	195.225
1413	2.82400	340.192	624.624	195.198
1414	2.82600	340.130	624.046	195.144
1415	2.82800	340.140	623.490	195.109
1416	2.83000	340.072	622.927	195.084
1417	2.83200	340.067	622.378	195.088
1418	2.83400	340.026	621.813	195.089
1419	2.83600	340.008	621.288	195.109
1420	2.83800	339.982	620.739	195.139
1421	2.84000	339.942	620.189	195.168
1422	2.84200	339.923	619.663	195.214
1423	2.84400	339.890	619.114	195.219
1424	2.84600	339.879	618.589	195.241
1425	2.84800	339.839	618.033	195.232
1426	2.85000	339.813	617.492	195.251
1427	2.85200	339.773	616.944	195.232
1428	2.85400	339.747	616.388	195.225
1429	2.85600	339.728	615.832	195.194
1430	2.85800	339.688	615.276	195.188
1431	2.86000	339.662	614.704	195.154
1432	2.86200	339.636	614.147	195.150
1433	2.86400	339.610	613.591	195.118
1434	2.86600	339.563	613.034	195.139
1435	2.86800	339.558	612.486	195.124
1436	2.87000	339.511	611.929	195.119
1437	2.87200	339.507	611.380	195.130
1438	2.87400	339.482	610.855	195.129
1439	2.87600	339.449	610.306	195.140
1440	2.87800	339.418	609.782	195.140
1441	2.88000	339.399	609.239	195.190
1442	2.88200	339.374	608.715	195.191
1443	2.88400	339.334	608.157	195.214
1444	2.88600	339.302	607.616	195.241
1445	2.88800	339.282	607.066	195.252
1446	2.89000	339.243	606.502	195.239
1447	2.89200	339.210	605.953	195.225
1448	2.89400	339.170	605.380	195.224
1449	2.89600	339.138	604.841	195.200
1450	2.89800	339.104	604.260	195.185
1451	2.90000	339.078	603.711	195.174
1452	2.90200	339.045	603.146	195.161
1453	2.90400	339.013	602.598	195.150
1454	2.90600	338.986	602.040	195.151
1455	2.90800	338.954	601.498	195.181
1456	2.91000	338.935	600.948	195.196
1457	2.91200	338.903	600.414	195.239
1458	2.91400	338.884	599.881	195.256
1459	2.91600	338.837	599.338	195.311
1460	2.91800	338.833	598.805	195.304
1461	2.92000	338.800	598.255	195.346
1462	2.92200	338.788	597.714	195.327
1463	2.92400	338.748	597.157	195.330
1464	2.92600	338.730	596.616	195.312
1465	2.92800	338.683	596.060	195.290
1466	2.93000	338.671	595.495	195.258
1467	2.93200	338.618	594.948	195.225
1468	2.93400	338.606	594.373	195.230
1469	2.93600	338.531	593.835	195.184
1470	2.93800	338.477	593.271	195.151
1471	2.94000	338.389	592.724	195.119
1472	2.94200	338.376	592.158	195.112
1473	2.94400	338.296	591.634	195.121
1474	2.94600	338.291	591.084	195.118
1475	2.94800	338.231	590.552	195.114
1476	2.95000	338.213	590.018	195.137
1477	2.95200	338.166	589.485	195.160
1478	2.95400	338.134	588.952	195.158
1479	2.95600	338.102	588.409	195.193
1480	2.95800	338.083	587.876	195.192
1481	2.96000	338.036	587.319	195.201
1482	2.96200	338.004	586.777	195.213
1483	2.96400	337.971	586.211	195.210
1484	2.96600	337.938	585.663	195.183
1485	2.96800	337.926	585.097	195.155
1486	2.97000	337.893	584.540	195.141
1487	2.97200	337.867	583.983	195.102
1488	2.97400	337.828	583.426	195.089
1489	2.97600	337.816	582.877	195.064
1490	2.97800	337.769	582.311	195.063
1491	2.98000	337.750	581.770	195.052
1492	2.98200	337.717	581.227	195.091
1493	2.98400	337.713	580.709	195.121
1494	2.98600	337.673	580.158	195.173
1495	2.98800	337.640	579.624	195.200
1496	2.99000	337.622	579.097	195.243
1497	2.99200	337.583	578.557	195.233
1498	2.99400	337.585	578.014	195.249
1499	2.99600	337.531	577.464	195.252
1500	2.99800	337.527	576.923	195.244
1501	3.00000	337.466	576.366	195.234
1502	3.00200	337.468	575.808	195.200
1503	3.00400	337.428	575.242	195.203
1504	3.00600	337.402	574.685	195.144
1505	3.00800	337.362	574.119	195.148
1506	3.01000	337.350	573.562	195.090
1507	3.01200	337.303	573.012	195.120
1508	3.01400	337.277	572.446	195.100
1509	3.01600	337.266	571.912	195.107
1510	3.01800	337.226	571.354	195.101
1511	3.02000	337.208	570.820	195.109
1512	3.02200	337.182	570.270	195.117
1513	3.02400	337.157	569.761	195.138
1514	3.02600	337.131	569.210	195.147
1515	3.02800	337.092	568.685	195.169
1516	3.03000	337.087	568.133	195.204
1517	3.03200	337.048	567.608	195.200
1518	3.03400	337.029	567.042	195.209
1519	3.03600	336.983	566.500	195.205
1520	3.03800	336.963	565.941	195.228
1521	3.04000	336.896	565.377	195.184
1522	3.04200	336.834	564.812	195.141
1523	3.04400	336.760	564.263	195.124
1524	3.04600	336.734	563.689	195.069
1525	3.04800	336.687	563.139	195.080
1526	3.05000	336.648	562.591	195.041
1527	3.05200	336.608	562.040	195.079
1528	3.05400	336.568	561.490	195.065
1529	3.05600	336.543	560.947	195.116
1530	3.05800	336.510	560.413	195.130
1531	3.06000	336.471	559.870	195.207
1532	3.06200	336.445	559.336	195.221
1533	3.06400	336.420	558.792	195.274
1534	3.06600	336.401	558.258	195.289
1535	3.06800	336.369	557.716	195.291
1536	3.07000	336.343	557.158	195.292
1537	3.07200	336.310	556.616	195.269
1538	3.07400	336.291	556.049	195.258
1539	3.07600	336.259	555.508	195.236
1540	3.07800	336.218	554.917	195.211
1541	3.08000	336.207	554.392	195.191
1542	3.08200	336.173	553.801	195.167
1543	3.08400	336.155	553.283	195.160
1544	3.08600	336.122	552.708	195.162
1545	3.08800	336.103	552.174	195.156
1546	3.09000	336.063	551.616	195.159
1547	3.09200	336.052	551.090	195.166
1548	3.09400	336.006	550.540	195.158
1549	3.09600	335.988	550.022	195.178
1550	3.09800	335.955	549.479	195.184
1551	3.10000	335.930	548.953	195.216
1552	3.10200	335.897	548.411	195.223
1553	3.10400	335.864	547.859	195.268
1554	3.10600	335.860	547.317	195.250
1555	3.10800	335.827	546.766	195.271
1556	3.11000	335.801	546.208	195.253
1557	3.11200	335.789	545.657	195.274
1558	3.11400	335.764	545.107	195.219
1559	3.11600	335.737	544.540	195.215
1560	3.11800	335.719	544.007	195.162
1561	3.12000	335.687	543.448	195.146
1562	3.12200	335.668	542.907	195.106
1563	3.12400	335.636	542.348	195.091
1564	3.12600	335.610	541.798	195.088
1565	3.12800	335.585	541.271	195.126
1566	3.13000	335.545	540.729	195.136
1567	3.13200	335.486	540.212	195.161
1568	3.13400	335.474	539.660	195.185
1569	3.13600	335.428	539.134	195.223
1570	3.13800	335.402	538.591	195.235
1571	3.14000	335.364	538.074	195.236
1572	3.14200	335.338	537.523	195.262
1573	3.14400	335.292	536.998	195.251
1574	3.14600	335.259	536.439	195.264
1575	3.14800	335.221	535.906	195.216
1576	3.15000	335.152	535.331	195.201
1577	3.15200	335.120	534.790	195.165
1578	3.15400	335.066	534.215	195.127
1579	3.15600	335.006	533.666	195.077
1580	3.15800	334.994	533.107	195.094
1581	3.16000	334.954	532.564	195.083
1582	3.16200	334.935	531.997	195.086
1583	3.16400	334.896	531.463	195.090
1584	3.16600	334.877	530.912	195.094
1585	3.16800	334.845	530.394	195.098
1586	3.17000	334.834	529.851	195.091
1587	3.17200	334.788	529.325	195.107
1588	3.17400	334.770	528.790	195.138
1589	3.17600	334.730	528.256	195.168
1590	3.17800	334.712	527.713	195.187
1591	3.18000	334.665	527.162	195.192
1592	3.18200	334.647	526.628	195.199
1593	3.18400	334.600	526.069	195.192
1594	3.18600	334.589	525.535	195.174
1595	3.18800	334.555	524.951	195.155
1596	3.19000	334.523	524.401	195.112
1597	3.19200	334.476	523.834	195.093
1598	3.19400	334.450	523.284	195.051
1599	3.19600	334.417	522.709	195.047
1600	3.19800	334.377	522.166	195.043
1601	3.20000	334.352	521.615	195.052
1602	3.20200	334.326	521.072	195.049
1603	3.20400	334.300	520.529	195.097
1604	3.20600	334.255	520.011	195.132
1605	3.20800	334.244	519.493	195.169
1606	3.21000	334.211	518.958	195.205
1607	3.21200	334.192	518.407	195.216
1608	3.21400	334.160	517.881	195.214
1609	3.21600	334.142	517.330	195.226
1610	3.21800	334.102	516.787	195.225
1611	3.22000	334.062	516.220	195.212
1612	3.22200	334.023	515.670	195.199
1613	3.22400	334.003	515.102	195.186
1614	3.22600	333.964	514.552	195.148
1615	3.22800	333.931	513.993	195.150
1616	3.23000	333.884	513.426	195.137
1617	3.23200	333.858	512.883	195.139
1618	3.23400	333.804	512.316	195.152
1619	3.23600	333.779	511.773	195.154
1620	3.23800	333.753	511.231	195.156
1621	3.24000	333.728	510.696	195.145
1622	3.24200	333.703	510.161	195.160
1623	3.24400	333.678	509.635	195.189
1624	3.24600	333.646	509.100	195.205
1625	3.24800	333.614	508.574	195.208
1626	3.25000	333.589	508.039	195.224
1627	3.25200	333.557	507.513	195.253
1628	3.25400	333.510	506.954	195.257
1629	3.25600	333.471	506.411	195.261
1630	3.25800	333.410	505.836	195.240
1631	3.26000	333.398	505.293	195.220
1632	3.26200	333.351	504.718	195.175
1633	3.26400	333.298	504.167	195.141
1634	3.26600	333.293	503.608	195.097
1635	3.26800	333.254	503.057	195.090
1636	3.27000	333.228	502.498	195.073
1637	3.27200	333.195	501.955	195.078
1638	3.27400	333.176	501.395	195.061
1639	3.27600	333.138	500.869	195.093
1640	3.27800	333.126	500.317	195.115
1641	3.28000	333.094	499.807	195.147
1642	3.28200	333.075	499.264	195.182
1643	3.28400	333.037	498.738	195.215
1644	3.28600	333.018	498.203	195.238
1645	3.28800	333.000	497.651	195.234
1646	3.29000	332.967	497.117	195.231
1647	3.29200	332.942	496.566	195.229
1648	3.29400	332.916	496.015	195.202
1649	3.29600	332.897	495.447	195.200
1650	3.29800	332.857	494.888	195.161
1651	3.30000	332.845	494.328	195.147
1652	3.30200	332.812	493.769	195.134
1653	3.30400	332.808	493.225	195.121
1654	3.30600	332.761	492.675	195.095
1655	3.30800	332.749	492.123	195.096
1656	3.31000	332.710	491.580	195.083
1657	3.31200	332.691	491.021	195.097
1658	3.31400	332.666	490.494	195.110
1659	3.31600	332.648	489.959	195.111
1660	3.31800	332.609	489.433	195.124
1661	3.32000	332.591	488.898	195.151
1662	3.32200	332.552	488.372	195.165
1663	3.32400	332.527	487.837	195.193
1664	3.32600	332.502	487.310	195.208
1665	3.32800	332.476	486.759	195.211
1666	3.33000	332.444	486.225	195.214
1667	3.33200	332.411	485.665	195.204
1668	3.33400	332.392	485.114	195.184
1669	3.33600	332.353	484.555	195.150
1670	3.33800	332.335	484.020	195.129
1671	3.34000	332.295	483.460	195.095
1672	3.34200	332.283	482.909	195.077
1673	3.34400	332.230	482.367	195.069
1674	3.34600	332.218	481.815	195.050
1675	3.34800	332.172	481.281	195.056
1676	3.35000	332.133	480.738	195.075
1677	3.35200	332.094	480.221	195.107
1678	3.35400	332.054	479.670	195.140
1679	3.35600	331.994	479.153	195.171
1680	3.35800	331.969	478.610	195.192
1681	3.36000	331.923	478.084	195.212
1682	3.36200	331.876	477.525	195.208
1683	3.36400	331.824	477.007	195.215
1684	3.36600	331.763	476.424	195.198
1685	3.36800	331.662	475.882	195.166
1686	3.37000	331.601	475.307	195.138
1687	3.37200	331.540	474.740	195.122
1688	3.37400	331.515	474.188	195.107
1689	3.37600	331.446	473.614	195.106
1690	3.37800	331.421	473.062	195.090
1691	3.38000	331.382	472.511	195.075
1692	3.38200	331.356	471.951	195.099
1693	3.38400	331.324	471.408	195.072
1694	3.38600	331.312	470.873	195.109
1695	3.38800	331.280	470.339	195.095
1696	3.39000	331.263	469.812	195.119
1697	3.39200	331.216	469.278	195.106
1698	3.39400	331.219	468.759	195.144
1699	3.39600	331.180	468.224	195.156
1700	3.39800	331.162	467.690	195.195
1701	3.40000	331.122	467.131	195.197
1702	3.40200	331.118	466.595	195.211
1703	3.40400	331.071	466.028	195.201
1704	3.40600	331.066	465.493	195.190
1705	3.40800	331.026	464.925	195.155
1706	3.41000	331.007	464.357	195.121
1707	3.41200	330.968	463.813	195.072
1708	3.41400	330.943	463.245	195.038
1709	3.41600	330.924	462.702	195.042
1710	3.41800	330.891	462.142	195.020
1711	3.42000	330.866	461.600	195.025
1712	3.42200	330.840	461.048	195.017
1713	3.42400	330.822	460.530	195.084
1714	3.42600	330.797	459.987	195.114
1715	3.42800	330.772	459.478	195.169
1716	3.43000	330.761	458.934	195.174
1717	3.43200	330.736	458.425	195.230
1718	3.43400	330.717	457.865	195.236
1719	3.43600	330.699	457.355	195.242
1720	3.43800	330.674	456.795	195.248
1721	3.44000	330.641	456.253	195.231
1722	3.44200	330.616	455.692	195.187
1723	3.44400	330.590	455.124	195.159
1724	3.44600	330.592	454.572	195.154
1725	3.44800	330.552	454.004	195.101
1726	3.45000	330.526	453.453	195.097
1727	3.45200	330.487	452.893	195.055
1728	3.45400	330.482	452.333	195.066
1729	3.45600	330.442	451.782	195.063
1730	3.45800	330.424	451.239	195.073
1731	3.46000	330.385	450.705	195.069
1732	3.46200	330.366	450.153	195.093
1733	3.46400	330.328	449.652	195.089
1734	3.46600	330.302	449.101	195.113
1735	3.46800	330.271	448.583	195.135
1736	3.47000	330.225	448.049	195.132
1737	3.47200	330.139	447.523	195.165
1738	3.47400	330.093	446.964	195.152
1739	3.47600	330.048	446.430	195.149
1740	3.47800	330.008	445.854	195.163
1741	3.48000	329.948	445.303	195.138
1742	3.48200	329.923	444.743	195.127
1743	3.48400	329.897	444.192	195.077
1744	3.48600	329.864	443.615	195.068
1745	3.48800	329.818	443.072	195.005
1746	3.49000	329.799	442.504	195.009
1747	3.49200	329.760	441.961	194.972
1748	3.49400	329.748	441.401	194.989
1749	3.49600	329.703	440.866	194.965
1750	3.49800	329.690	440.324	195.032
1751	3.50000	329.659	439.790	195.060
1752	3.50200	329.633	439.264	195.101
1753	3.50400	329.609	438.729	195.103
1754	3.50600	329.583	438.196	195.158
1755	3.50800	329.552	437.669	195.174
1756	3.51000	329.526	437.127	195.192
1757	3.51200	329.487	436.592	195.171
1758	3.51400	329.461	436.033	195.165
1759	3.51600	329.422	435.498	195.144
1760	3.51800	329.382	434.914	195.129
1761	3.52000	329.370	434.379	195.109
1762	3.52200	329.309	433.804	195.106
1763	3.52400	329.298	433.260	195.075
1764	3.52600	329.243	432.685	195.098
1765	3.52800	329.239	432.149	195.079
1766	3.53000	329.192	431.591	195.102
1767	3.53200	329.174	431.039	195.085
1768	3.53400	329.148	430.506	195.119
1769	3.53600	329.086	429.939	195.130
1770	3.53800	329.076	429.429	195.149
1771	3.54000	329.044	428.886	195.146
1772	3.54200	329.026	428.361	195.192
1773	3.54400	328.994	427.826	195.201
1774	3.54600	328.976	427.300	195.223
1775	3.54800	328.957	426.741	195.222
1776	3.55000	328.939	426.214	195.244
1777	3.55200	328.899	425.647	195.232
1778	3.55400	328.888	425.104	195.231
1779	3.55600	328.862	424.544	195.205
1780	3.55800	328.837	423.975	195.168
1781	3.56000	328.818	423.424	195.156
1782	3.56200	328.793	422.872	195.118
1783	3.56400	328.767	422.320	195.107
1784	3.56600	328.735	421.761	195.083
1785	3.56800	328.696	421.226	195.070
1786	3.57000	328.644	420.684	195.070
1787	3.57200	328.584	420.126	195.097
1788	3.57400	328.539	419.608	195.108
1789	3.57600	328.493	419.075	195.147
1790	3.57800	328.455	418.557	195.159
1791	3.58000	328.402	418.015	195.161
1792	3.58200	328.384	417.489	195.188
1793	3.58400	328.331	416.939	195.179
1794	3.58600	328.305	416.396	195.183
1795	3.58800	328.259	415.837	195.162
1796	3.59000	328.234	415.302	195.152
1797	3.59200	328.201	414.734	195.121
1798	3.59400	328.163	414.182	195.087
1799	3.59600	328.157	413.622	195.069
1800	3.59800	328.083	413.063	195.024
1801	3.60000	328.078	412.511	195.018
1802	3.60200	328.033	411.960	195.011
1803	3.60400	328.007	411.410	195.031
1804	3.60600	327.975	410.876	195.024
1805	3.60800	327.943	410.333	195.030
1806	3.61000	327.912	409.816	195.047
1807	3.61200	327.887	409.273	195.054
1808	3.61400	327.847	408.756	195.073
1809	3.61600	327.816	408.222	195.092
1810	3.61800	327.777	407.705	195.111
1811	3.62000	327.760	407.162	195.118
1812	3.62200	327.733	406.620	195.128
1813	3.62400	327.701	406.061	195.139
1814	3.62600	327.668	405.519	195.149
1815	3.62800	327.643	404.967	195.121
1816	3.63000	327.610	404.400	195.096
1817	3.63200	327.584	403.848	195.069
1818	3.63400	327.551	403.280	195.044
1819	3.63600	327.526	402.728	195.018
1820	3.63800	327.493	402.161	194.994
1821	3.64000	327.467	401.626	194.966
1822	3.64200	327.448	401.067	194.980
1823	3.64400	327.423	400.532	194.979
1824	3.64600	327.398	399.992	195.042
1825	3.64800	327.374	399.473	195.039
1826	3.65000	327.369	398.941	195.116
1827	3.65200	327.338	398.415	195.126
1828	3.65400	327.313	397.890	195.164
1829	3.65600	327.287	397.331	195.154
1830	3.65800	327.262	396.805	195.166
1831	3.66000	327.244	396.262	195.155
1832	3.66200	327.218	395.703	195.147
1833	3.66400	327.193	395.143	195.138
1834	3.66600	327.127	394.592	195.114
1835	3.66800	327.062	394.017	195.080
1836	3.67000	327.042	393.457	195.048
1837	3.67200	326.983	392.898	195.039
1838	3.67400	326.972	392.354	195.004
1839	3.67600	326.918	391.787	194.985
1840	3.67800	326.907	391.245	195.003
1841	3.68000	326.853	390.687	195.022
1842	3.68200	326.842	390.152	195.001
1843	3.68400	326.810	389.618	195.031
1844	3.68600	326.778	389.085	195.036
1845	3.68800	326.746	388.543	195.054
1846	3.69000	326.715	388.025	195.057
1847	3.69200	326.668	387.477	195.116
1848	3.69400	326.650	386.951	195.108
1849	3.69600	326.618	386.401	195.116
1850	3.69800	326.586	385.858	195.110
1851	3.70000	326.546	385.301	195.133
1852	3.70200	326.509	384.757	195.101
1853	3.70400	326.460	384.184	195.127
1854	3.70600	326.429	383.639	195.071
1855	3.70800	326.390	383.072	195.057
1856	3.71000	326.343	382.522	195.042
1857	3.71200	326.304	381.963	195.040
1858	3.71400	326.285	381.421	195.038
1859	3.71600	326.240	380.879	195.035
1860	3.71800	326.207	380.329	195.046
1861	3.72000	326.175	379.796	195.081
1862	3.72200	326.156	379.247	195.120
1863	3.72400	326.131	378.723	195.167
1864	3.72600	326.114	378.189	195.177
1865	3.72800	326.081	377.664	195.201
1866	3.73000	326.063	377.114	195.213
1867	3.73200	326.037	376.581	195.226
1868	3.73400	326.013	376.030	195.213
1869	3.73600	325.987	375.488	195.214
1870	3.73800	325.976	374.928	195.191
1871	3.74000	325.930	374.368	195.143
1872	3.74200	325.917	373.809	195.147
1873	3.74400	325.872	373.249	195.099
1874	3.74600	325.881	372.706	195.101
1875	3.74800	325.842	372.156	195.091
1876	3.75000	325.809	371.596	195.070
1877	3.75200	325.798	371.063	195.085
1878	3.75400	325.766	370.505	195.090
1879	3.75600	325.748	369.987	195.103
1880	3.75800	325.696	369.446	195.105
1881	3.76000	325.653	368.929	195.116
1882	3.76200	325.601	368.396	195.131
1883	3.76400	325.564	367.854	195.134
1884	3.76600	325.518	367.322	195.150
1885	3.76800	325.494	366.772	195.168
1886	3.77000	325.454	366.231	195.174
1887	3.77200	325.429	365.671	195.155
1888	3.77400	325.404	365.130	195.162
1889	3.77600	325.379	364.570	195.144
1890	3.77800	325.346	364.002	195.091
1891	3.78000	325.314	363.451	195.086
1892	3.78200	325.282	362.891	195.043
1893	3.78400	325.256	362.341	195.040
1894	3.78600	325.231	361.782	195.024
1895	3.78800	325.199	361.232	195.021
1896	3.79000	325.181	360.690	195.029
1897	3.79200	325.149	360.149	195.037
1898	3.79400	325.131	359.624	195.070
1899	3.79600	325.093	359.093	195.115
1900	3.79800	325.068	358.577	195.134
1901	3.80000	325.028	358.028	195.158
1902	3.80200	325.011	357.504	195.191
1903	3.80400	324.972	356.971	195.187
1904	3.80600	324.948	356.444	195.169
1905	3.80800	324.915	355.896	195.194
1906	3.81000	324.884	355.336	195.156
1907	3.81200	324.858	354.795	195.169
1908	3.81400	324.819	354.226	195.119
1909	3.81600	324.786	353.676	195.095
1910	3.81800	324.748	353.125	195.069
1911	3.82000	324.703	352.565	195.033
1912	3.82200	324.705	352.023	195.046
1913	3.82400	324.666	351.464	195.011
1914	3.82600	324.647	350.923	195.025
1915	3.82800	324.608	350.373	195.027
1916	3.83000	324.569	349.840	195.027
1917	3.83200	324.558	349.314	195.014
1918	3.83400	324.526	348.774	195.029
1919	3.83600	324.508	348.258	195.053
1920	3.83800	324.476	347.701	195.071
1921	3.84000	324.458	347.192	195.082
1922	3.84200	324.411	346.636	195.101
1923	3.84400	324.371	346.103	195.104
1924	3.84600	324.331	345.554	195.109
1925	3.84800	324.306	344.996	195.103
1926	3.85000	324.287	344.454	195.095
1927	3.85200	324.241	343.886	195.052
1928	3.85400	324.202	343.345	195.044
1929	3.85600	324.129	342.795	195.024
1930	3.85800	324.063	342.211	194.983
1931	3.86000	324.011	341.679	194.987
1932	3.86200	323.978	341.112	194.972
1933	3.86400	323.953	340.579	194.976
1934	3.86600	323.900	340.040	194.996
1935	3.86800	323.867	339.501	195.042
1936	3.87000	323.857	338.978	195.085
1937	3.87200	323.810	338.438	195.106
1938	3.87400	323.808	337.931	195.146
1939	3.87600	323.769	337.373	195.144
1940	3.87800	323.736	336.851	195.189
1941	3.88000	323.711	336.292	195.162
1942	3.88200	323.679	335.760	195.169
1943	3.88400	323.646	335.193	195.158
1944	3.88600	323.607	334.642	195.117
1945	3.88800	323.596	334.093	195.128
1946	3.89000	323.542	333.517	195.081
1947	3.89200	323.495	332.960	195.081
1948	3.89400	323.463	332.410	195.068
1949	3.89600	323.438	331.844	195.057
1950	3.89800	323.420	331.311	195.067
1951	3.90000	323.374	330.745	195.057
1952	3.90200	323.357	330.228	195.039
1953	3.90400	323.311	329.688	195.064
1954	3.90600	323.287	329.156	195.075
1955	3.90800	323.241	328.641	195.084
1956	3.91000	323.217	328.092	195.097
1957	3.91200	323.179	327.576	195.106
1958	3.91400	323.148	327.028	195.121
1959	3.91600	323.136	326.513	195.157
1960	3.91800	323.104	325.956	195.161
1961	3.92000	323.080	325.414	195.137
1962	3.92200	323.048	324.865	195.153
1963	3.92400	323.017	324.305	195.107
1964	3.92600	322.997	323.756	195.099
1965	3.92800	322.960	323.196	195.052
1966	3.93000	322.948	322.637	195.033
1967	3.93200	322.923	322.095	195.011
1968	3.93400	322.884	321.528	194.981
1969	3.93600	322.887	320.987	194.985
1970	3.93800	322.849	320.454	194.975
1971	3.94000	322.830	319.898	195.009
1972	3.94200	322.791	319.376	195.037
1973	3.94400	322.714	318.845	195.050
1974	3.94600	322.710	318.323	195.105
1975	3.94800	322.652	317.765	195.086
1976	3.95000	322.629	317.251	195.125
1977	3.95200	322.582	316.703	195.121
1978	3.95400	322.558	316.162	195.127
1979	3.95600	322.526	315.629	195.120
1980	3.95800	322.494	315.054	195.082
1981	3.96000	322.463	314.521	195.075
1982	3.96200	322.437	313.954	195.049
1983	3.96400	322.391	313.397	195.035
1984	3.96600	322.380	312.846	195.007
1985	3.96800	322.342	312.279	194.981
1986	3.97000	322.323	311.747	194.976
1987	3.97200	322.299	311.189	194.963
1988	3.97400	322.266	310.649	194.973
1989	3.97600	322.256	310.109	194.983
1990	3.97800	322.202	309.568	194.967
1991	3.98000	322.214	309.045	195.000
1992	3.98200	322.161	308.504	194.985
1993	3.98400	322.165	307.981	195.019
1994	3.98600	322.119	307.451	195.041
1995	3.98800	322.087	306.911	195.053
1996	3.99000	322.084	306.380	195.076
1997	3.99200	322.038	305.832	195.077
1998	3.99400	322.041	305.292	195.090
1999	3.99600	321.987	304.735	195.081
2000	3.99800	321.977	304.176	195.046
2001	4.00000	321.937	303.628	195.048
2002	4.00200	321.898	303.068	194.988
2003	4.00400	321.886	302.519	194.992
2004	4.00600	321.841	301.961	194.957
2005	4.00800	321.830	301.403	194.950
2006	4.01000	321.797	300.881	194.962
2007	4.01200	321.774	300.330	194.940
2008	4.01400	321.741	299.801	194.967
2009	4.01600	321.716	299.261	194.983
2010	4.01800	321.683	298.723	195.000
2011	4.02000	321.674	298.208	195.023
2012	4.02200	321.643	297.662	195.054
2013	4.02400	321.624	297.139	195.068
2014	4.02600	321.586	296.575	195.077
2015	4.02800	321.569	296.052	195.092
2016	4.03000	321.530	295.503	195.072
2017	4.03200	321.499	294.953	195.053
2018	4.03400	321.488	294.421	195.057
2019	4.03600	321.435	293.848	195.031
2020	4.03800	321.433	293.306	195.023
2021	4.04000	321.372	292.749	194.995
2022	4.04200	321.296	292.184	194.978
2023	4.04400	321.263	291.646	194.999
2024	4.04600	321.218	291.086	194.944
2025	4.04800	321.173	290.532	194.967
2026	4.05000	321.142	290.008	194.959
2027	4.05200	321.102	289.443	194.947
2028	4.05400	321.070	288.923	194.991
2029	4.05600	321.031	288.374	194.975
2030	4.05800	321.000	287.845	195.009
2031	4.06000	321.005	287.320	195.001
2032	4.06200	320.951	286.769	195.053
2033	4.06400	320.924	286.231	195.077
2034	4.06600	320.877	285.667	195.067
2035	4.06800	320.858	285.129	195.092
2036	4.07000	320.811	284.557	195.097
2037	4.07200	320.779	284.014	195.044
2038	4.07400	320.761	283.458	195.047
2039	4.07600	320.723	282.899	194.997
2040	4.07800	320.705	282.350	194.985
2041	4.08000	320.680	281.801	194.973
2042	4.08200	320.635	281.244	194.951
2043	4.08400	320.631	280.713	194.962
2044	4.08600	320.592	280.158	194.966
2045	4.08800	320.568	279.627	194.977
2046	4.09000	320.537	279.099	195.015
2047	4.09200	320.506	278.554	195.056
2048	4.09400	320.475	278.051	195.102
2049	4.09600	320.452	277.511	195.103
2050	4.09800	320.397	277.000	195.139
2051	4.10000	320.381	276.452	195.129
2052	4.10200	320.340	275.920	195.118
2053	4.10400	320.316	275.381	195.120
2054	4.10600	320.270	274.832	195.087
2055	4.10800	320.228	274.285	195.081
2056	4.11000	320.212	273.726	195.036
2057	4.11200	320.173	273.162	195.033
2058	4.11400	320.170	272.622	195.037
2059	4.11600	320.096	272.072	194.978
2060	4.11800	320.084	271.533	194.984
2061	4.12000	320.038	270.995	194.989
2062	4.12200	319.980	270.439	194.971
2063	4.12400	319.939	269.925	194.982
2064	4.12600	319.860	269.369	194.964
2065	4.12800	319.817	268.830	194.969
2066	4.13000	319.785	268.308	194.972
2067	4.13200	319.748	267.763	194.993
2068	4.13400	319.722	267.248	194.982
2069	4.13600	319.670	266.703	195.004
2070	4.13800	319.661	266.171	194.996
2071	4.14000	319.621	265.617	195.009
2072	4.14200	319.611	265.060	194.995
2073	4.14400	319.577	264.521	194.979
2074	4.14600	319.546	263.955	194.954
2075	4.14800	319.528	263.413	194.912
2076	4.15000	319.502	262.859	194.926
2077	4.15200	319.486	262.300	194.887
2078	4.15400	319.460	261.761	194.873
2079	4.15600	319.443	261.204	194.860
2080	4.15800	319.410	260.649	194.850
2081	4.16000	319.392	260.113	194.887
2082	4.16200	319.361	259.580	194.857
2083	4.16400	319.336	259.037	194.910
2084	4.16600	319.312	258.516	194.918
2085	4.16800	319.278	257.971	194.946
2086	4.17000	319.270	257.460	194.990
2087	4.17200	319.216	256.912	194.966
2088	4.17400	319.205	256.386	195.017
2089	4.17600	319.182	255.846	195.003
2090	4.17800	319.156	255.291	194.996
2091	4.18000	319.131	254.758	194.969
2092	4.18200	319.086	254.203	194.961
2093	4.18400	319.075	253.654	194.939
2094	4.18600	319.035	253.100	194.932
2095	4.18800	319.010	252.542	194.899
2096	4.19000	318.985	252.005	194.915
2097	4.19200	318.962	251.466	194.904
2098	4.19400	318.929	250.911	194.899
2099	4.19600	318.905	250.383	194.926
2100	4.19800	318.888	249.837	194.931
2101	4.20000	318.855	249.309	194.959
2102	4.20200	318.833	248.777	194.934
2103	4.20400	318.778	248.241	194.952
2104	4.20600	318.777	247.726	194.950
2105	4.20800	318.723	247.166	194.961
2106	4.21000	318.706	246.645	194.975
2107	4.21200	318.681	246.099	194.983
2108	4.21400	318.621	245.548	195.006
2109	4.21600	318.581	245.008	194.996
2110	4.21800	318.516	244.443	194.956
2111	4.22000	318.480	243.888	194.953
2112	4.22200	318.426	243.333	194.925
2113	4.22400	318.374	242.758	194.875
2114	4.22600	318.349	242.213	194.885
2115	4.22800	318.289	241.666	194.869
2116	4.23000	318.230	241.088	194.862
2117	4.23200	318.199	240.573	194.837
2118	4.23400	318.166	240.005	194.868
2119	4.23600	318.111	239.470	194.891
2120	4.23800	318.073	238.937	194.939
2121	4.24000	318.033	238.392	194.951
2122	4.24200	318.002	237.868	195.011
2123	4.24400	317.979	237.330	195.008
2124	4.24600	317.939	236.811	195.027
2125	4.24800	317.922	236.282	195.035
2126	4.25000	317.884	235.726	195.012
2127	4.25200	317.873	235.206	195.032
2128	4.25400	317.841	234.641	194.998
2129	4.25600	317.809	234.095	194.986
2130	4.25800	317.813	233.547	194.975
2131	4.26000	317.774	232.983	194.942
2132	4.26200	317.770	232.436	194.932
2133	4.26400	317.753	231.898	194.931
2134	4.26600	317.728	231.326	194.915
2135	4.26800	317.725	230.797	194.926
2136	4.27000	317.692	230.258	194.902
2137	4.27200	317.677	229.729	194.912
2138	4.27400	317.652	229.201	194.925
2139	4.27600	317.621	228.648	194.931
2140	4.27800	317.610	228.129	194.955
2141	4.28000	317.566	227.599	194.941
2142	4.28200	317.563	227.064	194.970
2143	4.28400	317.517	226.546	194.994
2144	4.28600	317.493	225.993	195.002
2145	4.28800	317.468	225.458	195.032
2146	4.29000	317.430	224.920	195.009
2147	4.29200	317.394	224.364	194.990
2148	4.29400	317.331	223.837	195.003
2149	4.29600	317.280	223.248	194.969
2150	4.29800	317.248	222.698	194.911
2151	4.30000	317.222	222.168	194.901
2152	4.30200	317.171	221.596	194.863
2153	4.30400	317.159	221.050	194.859
2154	4.30600	317.130	220.513	194.863
2155	4.30800	317.097	219.941	194.827
2156	4.31000	317.074	219.413	194.844
2157	4.31200	317.036	218.880	194.877
2158	4.31400	317.005	218.328	194.888
2159	4.31600	317.004	217.818	194.927
2160	4.31800	316.967	217.266	194.939
2161	4.32000	316.936	216.748	194.968
2162	4.32200	316.920	216.219	194.961
2163	4.32400	316.888	215.665	194.948
2164	4.32600	316.864	215.129	194.957
2165	4.32800	316.833	214.575	194.944
2166	4.33000	316.816	214.036	194.927
2167	4.33200	316.790	213.482	194.916
2168	4.33400	316.766	212.910	194.883
2169	4.33600	316.741	212.372	194.868
2170	4.33800	316.701	211.826	194.842
2171	4.34000	316.677	211.256	194.836
2172	4.34200	316.659	210.727	194.832
2173	4.34400	316.619	210.183	194.833
2174	4.34600	316.596	209.629	194.823
2175	4.34800	316.570	209.119	194.842
2176	4.35000	316.539	208.566	194.833
2177	4.35200	316.508	208.046	194.840
2178	4.35400	316.469	207.521	194.864
2179	4.35600	316.431	206.986	194.877
2180	4.35800	316.415	206.467	194.885
2181	4.36000	316.369	205.924	194.888
2182	4.36200	316.353	205.398	194.913
2183	4.36400	316.319	204.854	194.917
2184	4.36600	316.303	204.291	194.899
2185	4.36800	316.284	203.741	194.920
2186	4.37000	316.245	203.202	194.883
2187	4.37200	316.229	202.636	194.840
2188	4.37400	316.191	202.093	194.845
2189	4.37600	316.128	201.553	194.806
2190	4.37800	316.103	200.992	194.791
2191	4.38000	316.058	200.464	194.791
2192	4.38200	316.022	199.902	194.775
2193	4.38400	315.989	199.362	194.808
2194	4.38600	315.955	198.859	194.813
2195	4.38800	315.923	198.284	194.831
2196	4.39000	315.891	197.778	194.881
2197	4.39200	315.847	197.229	194.904
2198	4.39400	315.822	196.701	194.907
2199	4.39600	315.785	196.170	194.951
2200	4.39800	315.761	195.616	194.923
2201	4.40000	315.717	195.082	194.942
2202	4.40200	315.670	194.537	194.925
2203	4.40400	315.638	193.974	194.887
2204	4.40600	315.607	193.431	194.898
2205	4.40800	315.583	192.867	194.860
2206	4.41000	315.535	192.298	194.839
2207	4.41200	315.533	191.761	194.834
2208	4.41400	315.479	191.201	194.824
2209	4.41600	315.463	190.640	194.814
2210	4.41800	315.452	190.113	194.820
2211	4.42000	315.413	189.562	194.822
2212	4.42200	315.396	189.032	194.802
2213	4.42400	315.385	188.499	194.826
2214	4.42600	315.349	187.954	194.811
2215	4.42800	315.332	187.446	194.840
2216	4.43000	315.315	186.904	194.853
2217	4.43200	315.283	186.369	194.851
2218	4.43400	315.260	185.845	194.886
2219	4.43600	315.230	185.294	194.889
2220	4.43800	315.194	184.738	194.910
2221	4.44000	315.148	184.197	194.926
2222	4.44200	315.132	183.649	194.887
2223	4.44400	315.077	183.081	194.941
2224	4.44600	315.052	182.527	194.920
2225	4.44800	315.020	181.965	194.889
2226	4.45000	315.002	181.418	194.853
2227	4.45200	314.970	180.883	194.854
2228	4.45400	314.939	180.327	194.807
2229	4.45600	314.929	179.795	194.835
2230	4.45800	314.884	179.254	194.852
2231	4.46000	314.821	178.720	194.851
2232	4.46200	314.728	178.205	194.873
2233	4.46400	314.715	177.657	194.905
2234	4.46600	314.628	177.156	194.896
2235	4.46800	314.604	176.602	194.947
2236	4.47000	314.553	176.081	194.917
2237	4.47200	314.523	175.556	194.930
2238	4.47400	314.485	174.997	194.929
2239	4.47600	314.447	174.460	194.906
2240	4.47800	314.438	173.916	194.899
2241	4.48000	314.384	173.337	194.852
2242	4.48200	314.374	172.786	194.862
2243	4.48400	314.359	172.240	194.830
2244	4.48600	314.318	171.676	194.778
2245	4.48800	314.287	171.130	194.747
2246	4.49000	314.270	170.590	194.769
2247	4.49200	314.224	170.035	194.728
2248	4.49400	314.193	169.496	194.751
2249	4.49600	314.183	168.959	194.732
2250	4.49800	314.132	168.417	194.728
2251	4.50000	314.128	167.914	194.724
2252	4.50200	314.090	167.369	194.764
2253	4.50400	314.068	166.848	194.739
2254	4.50600	314.050	166.327	194.784
2255	4.50800	313.990	165.786	194.783
2256	4.51000	313.988	165.261	194.802
2257	4.51200	313.956	164.716	194.843
2258	4.51400	313.938	164.148	194.837
2259	4.51600	313.935	163.612	194.820
2260	4.51800	313.882	163.062	194.810
2261	4.52000	313.871	162.491	194.779
2262	4.52200	313.831	161.954	194.738
2263	4.52400	313.822	161.399	194.702
2264	4.52600	313.831	160.837	194.681
2265	4.52800	313.786	160.290	194.699
2266	4.53000	313.775	159.739	194.690
2267	4.53200	313.758	159.194	194.665
2268	4.53400	313.720	158.672	194.688
2269	4.53600	313.718	158.141	194.726
2270	4.53800	313.680	157.604	194.756
2271	4.54000	313.676	157.077	194.821
2272	4.54200	313.638	156.549	194.793
2273	4.54400	313.629	156.013	194.848
2274	4.54600	313.591	155.494	194.830
2275	4.54800	313.561	154.944	194.823
2276	4.55000	313.537	154.396	194.842
2277	4.55200	313.474	153.858	194.802
2278	4.55400	313.421	153.278	194.808
2279	4.55600	313.404	152.746	194.753
2280	4.55800	313.332	152.185	194.712
2281	4.56000	313.300	151.619	194.712
2282	4.56200	313.276	151.081	194.675
2283	4.56400	313.236	150.520	194.704
2284	4.56600	313.183	149.973	194.656
2285	4.56800	313.154	149.430	194.706
2286	4.57000	313.108	148.887	194.686
2287	4.57200	313.062	148.354	194.677
2288	4.57400	313.028	147.841	194.715
2289	4.57600	312.983	147.314	194.690
2290	4.57800	312.946	146.793	194.718
2291	4.58000	312.914	146.262	194.736
2292	4.58200	312.871	145.729	194.728
2293	4.58400	312.854	145.185	194.780
2294	4.58600	312.815	144.652	194.772
2295	4.58800	312.779	144.094	194.761
2296	4.59000	312.767	143.551	194.745
2297	4.59200	312.714	142.994	194.735
2298	4.59400	312.704	142.425	194.714
2299	4.59600	312.684	141.874	194.689
2300	4.59800	312.662	141.321	194.663
2301	4.60000	312.636	140.760	194.627
2302	4.60200	312.582	140.219	194.613
2303	4.60400	312.552	139.662	194.674
2304	4.60600	312.519	139.111	194.650
2305	4.60800	312.490	138.584	194.699
2306	4.61000	312.435	138.032	194.789
2307	4.61200	312.392	137.527	194.746
2308	4.61400	312.356	136.982	194.844
2309	4.61600	312.278	136.453	194.795
2310	4.61800	312.221	135.912	194.851
2311	4.62000	312.196	135.383	194.875
2312	4.62200	312.118	134.845	194.819
2313	4.62400	312.129	134.290	194.840
2314	4.62600	312.075	133.749	194.829
2315	4.62800	312.068	133.194	194.779
2316	4.63000	312.041	132.628	194.765
2317	4.63200	311.995	132.093	194.738
2318	4.63400	311.985	131.520	194.740
2319	4.63600	311.938	130.967	194.693
2320	4.63800	311.935	130.419	194.699
2321	4.64000	311.904	129.863	194.696
2322	4.64200	311.872	129.328	194.671
2323	4.64400	311.884	128.783	194.705
2324	4.64600	311.853	128.258	194.690
2325	4.64800	311.829	127.720	194.708
2326	4.65000	311.793	127.207	194.729
2327	4.65200	311.768	126.673	194.705
2328	4.65400	311.740	126.154	194.743
2329	4.65600	311.715	125.632	194.757
2330	4.65800	311.679	125.092	194.749
2331	4.66000	311.669	124.552	194.812
2332	4.66200	311.617	124.015	194.763
2333	4.66400	311.607	123.446	194.795
2334	4.66600	311.582	122.918	194.756
2335	4.66800	311.558	122.365	194.714
2336	4.67000	311.540	121.800	194.705
2337	4.67200	311.509	121.253	194.646
2338	4.67400	311.483	120.694	194.621
2339	4.67600	311.446	120.145	194.607
2340	4.67800	311.421	119.596	194.593
2341	4.68000	311.425	119.049	194.605
2342	4.68200	311.408	118.503	194.618
2343	4.68400	311.362	117.980	194.608
2344	4.68600	311.361	117.446	194.658
2345	4.68800	311.330	116.910	194.682
2346	4.69000	311.308	116.378	194.733
2347	4.69200	311.265	115.854	194.724
2348	4.69400	311.246	115.309	194.739
2349	4.69600	311.251	114.778	194.746
2350	4.69800	311.212	114.236	194.719
2351	4.70000	311.188	113.681	194.723
2352	4.70200	311.117	113.139	194.693
2353	4.70400	311.049	112.582	194.672
2354	4.70600	311.027	112.020	194.623
2355	4.70800	310.996	111.469	194.586
2356	4.71000	310.915	110.928	194.559
2357	4.71200	310.913	110.364	194.556
2358	4.71400	310.898	109.821	194.530
2359	4.71600	310.855	109.277	194.547
2360	4.71800	310.833	108.726	194.512
2361	4.72000	310.785	108.194	194.497
2362	4.72200	310.772	107.678	194.546
2363	4.72400	310.743	107.140	194.548
2364	4.72600	310.700	106.630	194.580
2365	4.72800	310.704	106.091	194.582
2366	4.73000	310.659	105.560	194.569
2367	4.73200	310.642	105.029	194.625
2368	4.73400	310.631	104.492	194.585
2369	4.73600	310.580	103.938	194.640
2370	4.73800	310.575	103.394	194.660
2371	4.74000	310.543	102.840	194.601
2372	4.74200	310.487	102.273	194.620
2373	4.74400	310.498	101.743	194.565
2374	4.74600	310.497	101.185	194.549
2375	4.74800	310.427	100.612	194.515
2376	4.75000	310.441	100.090	194.469
2377	4.75200	310.370	99.534	194.500
2378	4.75400	310.349	98.993	194.479
2379	4.75600	310.315	98.450	194.502
2380	4.75800	310.268	97.912	194.554
2381	4.76000	310.241	97.387	194.527
2382	4.76200	310.213	96.861	194.615
2383	4.76400	310.196	96.339	194.615
2384	4.76600	310.176	95.814	194.589
2385	4.76800	310.130	95.280	194.669
2386	4.77000	310.091	94.746	194.634
2387	4.77200	310.069	94.195	194.650
2388	4.77400	310.026	93.650	194.650
2389	4.77600	310.005	93.095	194.639
2390	4.77800	309.932	92.512	194.597
2391	4.78000	309.905	91.961	194.568
2392	4.78200	309.854	91.402	194.575
2393	4.78400	309.778	90.860	194.532
2394	4.78600	309.727	90.306	194.523
2395	4.78800	309.681	89.750	194.558
2396	4.79000	309.674	89.204	194.559
2397	4.79200	309.621	88.660	194.561
2398	4.79400	309.575	88.140	194.566
2399	4.79600	309.560	87.583	194.601
2400	4.79800	309.473	87.049	194.659
2401	4.80000	309.479	86.550	194.596
2402	4.80200	309.444	86.006	194.599
2403	4.80400	309.404	85.469	194.657
2404	4.80600	309.337	84.919	194.722
2405	4.80800	309.325	84.365	194.716
2406	4.81000	309.299	83.838	194.670
2407	4.81200	309.276	83.273	194.699
2408	4.81400	309.255	82.704	194.701
2409	4.81600	309.250	82.150	194.695
2410	4.81800	309.211	81.619	194.623
2411	4.82000	309.169	81.057	194.610
2412	4.82200	309.176	80.508	194.589
2413	4.82400	309.133	79.965	194.596
2414	4.82600	309.088	79.424	194.558
2415	4.82800	309.086	78.879	194.564
2416	4.83000	309.029	78.347	194.583
2417	4.83200	309.029	77.821	194.608
2418	4.83400	308.979	77.294	194.610
2419	4.83600	308.938	76.780	194.647
2420	4.83800	308.927	76.251	194.648
2421	4.84000	308.887	75.707	194.701
2422	4.84200	308.857	75.195	194.696
2423	4.84400	308.849	74.656	194.687
2424	4.84600	308.796	74.109	194.715
2425	4.84800	308.790	73.582	194.672
2426	4.85000	308.731	73.012	194.652
2427	4.85200	308.691	72.445	194.658
2428	4.85400	308.663	71.909	194.606
2429	4.85600	308.616	71.348	194.597
2430	4.85800	308.575	70.793	194.572
2431	4.86000	308.563	70.252	194.539
2432	4.86200	308.539	69.703	194.567
2433	4.86400	308.492	69.158	194.552
2434	4.86600	308.479	68.627	194.530
2435	4.86800	308.467	68.077	194.603
2436	4.87000	308.429	67.558	194.548
2437	4.87200	308.390	67.002	194.568
2438	4.87400	308.368	66.494	194.594
2439	4.87600	308.338	65.965	194.529
2440	4.87800	308.320	65.427	194.570
2441	4.88000	308.307	64.896	194.550
2442	4.88200	308.272	64.356	194.564
2443	4.88400	308.227	63.795	194.604
2444	4.88600	308.222	63.275	194.550
2445	4.88800	308.182	62.710	194.563
2446	4.89000	308.185	62.154	194.541
2447	4.89200	308.144	61.606	194.504
2448	4.89400	308.142	61.056	194.465
2449	4.89600	308.082	60.512	194.454
2450	4.89800	308.058	59.969	194.400
2451	4.90000	308.014	59.409	194.443
2452	4.90200	307.961	58.885	194.407
2453	4.90400	307.948	58.335	194.415
2454	4.90600	307.937	57.803	194.442
2455	4.90800	307.860	57.275	194.471
2456	4.91000	307.865	56.732	194.533
2457	4.91200	307.854	56.217	194.509
2458	4.91400	307.786	55.684	194.557
2459	4.91600	307.762	55.154	194.541
2460	4.91800	307.727	54.630	194.554
2461	4.92000	307.680	54.077	194.581
2462	4.92200	307.651	53.527	194.591
2463	4.92400	307.588	53.001	194.532
2464	4.92600	307.524	52.453	194.542
2465	4.92800	307.518	51.900	194.480
2466	4.93000	307.449	51.349	194.420
2467	4.93200	307.414	50.790	194.467
2468	4.93400	307.403	50.258	194.382
2469	4.93600	307.354	49.690	194.419
2470	4.93800	307.330	49.156	194.469
2471	4.94000	307.340	48.632	194.392
2472	4.94200	307.273	48.061	194.450
2473	4.94400	307.251	47.542	194.448
2474	4.94600	307.197	47.015	194.437
2475	4.94800	307.169	46.476	194.505
2476	4.95000	307.157	45.968	194.470
2477	4.95200	307.166	45.449	194.423
2478	4.95400	307.077	44.868	194.562
2479	4.95600	307.075	44.380	194.456
2480	4.95800	307.027	43.809	194.515
2481	4.96000	307.002	43.262	194.531
2482	4.96200	306.960	42.721	194.486
2483	4.96400	306.916	42.135	194.553
2484	4.96600	306.927	41.619	194.420
2485	4.96800	306.859	41.045	194.454
2486	4.97000	306.819	40.474	194.515
2487	4.97200	306.764	39.918	194.523
2488	4.97400	306.783	39.391	194.425
2489	4.97600	306.694	38.822	194.533
2490	4.97800	306.732	38.303	194.489
2491	4.98000	306.648	37.758	194.553
2492	4.98200	306.630	37.231	194.546
2493	4.98400	306.585	36.724	194.558
2494	4.98600	306.580	36.178	194.578
2495	4.98800	306.537	35.662	194.581
2496	4.99000	306.507	35.115	194.647
