NO_OF_FRAMES	548
NO_OF_CAMERAS	2
NO_OF_MARKERS	2
FREQUENCY	500
NO_OF_ANALOG	0
ANALOG_FREQUENCY	0
DESCRIPTION	--
TIME_STAMP	2024-10-18, 16:58:16.629	687231.44904450
DATA_INCLUDED	3D
TITLE	Bevaring av rörelsemängd i en dimension 23.1g vs 23.3g #11
MARKER_NAMES	v23_1g	h23_3g
COLLISION_TIME	0
TRAJECTORY_TYPES	Mixed	Mixed
Frame	Time	v23_1g X	v23_1g Y	v23_1g Z	h23_3g X	h23_3g Y	h23_3g Z	
559	1.11600	343.262	684.499	195.631	357.031	906.619	196.715
560	1.11800	343.230	684.018	195.636	356.872	904.645	196.805
561	1.12000	343.227	683.503	195.664	356.717	902.658	196.795
562	1.12200	343.210	683.020	195.695	356.654	900.640	196.790
563	1.12400	343.186	682.500	195.683	356.518	898.619	196.736
564	1.12600	343.176	682.031	195.744	356.440	896.614	196.747
565	1.12800	343.138	681.520	195.720	356.187	894.674	196.923
566	1.13000	343.127	681.021	195.750	356.016	892.596	196.769
567	1.13200	343.084	680.547	195.773	355.923	890.597	196.711
568	1.13400	343.086	680.033	195.775	355.719	888.590	196.657
569	1.13600	343.029	679.569	195.786	355.606	886.595	196.618
570	1.13800	343.032	679.057	195.764	355.545	884.544	196.512
571	1.14000	342.982	678.608	195.778	355.361	882.585	196.612
572	1.14200	342.964	678.095	195.781	355.321	880.536	196.531
573	1.14400	342.929	677.640	195.757	355.193	878.576	196.614
574	1.14600	342.910	677.141	195.788	355.157	876.525	196.542
575	1.14800	342.745	676.713	195.669	355.022	874.542	196.610
576	1.15000	342.708	676.246	195.707	355.042	872.502	196.487
577	1.15200	342.666	675.761	195.654	354.864	870.548	196.639
578	1.15400	342.585	675.250	195.631	354.832	868.522	196.526
579	1.15600	342.517	674.755	195.611	354.686	866.494	196.432
580	1.15800	342.494	674.242	195.618	354.608	864.486	196.411
581	1.16000	342.368	673.732	195.592	354.427	862.534	196.527
582	1.16200	342.329	673.204	195.570	354.402	860.466	196.402
583	1.16400	342.298	672.726	195.646	354.280	858.486	196.470
584	1.16600	342.253	672.207	195.613	354.207	856.449	196.401
585	1.16800	342.229	671.715	195.662	354.090	854.449	196.430
586	1.17000	342.191	671.234	195.674	353.971	852.460	196.425
587	1.17200	342.180	670.705	195.654	353.880	850.421	196.371
588	1.17400	342.137	670.254	195.697	353.771	848.432	196.350
589	1.17600	342.118	669.718	195.662	353.689	846.402	196.270
590	1.17800	342.089	669.267	195.707	353.564	844.424	196.354
591	1.18000	342.071	668.764	195.652	353.477	842.401	196.270
592	1.18200	342.035	668.293	195.629	353.340	840.365	196.290
593	1.18400	342.025	667.812	195.617	353.227	838.340	196.278
594	1.18600	341.995	667.320	195.528	353.106	836.326	196.234
595	1.18800	341.977	666.845	195.555	353.006	834.329	196.241
596	1.19000	341.962	666.351	195.492	352.825	832.346	196.214
597	1.19200	341.952	665.884	195.535	352.723	830.312	196.114
598	1.19400	341.929	665.388	195.497	352.593	828.331	196.113
599	1.19600	341.932	664.880	195.522	352.488	826.283	195.990
600	1.19800	341.887	664.391	195.523	352.359	824.343	196.102
601	1.20000	341.904	663.859	195.533	352.277	822.282	195.996
602	1.20200	341.874	663.408	195.579	352.141	820.306	196.000
603	1.20400	341.869	662.862	195.561	352.035	818.288	196.010
604	1.20600	341.853	662.394	195.606	351.886	816.264	196.008
605	1.20800	341.828	661.872	195.603	351.673	814.262	196.024
606	1.21000	341.826	661.391	195.596	351.540	812.213	196.010
607	1.21200	341.765	660.892	195.634	351.421	810.237	196.048
608	1.21400	341.784	660.395	195.600	351.282	808.226	195.973
609	1.21600	341.739	659.919	195.657	351.120	806.245	195.911
610	1.21800	341.715	659.408	195.593	350.984	804.260	195.883
611	1.22000	341.699	658.940	195.640	350.824	802.255	195.876
612	1.22200	341.662	658.461	195.607	350.718	800.252	195.849
613	1.22400	341.631	657.955	195.610	350.578	798.229	195.845
614	1.22600	341.601	657.506	195.607	350.469	796.221	195.851
615	1.22800	341.585	656.994	195.573	350.327	794.217	195.808
616	1.23000	341.555	656.551	195.610	350.181	792.208	195.822
617	1.23200	341.538	656.030	195.586	350.079	790.205	195.830
618	1.23400	341.514	655.564	195.583	349.941	788.167	195.792
619	1.23600	341.469	655.050	195.598	349.837	786.172	195.797
620	1.23800	341.460	654.552	195.593	349.753	784.182	195.822
621	1.24000	341.415	654.076	195.652	349.658	782.158	195.774
622	1.24200	341.426	653.555	195.605	349.560	780.144	195.786
623	1.24400	341.380	653.070	195.676	349.498	778.153	195.797
624	1.24600	341.370	652.548	195.654	349.403	776.133	195.777
625	1.24800	341.340	652.071	195.715	349.261	774.104	195.768
626	1.25000	341.314	651.565	195.720	349.169	772.104	195.775
627	1.25200	341.298	651.075	195.704	349.075	770.115	195.749
628	1.25400	341.260	650.591	195.750	348.993	768.106	195.749
629	1.25600	341.251	650.087	195.707	348.893	766.113	195.757
630	1.25800	341.212	649.610	195.768	348.800	764.101	195.699
631	1.26000	341.196	649.107	195.700	348.715	762.095	195.660
632	1.26200	341.158	648.625	195.722	348.617	760.101	195.655
633	1.26400	341.128	648.160	195.697	348.530	758.088	195.675
634	1.26600	341.118	647.656	195.654	348.413	756.114	195.721
635	1.26800	341.060	647.207	195.656	348.319	754.113	195.687
636	1.27000	341.072	646.703	195.589	348.170	752.108	195.706
637	1.27200	341.020	646.253	195.616	348.067	750.099	195.666
638	1.27400	340.966	645.695	195.527	347.944	748.112	195.648
639	1.27600	340.929	645.235	195.568	347.804	746.113	195.578
640	1.27800	340.817	644.692	195.527	347.670	744.120	195.529
641	1.28000	340.793	644.202	195.514	347.539	742.122	195.534
642	1.28200	340.783	643.708	195.577	347.443	740.108	195.515
643	1.28400	340.738	643.189	195.508	347.311	738.108	195.527
644	1.28600	340.720	642.694	195.596	347.224	736.095	195.491
645	1.28800	340.696	642.182	195.543	347.052	734.092	195.538
646	1.29000	340.671	641.681	195.592	346.920	732.058	195.556
647	1.29200	340.641	641.193	195.555	346.825	730.033	195.543
648	1.29400	340.629	640.684	195.591	346.691	728.048	195.552
649	1.29600	340.607	640.210	195.582	346.601	726.039	195.524
650	1.29800	340.603	639.695	195.580	346.467	724.047	195.500
651	1.30000	340.566	639.253	195.600	346.355	722.060	195.497
652	1.30200	340.569	638.722	195.572	346.244	720.043	195.466
653	1.30400	340.512	638.273	195.578	346.117	718.030	195.478
654	1.30600	340.529	637.758	195.553	346.015	716.052	195.451
655	1.30800	340.479	637.294	195.532	345.830	714.080	195.467
656	1.31000	340.469	636.810	195.561	345.712	712.092	195.463
657	1.31200	340.453	636.329	195.515	345.553	710.079	195.467
658	1.31400	340.422	635.861	195.570	345.390	708.090	195.468
659	1.31600	340.413	635.365	195.498	345.245	706.070	195.440
660	1.31800	340.381	634.873	195.538	345.107	704.056	195.431
661	1.32000	340.365	634.375	195.517	344.952	702.037	195.383
662	1.32200	340.333	633.882	195.559	344.827	700.039	195.358
663	1.32400	340.303	633.400	195.564	344.686	698.040	195.362
664	1.32600	340.292	632.867	195.590	344.589	696.043	195.411
665	1.32800	340.233	632.400	195.622	344.477	694.049	195.438
666	1.33000	340.257	631.867	195.623	344.395	692.062	195.461
667	1.33200	340.178	631.393	195.641	344.283	690.067	195.470
668	1.33400	340.189	630.877	195.646	344.187	688.066	195.446
669	1.33600	340.145	630.402	195.666	344.104	686.056	195.437
670	1.33800	340.128	629.919	195.673	344.001	684.070	195.423
671	1.34000	340.104	629.421	195.654	343.892	682.069	195.385
672	1.34200	340.047	628.954	195.688	343.789	680.075	195.366
673	1.34400	340.051	628.441	195.617	343.660	678.096	195.353
674	1.34600	340.007	627.982	195.639	343.543	676.085	195.339
675	1.34800	339.978	627.488	195.546	343.425	674.065	195.314
676	1.35000	339.880	627.031	195.570	343.265	672.077	195.322
677	1.35200	339.806	626.579	195.470	343.149	670.078	195.348
678	1.35400	339.768	626.096	195.479	343.032	668.068	195.299
679	1.35600	339.745	625.622	195.476	342.927	666.061	195.292
680	1.35800	339.714	625.099	195.469	342.839	664.063	195.281
681	1.36000	339.676	624.638	195.518	342.729	662.065	195.273
682	1.36200	339.652	624.106	195.524	342.604	660.050	195.264
683	1.36400	339.614	623.646	195.573	342.514	658.043	195.250
684	1.36600	339.576	623.123	195.567	342.425	656.056	195.307
685	1.36800	339.566	622.647	195.591	342.342	654.063	195.302
686	1.37000	339.521	622.139	195.612	342.244	652.053	195.324
687	1.37200	339.511	621.640	195.596	342.154	650.069	195.316
688	1.37400	339.459	621.155	195.658	342.065	648.067	195.310
689	1.37600	339.442	620.641	195.616	341.983	646.074	195.297
690	1.37800	339.397	620.165	195.666	341.885	644.066	195.259
691	1.38000	339.381	619.659	195.638	341.761	642.073	195.252
692	1.38200	339.321	619.161	195.620	341.686	640.078	195.251
693	1.38400	339.297	618.663	195.581	341.611	638.097	195.282
694	1.38600	339.272	618.156	195.578	341.435	636.065	195.241
695	1.38800	339.221	617.690	195.566	341.274	634.072	195.222
696	1.39000	339.232	617.175	195.526	341.213	632.076	195.213
697	1.39200	339.183	616.755	195.597	341.137	630.026	195.138
698	1.39400	339.327	615.490	195.792	341.226	628.810	195.344
699	1.39600	339.310	613.861	196.151	341.076	628.239	195.900
700	1.39800	339.300	612.272	196.527	340.912	627.587	196.281
701	1.40000	339.381	610.629	196.948	340.737	626.928	196.652
702	1.40200	339.359	609.042	197.278	340.511	626.289	196.978
703	1.40400	339.384	607.440	197.559	340.354	625.619	197.219
704	1.40600	339.336	605.869	197.757	340.247	624.941	197.421
705	1.40800	339.309	604.338	197.923	340.159	624.218	197.544
706	1.41000	339.291	602.826	198.042	339.960	623.514	197.638
707	1.41200	339.275	601.316	198.089	339.789	622.788	197.670
708	1.41400	339.257	599.814	198.149	339.529	622.099	197.686
709	1.41600	339.234	598.315	198.138	339.408	621.398	197.685
710	1.41800	339.231	596.784	198.075	339.272	620.652	197.602
711	1.42000	339.193	595.286	198.016	339.172	619.915	197.459
712	1.42200	339.145	593.826	197.835	338.973	619.157	197.297
713	1.42400	339.096	592.380	197.682	338.809	618.384	197.084
714	1.42600	339.057	590.964	197.395	338.568	617.640	196.817
715	1.42800	339.004	589.572	197.099	338.508	616.871	196.622
716	1.43000	338.938	588.165	196.751	338.545	616.147	196.483
717	1.43200	338.849	586.747	196.494	338.710	615.408	196.379
718	1.43400	338.633	585.299	196.499	338.789	614.676	196.204
719	1.43600	338.312	583.802	196.310	338.895	613.935	196.016
720	1.43800	337.923	582.445	196.178	339.073	613.214	195.899
721	1.44000	337.649	581.102	196.018	339.182	612.521	195.744
722	1.44200	337.289	579.681	195.750	339.215	611.875	195.668
723	1.44400	336.854	578.386	195.511	339.200	611.253	195.657
724	1.44600	336.744	576.991	195.523	339.246	610.621	195.632
725	1.44800	336.716	575.586	195.577	339.328	610.028	195.625
726	1.45000	336.690	574.221	195.622	339.417	609.442	195.658
727	1.45200	336.643	572.858	195.644	339.473	608.836	195.601
728	1.45400	336.596	571.495	195.641	339.557	608.228	195.572
729	1.45600	336.556	570.116	195.615	339.731	607.572	195.468
730	1.45800	336.509	568.746	195.578	339.839	606.894	195.314
731	1.46000	336.441	567.367	195.580	339.944	606.189	195.222
732	1.46200	336.400	565.957	195.481	339.912	605.678	195.302
733	1.46400	336.340	564.587	195.425	339.872	605.143	195.392
734	1.46600	336.279	563.223	195.433	339.854	604.601	195.420
735	1.46800	336.211	561.836	195.429	339.814	604.044	195.420
736	1.47000	336.141	560.423	195.440	339.781	603.494	195.434
737	1.47200	336.087	559.058	195.531	339.735	602.956	195.385
738	1.47400	336.019	557.685	195.584	339.654	602.386	195.333
739	1.47600	335.950	556.288	195.627	339.488	601.803	195.226
740	1.47800	335.902	554.883	195.633	339.412	601.207	195.185
741	1.48000	335.764	553.489	195.599	339.365	600.627	195.147
742	1.48200	335.584	552.104	195.552	339.303	600.045	195.159
743	1.48400	335.551	550.732	195.517	339.242	599.473	195.135
744	1.48600	335.477	549.361	195.507	339.195	598.915	195.163
745	1.48800	335.409	547.997	195.484	339.127	598.350	195.178
746	1.49000	335.335	546.642	195.478	339.087	597.785	195.169
747	1.49200	335.303	545.254	195.399	339.006	597.236	195.211
748	1.49400	335.235	543.890	195.384	338.974	596.687	195.204
749	1.49600	335.175	542.534	195.408	338.899	596.130	195.233
750	1.49800	335.113	541.129	195.385	338.839	595.565	195.252
751	1.50000	335.038	539.748	195.425	338.744	594.999	195.321
752	1.50200	334.977	538.382	195.519	338.710	594.416	195.338
753	1.50400	334.874	536.994	195.552	338.670	593.867	195.331
754	1.50600	334.805	535.589	195.561	338.651	593.293	195.337
755	1.50800	334.716	534.224	195.635	338.597	592.737	195.318
756	1.51000	334.628	532.867	195.698	338.598	592.154	195.310
757	1.51200	334.567	531.478	195.713	338.543	591.580	195.315
758	1.51400	334.470	530.073	195.703	338.566	591.014	195.286
759	1.51600	334.328	528.744	195.710	338.540	590.465	195.281
760	1.51800	334.045	527.329	195.547	338.534	589.891	195.264
761	1.52000	333.937	525.990	195.543	338.543	589.349	195.248
762	1.52200	333.822	524.619	195.490	338.572	588.799	195.219
763	1.52400	333.755	523.255	195.454	338.566	588.248	195.241
764	1.52600	333.673	521.882	195.430	338.581	587.690	195.225
765	1.52800	333.585	520.526	195.459	338.582	587.122	195.246
766	1.53000	333.497	519.170	195.465	338.577	586.556	195.244
767	1.53200	333.469	517.746	195.475	338.584	585.988	195.266
768	1.53400	333.395	516.381	195.523	338.578	585.414	195.251
769	1.53600	333.313	515.016	195.573	338.566	584.849	195.223
770	1.53800	333.280	513.626	195.563	338.547	584.275	195.183
771	1.54000	333.218	512.236	195.579	338.534	583.709	195.182
772	1.54200	333.137	510.879	195.596	338.508	583.144	195.156
773	1.54400	333.090	509.489	195.567	338.496	582.569	195.142
774	1.54600	333.057	508.115	195.589	338.469	581.995	195.127
775	1.54800	332.969	506.742	195.586	338.450	581.453	195.168
776	1.55000	332.915	505.385	195.562	338.416	580.878	195.180
777	1.55200	332.882	504.003	195.527	338.390	580.327	195.233
778	1.55400	332.808	502.637	195.517	338.358	579.777	195.235
779	1.55600	332.733	501.256	195.486	338.324	579.226	195.288
780	1.55800	332.679	499.874	195.457	338.292	578.668	195.277
781	1.56000	332.626	498.508	195.505	338.252	578.110	195.292
782	1.56200	332.565	497.134	195.542	338.212	577.545	195.294
783	1.56400	332.496	495.720	195.519	338.186	576.987	195.285
784	1.56600	332.296	494.291	195.490	338.104	576.406	195.288
785	1.56800	332.243	492.925	195.494	338.022	575.841	195.290
786	1.57000	332.182	491.543	195.476	337.897	575.236	195.274
787	1.57200	332.079	490.145	195.484	337.829	574.663	195.237
788	1.57400	332.032	488.763	195.496	337.788	574.089	195.227
789	1.57600	331.978	487.389	195.496	337.727	573.532	195.218
790	1.57800	331.884	486.024	195.458	337.680	572.967	195.197
791	1.58000	331.843	484.641	195.476	337.620	572.410	195.189
792	1.58200	331.776	483.267	195.457	337.526	571.871	195.158
793	1.58400	331.696	481.918	195.475	337.466	571.314	195.152
794	1.58600	331.669	480.544	195.487	337.392	570.773	195.146
795	1.58800	331.587	479.154	195.498	337.352	570.215	195.166
796	1.59000	331.492	477.781	195.536	337.327	569.673	195.162
797	1.59200	331.431	476.407	195.527	337.273	569.115	195.181
798	1.59400	331.371	475.049	195.569	337.254	568.573	195.203
799	1.59600	331.283	473.684	195.600	337.221	568.006	195.211
800	1.59800	331.242	472.286	195.611	337.202	567.464	195.208
801	1.60000	331.155	470.920	195.619	337.182	566.881	195.215
802	1.60200	331.074	469.563	195.643	337.157	566.339	195.213
803	1.60400	330.965	468.199	195.631	337.137	565.757	195.196
804	1.60600	330.655	466.797	195.480	337.132	565.189	195.206
805	1.60800	330.533	465.424	195.432	337.105	564.616	195.151
806	1.61000	330.438	464.051	195.414	337.093	564.057	195.175
807	1.61200	330.329	462.678	195.396	337.087	563.482	195.121
808	1.61400	330.248	461.304	195.382	337.082	562.924	195.120
809	1.61600	330.158	459.923	195.409	337.076	562.349	195.092
810	1.61800	330.050	458.567	195.422	337.078	561.789	195.118
811	1.62000	329.995	457.177	195.466	337.086	561.230	195.117
812	1.62200	329.928	455.803	195.484	337.081	560.678	195.155
813	1.62400	329.854	454.438	195.517	337.068	560.110	195.191
814	1.62600	329.792	453.056	195.528	337.117	559.556	195.254
815	1.62800	329.711	451.675	195.566	337.104	559.005	195.267
816	1.63000	329.644	450.309	195.578	337.113	558.461	195.321
817	1.63200	329.603	448.926	195.545	337.086	557.878	195.307
818	1.63400	329.530	447.578	195.585	337.088	557.335	195.335
819	1.63600	329.469	446.195	195.580	337.068	556.760	195.309
820	1.63800	329.422	444.804	195.539	337.056	556.193	195.299
821	1.64000	329.308	443.430	195.495	337.023	555.619	195.275
822	1.64200	329.167	442.023	195.402	337.004	555.061	195.253
823	1.64400	329.106	440.649	195.417	336.970	554.494	195.243
824	1.64600	329.005	439.276	195.430	336.923	553.920	195.220
825	1.64800	328.986	437.893	195.438	336.891	553.379	195.199
826	1.65000	328.905	436.520	195.458	336.803	552.822	195.178
827	1.65200	328.823	435.122	195.468	336.716	552.274	195.171
828	1.65400	328.810	433.740	195.482	336.669	551.708	195.163
829	1.65600	328.730	432.375	195.517	336.616	551.166	195.169
830	1.65800	328.670	430.993	195.508	336.555	550.608	195.174
831	1.66000	328.615	429.619	195.513	336.502	550.067	195.181
832	1.66200	328.542	428.254	195.505	336.385	549.494	195.156
833	1.66400	328.482	426.863	195.488	336.297	548.945	195.147
834	1.66600	328.443	425.505	195.472	336.243	548.386	195.178
835	1.66800	328.369	424.123	195.446	336.183	547.836	195.198
836	1.67000	328.322	422.757	195.422	336.128	547.270	195.217
837	1.67200	328.249	421.408	195.421	336.096	546.719	195.237
838	1.67400	328.203	420.017	195.415	336.021	546.145	195.244
839	1.67600	328.143	418.661	195.433	335.994	545.586	195.278
840	1.67800	328.067	417.264	195.444	335.954	545.003	195.248
841	1.68000	327.986	415.900	195.479	335.921	544.437	195.244
842	1.68200	327.934	414.544	195.528	335.895	543.870	195.214
843	1.68400	327.872	413.145	195.494	335.869	543.312	195.198
844	1.68600	327.793	411.807	195.570	335.842	542.745	195.195
845	1.68800	327.623	410.351	195.476	335.796	542.187	195.179
846	1.69000	327.502	408.988	195.494	335.776	541.627	195.190
847	1.69200	327.374	407.632	195.499	335.744	541.076	195.213
848	1.69400	327.279	406.243	195.485	335.724	540.517	195.224
849	1.69600	327.198	404.879	195.485	335.698	539.966	195.248
850	1.69800	327.082	403.523	195.448	335.679	539.415	195.272
851	1.70000	326.915	402.169	195.414	335.660	538.856	195.284
852	1.70200	326.828	400.822	195.417	335.627	538.313	195.297
853	1.70400	326.726	399.441	195.400	335.608	537.762	195.323
854	1.70600	326.666	398.079	195.460	335.589	537.203	195.310
855	1.70800	326.611	396.681	195.449	335.570	536.644	195.298
856	1.71000	326.538	395.334	195.485	335.565	536.085	195.313
857	1.71200	326.470	393.954	195.502	335.532	535.526	195.276
858	1.71400	326.388	392.574	195.496	335.534	534.967	195.265
859	1.71600	326.322	391.228	195.537	335.514	534.392	195.254
860	1.71800	326.140	389.771	195.421	335.502	533.824	195.256
861	1.72000	326.061	388.416	195.454	335.511	533.265	195.195
862	1.72200	325.986	387.026	195.417	335.498	532.697	195.198
863	1.72400	325.900	385.671	195.427	335.486	532.130	195.201
864	1.72600	325.813	384.323	195.401	335.439	531.579	195.204
865	1.72800	325.767	382.933	195.370	335.420	531.020	195.195
866	1.73000	325.668	381.596	195.409	335.394	530.470	195.199
867	1.73200	325.601	380.223	195.380	335.368	529.919	195.204
868	1.73400	325.540	378.843	195.392	335.336	529.384	195.234
869	1.73600	325.467	377.481	195.428	335.296	528.825	195.252
870	1.73800	325.441	376.084	195.447	335.277	528.282	195.269
871	1.74000	325.354	374.722	195.487	335.251	527.731	195.300
872	1.74200	325.293	373.334	195.470	335.219	527.180	195.306
873	1.74400	325.233	371.971	195.489	335.193	526.629	195.312
874	1.74600	325.194	370.590	195.487	335.167	526.070	195.306
875	1.74800	325.142	369.219	195.498	335.133	525.495	195.300
876	1.75000	325.088	367.848	195.512	335.107	524.920	195.268
877	1.75200	325.022	366.475	195.475	335.081	524.353	195.250
878	1.75400	324.954	365.113	195.479	335.047	523.786	195.232
879	1.75600	324.887	363.724	195.449	335.014	523.219	195.214
880	1.75800	324.863	362.384	195.439	334.988	522.643	195.185
881	1.76000	324.810	360.988	195.427	334.948	522.076	195.167
882	1.76200	324.749	359.634	195.450	334.880	521.510	195.149
883	1.76400	324.682	358.246	195.428	334.785	520.944	195.154
884	1.76600	324.539	356.836	195.422	334.725	520.411	195.139
885	1.76800	324.412	355.432	195.403	334.651	519.869	195.186
886	1.77000	324.326	354.055	195.448	334.564	519.345	195.160
887	1.77200	324.272	352.668	195.434	334.511	518.810	195.221
888	1.77400	324.184	351.307	195.456	334.457	518.260	195.232
889	1.77600	324.112	349.937	195.467	334.404	517.710	195.243
890	1.77800	324.043	348.543	195.473	334.364	517.167	195.242
891	1.78000	323.958	347.191	195.510	334.317	516.601	195.228
892	1.78200	323.924	345.794	195.470	334.277	516.034	195.215
893	1.78400	323.839	344.458	195.482	334.244	515.475	195.215
894	1.78600	323.793	343.077	195.442	334.218	514.907	195.202
895	1.78800	323.714	341.741	195.458	334.185	514.340	195.164
896	1.79000	323.636	340.380	195.468	334.159	513.773	195.178
897	1.79200	323.582	339.010	195.470	334.147	513.213	195.154
898	1.79400	323.496	337.643	195.498	334.141	512.637	195.155
899	1.79600	323.322	336.316	195.460	334.128	512.069	195.144
900	1.79800	323.194	334.931	195.442	334.130	511.509	195.146
901	1.80000	322.985	333.528	195.375	334.118	510.949	195.123
902	1.80200	322.905	332.160	195.385	334.127	510.405	195.150
903	1.80400	322.838	330.766	195.389	334.122	509.846	195.128
904	1.80600	322.745	329.415	195.400	334.124	509.293	195.143
905	1.80800	322.684	328.020	195.383	334.112	508.750	195.148
906	1.81000	322.599	326.678	195.409	334.114	508.198	195.164
907	1.81200	322.523	325.291	195.356	334.088	507.639	195.194
908	1.81400	322.423	323.940	195.375	334.076	507.104	195.211
909	1.81600	322.361	322.553	195.326	334.049	506.528	195.217
910	1.81800	322.268	321.211	195.359	334.010	505.969	195.222
911	1.82000	322.181	319.836	195.375	333.976	505.402	195.216
912	1.82200	322.128	318.468	195.380	333.929	504.835	195.183
913	1.82400	322.041	317.094	195.399	333.903	504.268	195.151
914	1.82600	321.995	315.735	195.419	333.870	503.700	195.120
915	1.82800	321.914	314.359	195.417	333.830	503.133	195.114
916	1.83000	321.816	312.965	195.392	333.797	502.574	195.096
917	1.83200	321.671	311.538	195.347	333.778	501.998	195.103
918	1.83400	321.585	310.182	195.399	333.731	501.448	195.073
919	1.83600	321.525	308.789	195.382	333.698	500.880	195.094
920	1.83800	321.466	307.439	195.398	333.666	500.337	195.102
921	1.84000	321.414	306.061	195.356	333.640	499.786	195.148
922	1.84200	321.356	304.709	195.349	333.600	499.243	195.183
923	1.84400	321.303	303.315	195.315	333.567	498.700	195.216
924	1.84600	321.252	301.973	195.323	333.542	498.149	195.214
925	1.84800	321.184	300.591	195.329	333.516	497.606	195.248
926	1.85000	321.127	299.233	195.344	333.469	497.047	195.258
927	1.85200	321.073	297.841	195.344	333.450	496.496	195.231
928	1.85400	321.008	296.493	195.373	333.389	495.921	195.242
929	1.85600	320.948	295.110	195.361	333.377	495.361	195.229
930	1.85800	320.889	293.746	195.399	333.330	494.794	195.227
931	1.86000	320.843	292.362	195.391	333.289	494.211	195.202
932	1.86200	320.770	290.999	195.432	333.221	493.644	195.227
933	1.86400	320.725	289.614	195.401	333.174	493.069	195.189
934	1.86600	320.647	288.259	195.431	333.037	492.487	195.185
935	1.86800	320.568	286.895	195.451	332.984	491.920	195.134
936	1.87000	320.487	285.503	195.415	332.930	491.345	195.146
937	1.87200	320.318	284.110	195.349	332.884	490.802	195.133
938	1.87400	320.218	282.751	195.308	332.851	490.251	195.134
939	1.87600	320.134	281.359	195.276	332.791	489.700	195.134
940	1.87800	320.048	280.015	195.328	332.759	489.158	195.148
941	1.88000	319.974	278.617	195.316	332.726	488.615	195.163
942	1.88200	319.904	277.279	195.357	332.693	488.064	195.190
943	1.88400	319.836	275.882	195.349	332.662	487.537	195.205
944	1.88600	319.764	274.538	195.409	332.642	486.978	195.221
945	1.88800	319.703	273.141	195.405	332.595	486.419	195.237
946	1.89000	319.626	271.805	195.453	332.576	485.859	195.253
947	1.89200	319.566	270.423	195.423	332.551	485.300	195.219
948	1.89400	319.450	269.080	195.465	332.531	484.715	195.200
949	1.89600	319.345	267.707	195.425	332.512	484.156	195.192
950	1.89800	319.166	266.356	195.433	332.486	483.588	195.146
951	1.90000	318.960	264.924	195.365	332.473	483.011	195.140
952	1.90200	318.860	263.594	195.357	332.454	482.452	195.108
953	1.90400	318.790	262.203	195.325	332.442	481.875	195.102
954	1.90600	318.710	260.855	195.300	332.430	481.332	195.096
955	1.90800	318.632	259.477	195.309	332.410	480.764	195.103
956	1.91000	318.573	258.104	195.281	332.399	480.221	195.148
957	1.91200	318.494	256.744	195.316	332.379	479.661	195.168
958	1.91400	318.448	255.348	195.312	332.375	479.134	195.213
959	1.91600	318.376	253.998	195.362	332.355	478.558	195.235
960	1.91800	318.330	252.601	195.335	332.351	478.023	195.243
961	1.92000	318.258	251.268	195.384	332.332	477.463	195.239
962	1.92200	318.211	249.871	195.361	332.306	476.920	195.260
963	1.92400	318.140	248.520	195.393	332.293	476.336	195.245
964	1.92600	318.080	247.138	195.343	332.282	475.784	195.229
965	1.92800	318.023	245.787	195.378	332.249	475.216	195.213
966	1.93000	317.955	244.384	195.351	332.229	474.648	195.199
967	1.93200	317.896	243.039	195.350	332.203	474.080	195.184
968	1.93400	317.758	241.629	195.245	332.163	473.513	195.144
969	1.93600	317.649	240.241	195.215	332.130	472.945	195.155
970	1.93800	317.578	238.907	195.229	332.083	472.361	195.117
971	1.94000	317.480	237.522	195.231	332.057	471.810	195.154
972	1.94200	317.440	236.163	195.244	332.017	471.234	195.129
973	1.94400	317.342	234.779	195.250	331.984	470.683	195.141
974	1.94600	317.297	233.422	195.292	331.944	470.132	195.128
975	1.94800	317.232	232.045	195.287	331.919	469.606	195.152
976	1.95000	317.180	230.678	195.296	331.887	469.063	195.151
977	1.95200	317.116	229.311	195.305	331.855	468.537	195.177
978	1.95400	317.062	227.940	195.266	331.829	467.986	195.216
979	1.95600	316.976	226.577	195.305	331.803	467.435	195.230
980	1.95800	316.937	225.174	195.279	331.778	466.884	195.269
981	1.96000	316.872	223.824	195.292	331.758	466.316	195.260
982	1.96200	316.820	222.445	195.249	331.719	465.765	195.275
983	1.96400	316.754	221.088	195.255	331.686	465.189	195.252
984	1.96600	316.697	219.727	195.237	331.667	464.629	195.231
985	1.96800	316.630	218.343	195.215	331.606	464.045	195.195
986	1.97000	316.566	216.990	195.278	331.532	463.461	195.160
987	1.97200	316.491	215.600	195.276	331.451	462.894	195.098
988	1.97400	316.414	214.228	195.294	331.404	462.319	195.079
989	1.97600	316.215	212.812	195.257	331.344	461.768	195.044
990	1.97800	316.114	211.435	195.296	331.248	461.210	195.050
991	1.98000	316.021	210.058	195.337	331.195	460.668	195.054
992	1.98200	315.935	208.695	195.348	331.141	460.102	195.098
993	1.98400	315.836	207.347	195.355	331.081	459.585	195.141
994	1.98600	315.771	205.963	195.323	331.027	459.018	195.186
995	1.98800	315.672	204.614	195.308	330.959	458.485	195.205
996	1.99000	315.621	203.233	195.306	330.927	457.934	195.223
997	1.99200	315.564	201.868	195.300	330.873	457.392	195.256
998	1.99400	315.508	200.521	195.317	330.840	456.833	195.263
999	1.99600	315.435	199.146	195.279	330.800	456.274	195.246
1000	1.99800	315.385	197.793	195.316	330.774	455.706	195.242
1001	2.00000	315.211	196.358	195.229	330.748	455.146	195.200
1002	2.00200	315.107	194.989	195.247	330.729	454.578	195.196
1003	2.00400	315.024	193.629	195.278	330.703	454.001	195.155
1004	2.00600	314.938	192.235	195.294	330.697	453.425	195.166
1005	2.00800	314.874	190.883	195.314	330.671	452.848	195.126
1006	2.01000	314.801	189.505	195.330	330.680	452.280	195.124
1007	2.01200	314.700	188.134	195.307	330.661	451.720	195.109
1008	2.01400	314.636	186.778	195.374	330.655	451.151	195.108
1009	2.01600	314.563	185.379	195.322	330.658	450.591	195.119
1010	2.01800	314.442	184.034	195.310	330.639	450.031	195.105
1011	2.02000	314.370	182.676	195.262	330.620	449.480	195.129
1012	2.02200	314.277	181.309	195.206	330.616	448.936	195.114
1013	2.02400	314.240	179.959	195.240	330.612	448.409	195.124
1014	2.02600	314.174	178.580	195.219	330.608	447.857	195.123
1015	2.02800	314.089	177.201	195.200	330.575	447.323	195.173
1016	2.03000	313.929	175.791	195.188	330.543	446.772	195.173
1017	2.03200	313.829	174.396	195.151	330.502	446.197	195.214
1018	2.03400	313.760	173.050	195.219	330.469	445.638	195.227
1019	2.03600	313.653	171.670	195.248	330.422	445.071	195.204
1020	2.03800	313.602	170.305	195.206	330.382	444.511	195.194
1021	2.04000	313.525	168.965	195.238	330.349	443.935	195.158
1022	2.04200	313.474	167.564	195.228	330.309	443.376	195.124
1023	2.04400	313.387	166.204	195.286	330.269	442.799	195.089
1024	2.04600	313.321	164.829	195.284	330.236	442.240	195.080
1025	2.04800	313.241	163.429	195.279	330.189	441.673	195.059
1026	2.05000	313.179	162.107	195.246	330.170	441.113	195.050
1027	2.05200	313.100	160.743	195.190	330.130	440.563	195.080
1028	2.05400	313.069	159.346	195.216	330.105	440.020	195.095
1029	2.05600	312.992	158.004	195.211	330.058	439.479	195.163
1030	2.05800	312.940	156.599	195.230	330.047	438.943	195.166
1031	2.06000	312.884	155.242	195.235	330.007	438.394	195.221
1032	2.06200	312.805	153.889	195.267	329.968	437.859	195.224
1033	2.06400	312.789	152.488	195.250	329.936	437.325	195.253
1034	2.06600	312.719	151.132	195.328	329.815	436.742	195.206
1035	2.06800	312.550	149.709	195.235	329.776	436.199	195.224
1036	2.07000	312.452	148.323	195.190	329.736	435.631	195.180
1037	2.07200	312.359	146.991	195.251	329.697	435.063	195.161
1038	2.07400	312.266	145.609	195.235	329.664	434.495	195.143
1039	2.07600	312.228	144.232	195.207	329.632	433.919	195.113
1040	2.07800	312.126	142.907	195.187	329.606	433.360	195.109
1041	2.08000	312.055	141.523	195.152	329.566	432.783	195.080
1042	2.08200	312.005	140.158	195.139	329.533	432.216	195.064
1043	2.08400	311.919	138.825	195.115	329.501	431.648	195.073
1044	2.08600	311.889	137.410	195.166	329.468	431.097	195.057
1045	2.08800	311.790	136.057	195.170	329.435	430.546	195.065
1046	2.09000	311.727	134.703	195.174	329.396	429.979	195.076
1047	2.09200	311.670	133.300	195.173	329.391	429.435	195.072
1048	2.09400	311.591	131.960	195.218	329.365	428.892	195.069
1049	2.09600	311.464	130.540	195.197	329.341	428.358	195.103
1050	2.09800	311.316	129.151	195.095	329.308	427.824	195.113
1051	2.10000	311.221	127.816	195.171	329.283	427.281	195.135
1052	2.10200	311.142	126.455	195.174	329.250	426.723	195.161
1053	2.10400	311.065	125.079	195.118	329.231	426.172	195.172
1054	2.10600	311.022	123.718	195.126	329.198	425.613	195.172
1055	2.10800	310.939	122.366	195.120	329.173	425.045	195.160
1056	2.11000	310.871	120.964	195.109	329.139	424.477	195.149
1057	2.11200	310.749	119.590	195.174	329.106	423.892	195.113
1058	2.11400	310.698	118.243	195.156	329.086	423.325	195.103
1059	2.11600	310.645	116.827	195.157	329.061	422.756	195.067
1060	2.11800	310.582	115.474	195.203	329.048	422.188	195.032
1061	2.12000	310.517	114.108	195.214	329.023	421.628	195.008
1062	2.12200	310.464	112.720	195.180	329.003	421.052	195.012
1063	2.12400	310.390	111.362	195.180	328.998	420.492	195.016
1064	2.12600	310.289	109.969	195.164	328.973	419.950	195.042
1065	2.12800	310.138	108.571	195.163	328.961	419.399	195.084
1066	2.13000	310.111	107.213	195.168	328.942	418.857	195.111
1067	2.13200	309.997	105.866	195.181	328.931	418.323	195.151
1068	2.13400	309.925	104.470	195.192	328.912	417.772	195.168
1069	2.13600	309.868	103.107	195.148	328.901	417.221	195.184
1070	2.13800	309.812	101.763	195.194	328.875	416.670	195.202
1071	2.14000	309.741	100.386	195.161	328.850	416.127	195.179
1072	2.14200	309.698	99.006	195.172	328.831	415.568	195.211
1073	2.14400	309.626	97.646	195.204	328.805	414.991	195.167
1074	2.14600	309.568	96.262	195.236	328.779	414.432	195.173
1075	2.14800	309.507	94.881	195.226	328.740	413.872	195.128
1076	2.15000	309.425	93.529	195.248	328.713	413.296	195.112
1077	2.15200	309.364	92.141	195.301	328.680	412.737	195.093
1078	2.15400	309.284	90.747	195.305	328.632	412.154	195.091
1079	2.15600	309.260	89.391	195.305	328.586	411.603	195.085
1080	2.15800	309.137	88.013	195.302	328.524	411.037	195.107
1081	2.16000	308.940	86.616	195.276	328.477	410.479	195.116
1082	2.16200	308.923	85.270	195.222	328.437	409.928	195.112
1083	2.16400	308.809	83.896	195.296	328.361	409.365	195.186
1084	2.16600	308.736	82.510	195.293	328.308	408.823	195.193
1085	2.16800	308.670	81.119	195.310	328.223	408.272	195.185
1086	2.17000	308.628	79.793	195.280	328.170	407.731	195.192
1087	2.17200	308.559	78.446	195.206	328.133	407.197	195.211
1088	2.17400	308.471	77.080	195.160	328.093	406.638	195.221
1089	2.17600	308.378	75.679	195.261	328.054	406.088	195.244
1090	2.17800	308.358	74.339	195.245	328.021	405.520	195.218
1091	2.18000	308.250	72.937	195.324	327.982	404.969	195.214
1092	2.18200	308.184	71.560	195.318	327.949	404.401	195.189
1093	2.18400	308.113	70.209	195.315	327.923	403.825	195.152
1094	2.18600	308.068	68.877	195.289	327.891	403.273	195.124
1095	2.18800	307.822	67.446	195.267	327.865	402.689	195.102
1096	2.19000	307.755	66.068	195.241	327.819	402.121	195.077
1097	2.19200	307.648	64.734	195.238	327.807	401.553	195.053
1098	2.19400	307.569	63.366	195.225	327.768	401.001	195.026
1099	2.19600	307.503	61.975	195.212	327.736	400.435	195.053
1100	2.19800	307.421	60.618	195.213	327.703	399.909	195.065
1101	2.20000	307.344	59.266	195.243	327.678	399.351	195.104
1102	2.20200	307.237	57.866	195.270	327.639	398.818	195.129
1103	2.20400	307.126	56.457	195.380	327.620	398.260	195.170
1104	2.20600	307.115	55.143	195.249	327.581	397.735	195.182
1105	2.20800	307.022	53.803	195.250	327.556	397.176	195.197
1106	2.21000	306.918	52.466	195.208	327.516	396.642	195.173
