NO_OF_FRAMES	575
NO_OF_CAMERAS	2
NO_OF_MARKERS	6
FREQUENCY	500
NO_OF_ANALOG	0
ANALOG_FREQUENCY	0
DESCRIPTION	--
TIME_STAMP	2024-10-21, 18:10:40.319	950773.95701150
DATA_INCLUDED	3D
TITLE	Bevaring av energi i elastisk stöt 34.0g vs (stilla fjäderpuck) 31.6g
MARKER_NAMES	h31_6g	hx	hy	v34_0g	vx	vy
COLLISION_TIME	0
TRAJECTORY_TYPES	Mixed	Measured	Mixed	Mixed	Mixed	Mixed
Frame	Time	h31_6g X	h31_6g Y	h31_6g Z	hx X	hx Y	hx Z	hy X	hy Y	hy Z	v34_0g X	v34_0g Y	v34_0g Z	vx X	vx Y	vx Z	vy X	vy Y	vy Z	
14968	29.93400	312.871	423.081	165.194	319.009	442.556	165.682	292.674	427.472	165.461	521.332	468.028	169.582	517.543	483.017	169.452	505.593	465.633	169.519
14969	29.93600	312.879	423.080	165.194	319.024	442.573	165.681	292.696	427.471	165.430	520.576	467.773	169.529	516.864	482.794	169.468	504.897	465.338	169.544
14970	29.93800	312.902	423.098	165.192	319.033	442.583	165.696	292.711	427.479	165.413	519.933	467.540	169.504	516.151	482.557	169.348	504.298	465.089	169.520
14971	29.94000	312.925	423.106	165.175	319.048	442.583	165.697	292.742	427.488	165.397	519.327	467.293	169.571	515.586	482.314	169.344	503.640	464.874	169.556
14972	29.94200	312.956	423.115	165.190	319.063	442.591	165.680	292.758	427.497	165.412	518.650	467.110	169.544	514.891	482.069	169.397	502.986	464.626	169.560
14973	29.94400	312.971	423.124	165.174	319.086	442.591	165.680	292.788	427.506	165.396	518.099	466.850	169.608	514.199	481.824	169.482	502.405	464.411	169.503
14974	29.94600	312.995	423.133	165.189	319.115	442.600	165.695	292.804	427.497	165.413	517.403	466.564	169.585	513.599	481.592	169.426	501.650	464.140	169.482
14975	29.94800	313.017	423.132	165.158	319.131	442.609	165.680	292.834	427.506	165.397	516.669	466.342	169.533	512.945	481.365	169.353	501.016	463.867	169.534
14976	29.95000	313.048	423.142	165.173	319.147	442.609	165.680	292.849	427.496	165.382	516.118	466.116	169.597	512.206	481.118	169.314	500.436	463.662	169.555
14977	29.95200	313.056	423.150	165.157	319.155	442.618	165.664	292.880	427.506	165.398	515.454	465.918	169.601	511.685	480.874	169.406	499.760	463.447	169.529
14978	29.95400	313.087	423.168	165.156	319.186	442.627	165.679	292.895	427.506	165.398	514.766	465.674	169.530	510.966	480.639	169.441	499.099	463.162	169.506
14979	29.95600	313.110	423.168	165.156	319.194	442.636	165.663	292.934	427.507	165.399	514.202	465.362	169.628	510.276	480.387	169.383	498.491	462.920	169.500
14980	29.95800	313.117	423.176	165.140	319.225	442.645	165.679	292.973	427.516	165.414	513.483	465.141	169.577	509.750	480.154	169.331	497.823	462.671	169.569
14981	29.96000	313.163	423.177	165.140	319.249	442.654	165.663	292.987	427.525	165.399	512.804	464.956	169.553	509.029	479.907	169.356	497.187	462.440	169.541
14982	29.96200	313.179	423.186	165.155	319.257	442.663	165.678	293.018	427.517	165.416	512.285	464.707	169.631	508.328	479.672	169.424	496.607	462.200	169.565
14983	29.96400	313.194	423.194	165.139	319.281	442.672	165.663	293.042	427.516	165.416	511.574	464.446	169.561	507.787	479.429	169.482	495.898	461.939	169.559
14984	29.96600	313.209	423.194	165.139	319.305	442.680	165.647	293.065	427.526	165.431	510.873	464.218	169.523	507.068	479.202	169.408	495.235	461.655	169.568
14985	29.96800	313.225	423.204	165.154	319.312	442.689	165.661	293.088	427.526	165.431	510.313	463.956	169.621	506.394	478.951	169.319	494.620	461.449	169.558
14986	29.97000	313.240	423.212	165.138	319.342	442.689	165.662	293.112	427.527	165.462	509.590	463.764	169.580	505.839	478.713	169.366	493.972	461.227	169.577
14987	29.97200	313.256	423.230	165.136	319.351	442.707	165.661	293.127	427.517	165.448	509.008	463.534	169.553	505.093	478.486	169.419	493.361	460.995	169.520
14988	29.97400	313.278	423.230	165.136	319.358	442.707	165.661	293.166	427.517	165.448	508.398	463.254	169.589	504.417	478.227	169.438	492.684	460.751	169.483
14989	29.97600	313.294	423.230	165.136	319.380	442.725	165.659	293.182	427.527	165.463	507.641	463.007	169.553	503.850	477.993	169.354	492.011	460.459	169.539
14990	29.97800	313.317	423.239	165.152	319.404	442.725	165.660	293.214	427.527	165.494	507.062	462.786	169.605	503.132	477.764	169.347	491.386	460.255	169.559
14991	29.98000	313.333	423.257	165.151	319.419	442.733	165.644	293.245	427.537	165.510	506.413	462.581	169.625	502.487	477.522	169.367	490.755	460.031	169.551
14992	29.98200	313.356	423.257	165.151	319.434	442.743	165.659	293.276	427.536	165.510	505.719	462.346	169.537	501.894	477.284	169.446	490.094	459.773	169.542
14993	29.98400	313.371	423.266	165.166	319.448	442.760	165.657	293.315	427.546	165.525	505.161	462.068	169.604	501.151	477.058	169.434	489.458	459.514	169.503
14994	29.98600	313.387	423.284	165.164	319.456	442.760	165.657	293.338	427.555	165.540	504.473	461.833	169.614	500.540	476.801	169.357	488.813	459.282	169.575
14995	29.98800	313.418	423.284	165.164	319.487	442.770	165.672	293.362	427.573	165.538	503.750	461.640	169.575	499.961	476.580	169.343	488.174	459.051	169.580
14996	29.99000	313.426	423.294	165.180	319.503	442.787	165.671	293.385	427.572	165.538	503.208	461.403	169.626	499.219	476.351	169.398	487.575	458.820	169.555
14997	29.99200	313.449	423.303	165.195	319.525	442.787	165.671	293.408	427.581	165.522	502.533	461.172	169.599	498.602	476.095	169.479	486.882	458.559	169.550
14998	29.99400	313.479	423.303	165.195	319.540	442.796	165.686	293.439	427.579	165.490	501.843	460.928	169.530	497.977	475.858	169.430	486.201	458.267	169.606
14999	29.99600	313.487	423.321	165.194	319.555	442.805	165.670	293.453	427.588	165.474	501.288	460.641	169.677	497.252	475.630	169.358	485.594	458.070	169.581
15000	29.99800	313.510	423.321	165.194	319.571	442.813	165.654	293.461	427.597	165.489	500.549	460.447	169.638	496.663	475.391	169.376	484.969	457.847	169.603
15001	30.00000	313.541	423.331	165.210	319.595	442.823	165.669	293.476	427.606	165.474	499.881	460.247	169.583	496.030	475.167	169.427	484.335	457.615	169.546
15002	30.00200	313.556	423.339	165.194	319.623	442.840	165.667	293.476	427.588	165.475	499.350	459.979	169.632	495.290	474.932	169.465	483.683	457.364	169.494
15003	30.00400	313.580	423.340	165.194	319.640	442.841	165.668	293.484	427.606	165.473	498.634	459.717	169.596	494.698	474.660	169.418	483.006	457.097	169.599
15004	30.00600	313.595	423.349	165.209	319.656	442.858	165.667	293.498	427.597	165.460	497.956	459.508	169.589	494.073	474.436	169.374	482.350	456.857	169.621
15005	30.00800	313.618	423.358	165.225	319.673	442.859	165.668	293.498	427.597	165.460	497.381	459.254	169.673	493.342	474.208	169.398	481.751	456.625	169.598
15006	30.01000	313.642	423.359	165.225	319.695	442.867	165.652	293.513	427.606	165.443	496.677	459.045	169.603	492.769	473.970	169.447	481.098	456.384	169.591
15007	30.01200	313.650	423.368	165.240	319.703	442.876	165.667	293.521	427.598	165.460	496.089	458.789	169.561	492.093	473.704	169.481	480.439	456.126	169.551
15008	30.01400	313.672	423.377	165.225	319.719	442.876	165.667	293.528	427.597	165.430	495.457	458.516	169.647	491.374	473.467	169.395	479.789	455.883	169.579
15009	30.01600	313.680	423.385	165.208	319.727	442.893	165.635	293.543	427.606	165.445	494.701	458.304	169.643	490.802	473.239	169.362	479.155	455.654	169.646
15010	30.01800	313.704	423.395	165.223	319.742	442.903	165.650	293.543	427.597	165.430	494.116	458.084	169.663	490.157	473.015	169.383	478.521	455.413	169.575
15011	30.02000	313.727	423.395	165.224	319.749	442.903	165.650	293.551	427.615	165.429	493.478	457.844	169.654	489.419	472.770	169.439	477.823	455.169	169.508
15012	30.02200	313.742	423.404	165.239	319.765	442.912	165.665	293.558	427.605	165.414	492.783	457.609	169.568	488.807	472.499	169.454	477.184	454.877	169.630
15013	30.02400	313.757	423.413	165.222	319.773	442.938	165.647	293.573	427.606	165.415	492.207	457.337	169.654	488.163	472.267	169.394	476.525	454.664	169.603
15014	30.02600	313.788	423.422	165.237	319.780	442.938	165.647	293.580	427.606	165.415	491.520	457.112	169.679	487.444	472.039	169.388	475.925	454.423	169.597
15015	30.02800	313.804	423.422	165.237	319.788	442.956	165.646	293.588	427.606	165.415	490.799	456.912	169.623	486.898	471.802	169.404	475.290	454.182	169.557
15016	30.03000	313.827	423.439	165.235	319.804	442.956	165.646	293.603	427.624	165.414	490.242	456.657	169.581	486.190	471.570	169.501	474.638	453.934	169.532
15017	30.03200	313.857	423.439	165.235	319.819	442.964	165.630	293.603	427.624	165.414	489.588	456.409	169.588	485.481	471.310	169.461	473.955	453.674	169.594
15018	30.03400	313.880	423.457	165.234	319.826	442.982	165.659	293.618	427.633	165.398	488.884	456.182	169.583	484.914	471.082	169.397	473.304	453.443	169.663
15019	30.03600	313.904	423.466	165.248	319.834	442.991	165.644	293.626	427.633	165.398	488.326	455.921	169.683	484.240	470.847	169.404	472.669	453.221	169.621
15020	30.03800	313.934	423.474	165.232	319.850	443.009	165.642	293.649	427.633	165.399	487.596	455.711	169.645	483.545	470.622	169.458	472.041	452.970	169.569
15021	30.04000	313.949	423.474	165.232	319.865	443.018	165.657	293.656	427.651	165.397	486.910	455.503	169.541	482.974	470.376	169.491	471.412	452.730	169.561
15022	30.04200	313.973	423.501	165.244	319.887	443.026	165.641	293.663	427.651	165.367	486.392	455.224	169.611	482.240	470.117	169.448	470.716	452.506	169.586
15023	30.04400	314.011	423.501	165.245	319.887	443.036	165.656	293.686	427.660	165.381	485.679	454.981	169.638	481.590	469.892	169.407	470.121	452.222	169.630
15024	30.04600	314.026	423.518	165.243	319.904	443.054	165.655	293.716	427.669	165.366	484.995	454.782	169.614	481.061	469.663	169.440	469.463	451.990	169.575
15025	30.04800	314.088	423.535	165.241	319.919	443.062	165.639	293.739	427.677	165.350	484.403	454.509	169.637	480.312	469.445	169.478	468.782	451.757	169.521
15026	30.05000	314.103	423.535	165.241	319.935	443.080	165.638	293.770	427.685	165.334	483.698	454.301	169.567	479.644	469.178	169.516	468.176	451.490	169.597
15027	30.05200	314.126	423.545	165.256	319.942	443.089	165.652	293.800	427.685	165.334	483.152	454.045	169.590	479.067	468.924	169.470	467.520	451.277	169.634
15028	30.05400	314.149	423.562	165.254	319.950	443.097	165.636	293.824	427.695	165.349	482.506	453.771	169.680	478.350	468.714	169.430	466.882	451.029	169.642
15029	30.05600	314.165	423.562	165.255	319.958	443.115	165.635	293.847	427.703	165.333	481.788	453.597	169.672	477.734	468.482	169.467	466.279	450.778	169.560
15030	30.05800	314.188	423.563	165.255	319.981	443.133	165.634	293.877	427.721	165.332	481.155	453.323	169.632	477.126	468.234	169.502	465.649	450.529	169.568
15031	30.06000	314.203	423.572	165.270	319.996	443.133	165.634	293.908	427.721	165.333	480.543	453.091	169.578	476.366	467.983	169.508	464.929	450.288	169.625
15032	30.06200	314.219	423.572	165.270	319.996	443.150	165.632	293.923	427.722	165.333	479.872	452.875	169.586	475.766	467.735	169.480	464.279	450.021	169.670
15033	30.06400	314.242	423.590	165.269	320.028	443.168	165.632	293.946	427.721	165.333	479.280	452.604	169.704	475.164	467.504	169.453	463.652	449.799	169.629
15034	30.06600	314.258	423.599	165.284	320.044	443.178	165.647	293.985	427.731	165.349	478.570	452.387	169.714	474.425	467.295	169.477	463.024	449.549	169.576
15035	30.06800	314.273	423.599	165.284	320.059	443.195	165.646	294.009	427.740	165.363	477.867	452.178	169.613	473.814	467.039	169.528	462.417	449.343	169.569
15036	30.07000	314.288	423.617	165.283	320.075	443.195	165.646	294.033	427.731	165.380	477.317	451.906	169.604	473.158	466.755	169.502	461.723	449.110	169.578
15037	30.07200	314.304	423.626	165.298	320.090	443.213	165.644	294.048	427.732	165.380	476.653	451.683	169.628	472.422	466.538	169.444	461.058	448.828	169.651
15038	30.07400	314.319	423.626	165.298	320.105	443.231	165.643	294.072	427.741	165.395	475.980	451.476	169.652	471.893	466.326	169.479	460.444	448.586	169.616
15039	30.07600	314.335	423.636	165.313	320.112	443.248	165.641	294.094	427.749	165.379	475.356	451.177	169.693	471.239	466.094	169.516	459.785	448.362	169.578
15040	30.07800	314.358	423.644	165.297	320.128	443.257	165.656	294.117	427.759	165.394	474.652	450.941	169.611	470.488	465.833	169.540	459.123	448.105	169.602
15041	30.08000	314.365	423.644	165.297	320.143	443.275	165.655	294.125	427.767	165.378	474.061	450.729	169.615	469.878	465.560	169.528	458.490	447.865	169.629
15042	30.08200	314.373	423.653	165.311	320.149	443.283	165.638	294.149	427.768	165.410	473.463	450.474	169.703	469.251	465.345	169.470	457.844	447.598	169.640
15043	30.08400	314.396	423.671	165.310	320.165	443.293	165.653	294.164	427.786	165.408	472.723	450.265	169.697	468.545	465.120	169.494	457.216	447.358	169.603
15044	30.08600	314.405	423.680	165.325	320.180	443.310	165.652	294.203	427.796	165.424	472.109	450.009	169.690	467.968	464.908	169.527	456.585	447.144	169.610
15045	30.08800	314.435	423.689	165.309	320.189	443.328	165.651	294.218	427.796	165.424	471.442	449.777	169.666	467.284	464.630	169.489	455.914	446.903	169.638
15046	30.09000	314.451	423.698	165.324	320.222	443.347	165.682	294.249	427.795	165.424	470.783	449.568	169.597	466.558	464.372	169.479	455.233	446.637	169.712
15047	30.09200	314.466	423.707	165.307	320.257	443.364	165.680	294.273	427.804	165.438	470.216	449.305	169.701	466.012	464.151	169.465	454.623	446.394	169.614
15048	30.09400	314.497	423.716	165.323	320.273	443.382	165.679	294.304	427.812	165.422	469.519	449.064	169.759	465.336	463.935	169.506	454.008	446.164	169.622
15049	30.09600	314.504	423.724	165.306	320.295	443.391	165.693	294.336	427.811	165.421	468.793	448.837	169.660	464.646	463.703	169.510	453.350	445.941	169.582
15050	30.09800	314.535	423.742	165.305	320.302	443.399	165.677	294.358	427.828	165.388	468.218	448.591	169.666	464.036	463.428	169.501	452.708	445.699	169.612
15051	30.10000	314.551	423.752	165.320	320.325	443.417	165.676	294.389	427.836	165.371	467.604	448.367	169.630	463.350	463.177	169.479	452.058	445.416	169.687
15052	30.10200	314.574	423.769	165.319	320.331	443.434	165.673	294.428	427.843	165.354	466.979	448.154	169.668	462.721	462.971	169.467	451.399	445.175	169.651
15053	30.10400	314.604	423.778	165.303	320.348	443.444	165.689	294.435	427.852	165.338	466.351	447.863	169.760	462.154	462.750	169.486	450.800	444.935	169.645
15054	30.10600	314.628	423.787	165.318	320.370	443.461	165.688	294.442	427.852	165.338	465.602	447.636	169.660	461.416	462.489	169.482	450.146	444.720	169.655
15055	30.10800	314.650	423.796	165.302	320.378	443.470	165.672	294.457	427.861	165.322	465.003	447.422	169.637	460.743	462.224	169.485	449.510	444.497	169.616
15056	30.11000	314.674	423.814	165.301	320.428	443.487	165.669	294.465	427.870	165.337	464.410	447.192	169.676	460.148	461.984	169.506	448.877	444.204	169.648
15057	30.11200	314.697	423.831	165.299	320.443	443.496	165.684	294.473	427.878	165.320	463.747	446.968	169.671	459.467	461.767	169.485	448.209	443.963	169.642
15058	30.11400	314.712	423.849	165.297	320.451	443.523	165.667	294.479	427.878	165.290	463.131	446.685	169.714	458.862	461.545	169.504	447.572	443.741	169.635
15059	30.11600	314.743	423.850	165.299	320.482	443.532	165.682	294.495	427.878	165.290	462.430	446.444	169.709	458.210	461.287	169.496	446.969	443.500	169.664
15060	30.11800	314.758	423.867	165.297	320.482	443.549	165.680	294.503	427.879	165.321	461.750	446.252	169.609	457.513	461.027	169.490	446.290	443.251	169.707
15061	30.12000	314.766	423.885	165.296	320.498	443.559	165.695	294.510	427.888	165.305	461.197	446.049	169.630	456.888	460.806	169.476	445.633	443.009	169.639
15062	30.12200	314.789	423.903	165.294	320.513	443.576	165.694	294.525	427.896	165.289	460.559	445.749	169.739	456.276	460.592	169.515	445.033	442.770	169.665
15063	30.12400	314.805	423.921	165.293	320.522	443.594	165.693	294.532	427.905	165.273	459.801	445.523	169.671	455.593	460.357	169.493	444.395	442.555	169.643
15064	30.12600	314.820	423.939	165.292	320.530	443.612	165.692	294.540	427.905	165.274	459.232	445.276	169.680	454.948	460.092	169.497	443.710	442.341	169.653
15065	30.12800	314.835	423.947	165.276	320.546	443.630	165.691	294.547	427.914	165.289	458.547	445.078	169.687	454.276	459.852	169.488	443.075	442.023	169.734
15066	30.13000	314.874	423.965	165.274	320.554	443.638	165.675	294.562	427.923	165.272	457.957	444.872	169.649	453.628	459.627	169.514	442.409	441.799	169.696
15067	30.13200	314.897	423.982	165.273	320.563	443.657	165.705	294.570	427.923	165.273	457.344	444.565	169.773	453.038	459.406	169.532	441.795	441.542	169.691
15068	30.13400	314.912	424.001	165.272	320.569	443.665	165.688	294.578	427.933	165.288	456.598	444.322	169.739	452.339	459.173	169.540	441.180	441.336	169.685
15069	30.13600	314.927	424.018	165.270	320.586	443.683	165.688	294.585	427.941	165.272	455.954	444.082	169.732	451.645	458.896	169.536	440.527	441.121	169.663
15070	30.13800	314.943	424.027	165.285	320.593	443.701	165.686	294.592	427.942	165.273	455.370	443.877	169.724	451.027	458.649	169.538	439.856	440.820	169.711
15071	30.14000	314.958	424.036	165.268	320.600	443.709	165.669	294.608	427.951	165.287	454.724	443.679	169.703	450.374	458.434	169.547	439.187	440.561	169.710
15072	30.14200	314.966	424.062	165.250	320.601	443.727	165.668	294.615	427.960	165.271	454.079	443.379	169.715	449.728	458.210	169.571	438.573	440.347	169.688
15073	30.14400	314.989	424.062	165.250	320.617	443.735	165.652	294.638	427.960	165.272	453.400	443.103	169.746	449.088	457.953	169.527	437.936	440.116	169.697
15074	30.14600	315.012	424.088	165.233	320.639	443.762	165.665	294.653	427.969	165.257	452.678	442.913	169.707	448.372	457.702	169.506	437.284	439.857	169.663
15075	30.14800	315.019	424.106	165.231	320.639	443.770	165.649	294.668	427.987	165.256	452.141	442.709	169.699	447.752	457.444	169.532	436.636	439.617	169.691
15076	30.15000	315.050	424.114	165.214	320.663	443.771	165.650	294.690	427.987	165.256	451.518	442.478	169.709	447.176	457.241	169.550	436.007	439.351	169.704
15077	30.15200	315.065	424.122	165.198	320.671	443.789	165.649	294.721	427.996	165.240	450.812	442.208	169.662	446.462	457.024	169.560	435.376	439.145	169.699
15078	30.15400	315.088	424.140	165.196	320.686	443.797	165.633	294.758	428.013	165.208	450.195	441.935	169.719	445.835	456.748	169.522	434.730	438.904	169.696
15079	30.15600	315.118	424.156	165.163	320.703	443.815	165.632	294.789	428.021	165.192	449.525	441.711	169.717	445.182	456.491	169.511	434.059	438.611	169.728
15080	30.15800	315.141	424.174	165.162	320.710	443.824	165.647	294.835	428.022	165.193	448.927	441.532	169.691	444.501	456.258	169.523	433.431	438.396	169.676
15081	30.16000	315.164	424.192	165.160	320.734	443.833	165.631	294.873	428.040	165.193	448.305	441.257	169.688	443.940	456.036	169.545	432.824	438.139	169.704
15082	30.16200	315.203	424.210	165.159	320.758	443.851	165.630	294.911	428.058	165.191	447.615	440.988	169.641	443.259	455.778	169.536	432.173	437.924	169.651
15083	30.16400	315.233	424.228	165.158	320.773	443.868	165.629	294.958	428.067	165.207	446.989	440.741	169.715	442.545	455.527	169.515	431.560	437.682	169.617
15084	30.16600	315.257	424.236	165.142	320.789	443.878	165.644	294.989	428.076	165.222	446.372	440.526	169.726	441.958	455.278	169.524	430.902	437.399	169.697
15085	30.16800	315.273	424.263	165.155	320.812	443.895	165.643	295.028	428.086	165.238	445.681	440.354	169.686	441.310	455.056	169.546	430.209	437.150	169.710
15086	30.17000	315.311	424.272	165.140	320.828	443.913	165.642	295.075	428.087	165.269	445.121	440.072	169.699	440.650	454.858	169.553	429.626	436.927	169.705
15087	30.17200	315.334	424.299	165.153	320.850	443.913	165.642	295.105	428.095	165.253	444.435	439.788	169.745	440.061	454.592	169.530	428.997	436.713	169.684
15088	30.17400	315.365	424.308	165.168	320.867	443.940	165.656	295.129	428.106	165.300	443.711	439.572	169.727	439.325	454.342	169.505	428.354	436.480	169.632
15089	30.17600	315.372	424.326	165.166	320.876	443.958	165.655	295.144	428.114	165.284	443.141	439.369	169.780	438.667	454.092	169.548	427.691	436.214	169.679
15090	30.17800	315.396	424.344	165.165	320.891	443.967	165.670	295.161	428.123	165.298	442.512	439.181	169.741	438.119	453.888	169.570	427.056	435.958	169.772
15091	30.18000	315.404	424.353	165.180	320.913	443.976	165.653	295.176	428.123	165.298	441.870	438.905	169.706	437.398	453.673	169.576	426.398	435.752	169.733
15092	30.18200	315.435	424.371	165.179	320.922	443.993	165.652	295.199	428.141	165.297	441.219	438.614	169.801	436.739	453.415	169.569	425.778	435.494	169.699
15093	30.18400	315.442	424.389	165.177	320.954	444.021	165.667	295.215	428.141	165.297	440.518	438.407	169.797	436.149	453.149	169.548	425.124	435.253	169.697
15094	30.18600	315.466	424.398	165.192	320.951	444.029	165.680	295.237	428.149	165.281	439.903	438.203	169.821	435.415	452.916	169.555	424.456	435.029	169.662
15095	30.18800	315.481	424.415	165.190	320.981	444.047	165.679	295.253	428.158	165.295	439.291	437.971	169.768	434.814	452.703	169.593	423.848	434.755	169.724
15096	30.19000	315.512	424.425	165.205	320.998	444.065	165.679	295.262	428.167	165.309	438.618	437.729	169.701	434.224	452.454	169.603	423.194	434.541	169.735
15097	30.19200	315.527	424.442	165.204	321.007	444.073	165.663	295.300	428.166	165.279	438.008	437.437	169.765	433.436	452.202	169.519	422.551	434.308	169.684
15098	30.19400	315.551	424.460	165.202	321.029	444.083	165.677	295.316	428.175	165.293	437.304	437.216	169.854	432.843	451.954	169.557	421.888	434.033	169.716
15099	30.19600	315.566	424.460	165.203	321.053	444.100	165.677	295.347	428.174	165.292	436.651	437.016	169.804	432.223	451.715	169.614	421.241	433.793	169.746
15100	30.19800	315.597	424.470	165.218	321.061	444.109	165.661	295.378	428.182	165.276	436.065	436.776	169.734	431.548	451.508	169.606	420.628	433.545	169.757
15101	30.20000	315.612	424.488	165.217	321.085	444.127	165.660	295.425	428.182	165.276	435.436	436.509	169.717	430.944	451.260	169.582	419.976	433.312	169.707
15102	30.20200	315.643	424.497	165.232	321.116	444.136	165.675	295.456	428.181	165.275	434.750	436.278	169.760	430.292	451.000	169.548	419.356	433.079	169.658
15103	30.20400	315.658	424.506	165.216	321.125	444.163	165.689	295.479	428.190	165.259	434.139	436.039	169.821	429.575	450.742	169.574	418.715	432.832	169.735
15104	30.20600	315.689	424.515	165.232	321.149	444.181	165.688	295.494	428.199	165.274	433.462	435.833	169.817	428.981	450.529	169.611	418.027	432.557	169.801
15105	30.20800	315.713	424.533	165.230	321.164	444.198	165.656	295.502	428.190	165.260	432.854	435.582	169.703	428.367	450.296	169.592	417.422	432.368	169.762
15106	30.21000	315.736	424.542	165.245	321.177	444.207	165.670	295.509	428.207	165.258	432.230	435.307	169.735	427.640	450.020	169.554	416.818	432.093	169.730
15107	30.21200	315.774	424.560	165.244	321.210	444.234	165.684	295.525	428.217	165.273	431.526	435.076	169.811	427.035	449.780	169.545	416.167	431.877	169.678
15108	30.21400	315.797	424.578	165.243	321.217	444.242	165.668	295.532	428.208	165.258	430.941	434.845	169.824	426.378	449.556	169.573	415.504	431.636	169.678
15109	30.21600	315.821	424.587	165.258	321.249	444.270	165.682	295.540	428.217	165.273	430.299	434.622	169.785	425.746	449.326	169.612	414.857	431.346	169.773
15110	30.21800	315.844	424.588	165.258	321.283	444.287	165.679	295.555	428.226	165.257	429.610	434.404	169.673	425.132	449.077	169.619	414.213	431.113	169.724
15111	30.22000	315.890	424.605	165.256	321.305	444.304	165.678	295.570	428.226	165.258	429.034	434.149	169.731	424.420	448.825	169.539	413.638	430.873	169.721
15112	30.22200	315.913	424.622	165.254	321.329	444.313	165.662	295.570	428.244	165.256	428.368	433.883	169.812	423.801	448.585	169.529	412.970	430.658	169.702
15113	30.22400	315.943	424.639	165.252	321.334	444.330	165.660	295.586	428.244	165.257	427.713	433.653	169.855	423.168	448.372	169.568	412.295	430.426	169.682
15114	30.22600	315.967	424.649	165.266	321.358	444.357	165.674	295.593	428.244	165.257	427.089	433.419	169.741	422.496	448.140	169.610	411.700	430.153	169.778
15115	30.22800	316.005	424.665	165.233	321.373	444.375	165.672	295.601	428.271	165.270	426.409	433.211	169.640	421.869	447.873	169.556	411.009	429.911	169.746
15116	30.23000	316.028	424.683	165.262	321.379	444.383	165.686	295.616	428.271	165.271	425.816	432.974	169.729	421.188	447.615	169.551	410.375	429.679	169.693
15117	30.23200	316.059	424.692	165.276	321.402	444.410	165.669	295.632	428.281	165.286	425.140	432.703	169.917	420.540	447.392	169.578	409.767	429.439	169.724
15118	30.23400	316.082	424.700	165.260	321.418	444.428	165.699	295.639	428.299	165.285	424.425	432.467	169.841	419.916	447.161	169.617	409.105	429.217	169.752
15119	30.23600	316.128	424.717	165.257	321.425	444.454	165.681	295.655	428.308	165.300	423.862	432.235	169.757	419.230	446.929	169.626	408.485	428.932	169.738
15120	30.23800	316.151	424.735	165.256	321.466	444.471	165.678	295.670	428.318	165.316	423.213	432.036	169.671	418.573	446.671	169.589	407.838	428.718	169.751
15121	30.24000	316.182	424.745	165.271	321.474	444.489	165.677	295.685	428.319	165.317	422.566	431.804	169.686	417.977	446.430	169.551	407.202	428.503	169.700
15122	30.24200	316.197	424.762	165.269	321.490	444.516	165.690	295.716	428.337	165.316	421.945	431.534	169.873	417.268	446.224	169.575	406.562	428.238	169.779
15123	30.24400	316.220	424.772	165.285	321.491	444.542	165.673	295.754	428.356	165.316	421.243	431.267	169.892	416.665	445.985	169.633	405.897	427.973	169.862
15124	30.24600	316.236	424.772	165.285	321.522	444.551	165.688	295.784	428.374	165.315	420.628	431.050	169.745	416.058	445.710	169.630	405.255	427.757	169.779
15125	30.24800	316.267	424.799	165.299	321.522	444.569	165.687	295.830	428.375	165.348	420.022	430.853	169.722	415.316	445.468	169.593	404.635	427.499	169.776
15126	30.25000	316.282	424.808	165.283	321.539	444.587	165.686	295.877	428.393	165.347	419.351	430.623	169.797	414.717	445.245	169.587	404.012	427.302	169.758
15127	30.25200	316.313	424.817	165.299	321.563	444.614	165.700	295.931	428.412	165.377	418.749	430.367	169.861	414.093	445.014	169.628	403.367	427.062	169.756
15128	30.25400	316.329	424.835	165.297	321.565	444.623	165.685	295.970	428.430	165.376	418.057	430.091	169.863	413.399	444.800	169.669	402.697	426.753	169.825
15129	30.25600	316.352	424.844	165.312	321.580	444.640	165.683	296.017	428.440	165.422	417.360	429.865	169.768	412.755	444.524	169.633	402.051	426.529	169.793
15130	30.25800	316.367	424.853	165.296	321.602	444.658	165.682	296.040	428.440	165.422	416.810	429.650	169.715	412.127	444.257	169.615	401.455	426.280	169.774
15131	30.26000	316.391	424.872	165.326	321.611	444.676	165.681	296.071	428.450	165.438	416.161	429.413	169.838	411.413	444.033	169.607	400.779	426.065	169.756
15132	30.26200	316.413	424.880	165.310	321.617	444.693	165.679	296.095	428.449	165.438	415.439	429.104	169.942	410.827	443.829	169.663	400.173	425.859	169.721
15133	30.26400	316.437	424.889	165.325	321.632	444.702	165.663	296.125	428.449	165.439	414.843	428.895	169.774	410.195	443.580	169.676	399.519	425.550	169.789
15134	30.26600	316.460	424.890	165.326	321.643	444.720	165.662	296.142	428.458	165.453	414.174	428.672	169.772	409.477	443.320	169.607	398.826	425.291	169.791
15135	30.26800	316.483	424.907	165.324	321.656	444.737	165.660	296.156	428.457	165.422	413.568	428.502	169.762	408.857	443.080	169.600	398.228	425.094	169.740
15136	30.27000	316.498	424.925	165.322	321.665	444.755	165.659	296.172	428.466	165.436	412.959	428.228	169.797	408.209	442.857	169.629	397.599	424.854	169.768
15137	30.27200	316.521	424.933	165.306	321.671	444.763	165.643	296.195	428.474	165.420	412.192	427.920	169.959	407.578	442.627	169.669	396.941	424.594	169.707
15138	30.27400	316.544	424.943	165.321	321.687	444.781	165.641	296.219	428.484	165.435	411.581	427.660	169.866	406.924	442.369	169.664	396.295	424.329	169.754
15139	30.27600	316.567	424.961	165.320	321.694	444.798	165.640	296.234	428.492	165.418	410.973	427.478	169.747	406.273	442.109	169.600	395.664	424.080	169.772
15140	30.27800	316.590	424.987	165.302	321.717	444.816	165.639	296.257	428.492	165.418	410.320	427.307	169.709	405.607	441.878	169.607	395.029	423.881	169.689
15141	30.28000	316.606	425.004	165.300	321.710	444.842	165.621	296.272	428.500	165.402	409.727	427.061	169.786	405.008	441.656	169.632	394.421	423.643	169.751
15142	30.28200	316.629	425.022	165.299	321.741	444.860	165.620	296.296	428.509	165.416	409.016	426.682	169.894	404.344	441.424	169.647	393.712	423.368	169.787
15143	30.28400	316.644	425.040	165.298	321.743	444.869	165.604	296.327	428.509	165.416	408.349	426.465	169.813	403.662	441.139	169.628	393.078	423.142	169.691
15144	30.28600	316.675	425.058	165.296	321.765	444.896	165.618	296.359	428.517	165.431	407.769	426.303	169.756	403.018	440.907	169.605	392.479	422.886	169.753
15145	30.28800	316.698	425.075	165.295	321.780	444.905	165.633	296.383	428.518	165.462	407.170	426.106	169.736	402.386	440.666	169.637	391.817	422.681	169.751
15146	30.29000	316.722	425.103	165.308	321.789	444.931	165.615	296.414	428.526	165.444	406.526	425.866	169.733	401.765	440.470	169.642	391.220	422.431	169.704
15147	30.29200	316.745	425.120	165.307	321.804	444.940	165.630	296.485	428.516	165.460	405.830	425.514	169.855	401.088	440.221	169.654	390.512	422.139	169.772
15148	30.29400	316.767	425.147	165.290	321.826	444.958	165.629	296.494	428.534	165.489	405.145	425.299	169.838	400.474	439.945	169.624	389.906	421.933	169.738
15149	30.29600	316.790	425.165	165.288	321.852	444.976	165.629	296.501	428.525	165.475	404.566	425.136	169.749	399.800	439.704	169.617	389.314	421.686	169.816
15150	30.29800	316.814	425.182	165.287	321.876	444.976	165.629	296.508	428.543	165.474	403.952	424.948	169.742	399.115	439.491	169.658	388.653	421.480	169.783
15151	30.30000	316.829	425.209	165.270	321.893	445.012	165.627	296.524	428.543	165.474	403.285	424.680	169.698	398.546	439.269	169.684	388.036	421.297	169.634
15152	30.30200	316.844	425.227	165.268	321.915	445.021	165.642	296.531	428.552	165.458	402.637	424.337	169.802	397.871	438.992	169.651	387.379	420.937	169.773
15153	30.30400	316.852	425.236	165.283	321.939	445.039	165.641	296.538	428.552	165.459	401.958	424.125	169.877	397.171	438.743	169.662	386.687	420.714	169.773
15154	30.30600	316.875	425.262	165.265	321.961	445.056	165.640	296.554	428.562	165.473	401.346	423.944	169.792	396.596	438.529	169.642	386.105	420.492	169.770
15155	30.30800	316.882	425.280	165.263	321.977	445.066	165.655	296.561	428.570	165.457	400.734	423.746	169.739	395.974	438.298	169.683	385.453	420.241	169.724
15156	30.31000	316.906	425.298	165.262	322.000	445.084	165.654	296.569	428.571	165.458	400.054	423.394	169.862	395.281	438.066	169.696	384.868	420.058	169.574
15157	30.31200	316.936	425.323	165.244	322.016	445.101	165.653	296.592	428.589	165.488	399.451	423.187	169.793	394.660	437.790	169.665	384.233	419.770	169.739
15158	30.31400	316.967	425.340	165.241	322.041	445.119	165.653	296.607	428.598	165.472	398.780	422.931	169.858	393.985	437.540	169.645	383.524	419.504	169.791
15159	30.31600	316.990	425.367	165.224	322.055	445.137	165.651	296.630	428.599	165.473	398.142	422.760	169.822	393.372	437.326	169.653	382.927	419.324	169.738
15160	30.31800	317.021	425.384	165.222	322.062	445.154	165.649	296.645	428.617	165.472	397.578	422.544	169.740	392.778	437.104	169.683	382.306	419.057	169.724
15161	30.32000	317.043	425.401	165.189	322.094	445.172	165.649	296.659	428.626	165.457	396.861	422.201	169.844	392.089	436.845	169.648	381.636	418.790	169.745
15162	30.32200	317.082	425.428	165.203	322.132	445.181	165.664	296.690	428.636	165.473	396.204	421.945	169.941	391.429	436.578	169.630	381.055	418.585	169.740
15163	30.32400	317.121	425.446	165.202	322.156	445.208	165.678	296.705	428.645	165.488	395.646	421.756	169.873	390.797	436.338	169.660	380.391	418.313	169.842
15164	30.32600	317.167	425.481	165.198	322.180	445.226	165.677	296.743	428.664	165.489	394.978	421.577	169.852	390.144	436.116	169.687	379.780	418.121	169.710
15165	30.32800	317.190	425.499	165.197	322.197	445.244	165.676	296.788	428.683	165.489	394.384	421.333	169.725	389.532	435.911	169.677	379.152	417.854	169.697
15166	30.33000	317.221	425.525	165.179	322.229	445.280	165.674	296.818	428.684	165.491	393.697	421.034	169.842	388.902	435.652	169.647	378.449	417.581	169.799
15167	30.33200	317.236	425.534	165.194	322.245	445.298	165.673	296.848	428.712	165.506	393.001	420.752	169.927	388.211	435.392	169.613	377.837	417.391	169.700
15168	30.33400	317.267	425.560	165.176	322.267	445.315	165.671	296.879	428.731	165.505	392.437	420.598	169.854	387.582	435.170	169.638	377.221	417.103	169.862
15169	30.33600	317.305	425.578	165.174	322.296	445.324	165.686	296.925	428.748	165.504	391.815	420.374	169.823	386.943	434.940	169.683	376.521	416.861	169.834
15170	30.33800	317.328	425.596	165.173	322.302	445.350	165.668	296.971	428.748	165.504	391.167	420.147	169.693	386.353	434.708	169.662	375.935	416.684	169.607
15171	30.34000	317.359	425.613	165.172	322.324	445.368	165.666	297.035	428.738	165.520	390.512	419.866	169.808	385.626	434.456	169.580	375.287	416.397	169.802
15172	30.34200	317.367	425.631	165.170	322.331	445.394	165.679	297.058	428.756	165.518	389.854	419.577	169.942	385.009	434.199	169.613	374.682	416.207	169.734
15173	30.34400	317.390	425.649	165.168	322.347	445.412	165.678	297.065	428.764	165.501	389.220	419.405	169.871	384.388	433.967	169.593	374.044	415.900	169.836
15174	30.34600	317.405	425.666	165.167	322.360	445.438	165.660	297.088	428.772	165.485	388.594	419.170	169.759	383.713	433.763	169.648	373.367	415.658	169.809
15175	30.34800	317.436	425.676	165.182	322.384	445.456	165.690	297.119	428.780	165.468	387.958	418.962	169.663	383.073	433.487	169.651	372.757	415.475	169.660
15176	30.35000	317.467	425.685	165.197	322.398	445.482	165.672	297.127	428.789	165.483	387.312	418.672	169.761	382.455	433.245	169.583	372.080	415.167	169.762
15177	30.35200	317.482	425.703	165.195	322.406	445.500	165.671	297.150	428.798	165.466	386.639	418.393	169.940	381.732	432.996	169.595	371.415	414.904	169.880
15178	30.35400	317.506	425.720	165.194	322.413	445.527	165.684	297.166	428.823	165.448	386.033	418.203	169.875	381.093	432.784	169.671	370.812	414.670	169.800
15179	30.35600	317.529	425.721	165.194	322.429	445.544	165.682	297.180	428.822	165.417	385.401	417.984	169.729	380.541	432.560	169.635	370.168	414.411	169.773
15180	30.35800	317.552	425.748	165.208	322.442	445.579	165.679	297.196	428.832	165.432	384.757	417.777	169.664	379.829	432.292	169.617	369.565	414.271	169.635
15181	30.36000	317.583	425.757	165.224	322.459	445.597	165.678	297.211	428.840	165.415	384.157	417.522	169.761	379.225	432.042	169.597	368.941	414.000	169.767
15182	30.36200	317.614	425.776	165.223	322.481	445.623	165.660	297.226	428.840	165.415	383.484	417.253	169.955	378.568	431.811	169.615	368.200	413.685	169.888
15183	30.36400	317.638	425.785	165.238	322.490	445.650	165.674	297.249	428.866	165.397	382.793	417.027	169.861	377.883	431.583	169.720	367.581	413.466	169.746
15184	30.36600	317.668	425.803	165.238	322.514	445.668	165.673	297.265	428.875	165.412	382.214	416.810	169.748	377.310	431.350	169.668	367.020	413.238	169.857
15185	30.36800	317.691	425.830	165.251	322.529	445.694	165.656	297.288	428.883	165.396	381.554	416.594	169.700	376.626	431.099	169.623	366.320	413.031	169.794
15186	30.37000	317.715	425.840	165.267	322.580	445.712	165.654	297.311	428.891	165.379	380.923	416.357	169.795	375.958	430.850	169.635	365.670	412.805	169.698
15187	30.37200	317.746	425.849	165.282	322.589	445.739	165.668	297.326	428.909	165.377	380.328	416.086	169.928	375.321	430.645	169.661	365.046	412.474	169.884
15188	30.37400	317.769	425.876	165.295	322.597	445.756	165.667	297.349	428.917	165.361	379.623	415.825	169.868	374.727	430.407	169.726	364.441	412.255	169.743
15189	30.37600	317.808	425.894	165.294	322.612	445.782	165.649	297.373	428.926	165.376	379.011	415.617	169.771	373.998	430.157	169.707	363.805	411.999	169.807
15190	30.37800	317.831	425.911	165.292	322.612	445.800	165.648	297.388	428.935	165.359	378.382	415.420	169.752	373.387	429.913	169.608	363.134	411.794	169.809
15191	30.38000	317.847	425.921	165.307	322.630	445.818	165.647	297.411	428.952	165.357	377.774	415.165	169.848	372.786	429.674	169.641	362.507	411.577	169.728
15192	30.38200	317.862	425.938	165.305	322.638	445.836	165.646	297.482	428.942	165.373	377.113	414.901	169.930	372.142	429.452	169.666	361.869	411.225	169.822
15193	30.38400	317.893	425.956	165.304	322.653	445.862	165.628	297.498	428.942	165.373	376.454	414.640	169.841	371.450	429.230	169.694	361.154	411.003	169.823
15194	30.38600	317.915	425.956	165.304	322.669	445.880	165.627	297.497	428.959	165.340	375.803	414.433	169.776	370.804	428.954	169.668	360.642	410.823	169.802
15195	30.38800	317.923	425.973	165.302	322.669	445.897	165.626	297.520	428.969	165.355	375.190	414.236	169.756	370.209	428.729	169.628	359.950	410.565	169.807
15196	30.39000	317.954	425.991	165.300	322.677	445.915	165.624	297.520	428.985	165.322	374.565	413.965	169.888	369.487	428.480	169.643	359.308	410.321	169.713
15197	30.39200	317.984	426.008	165.298	322.692	445.933	165.623	297.550	429.013	165.336	373.921	413.689	169.893	368.878	428.269	169.719	358.700	410.033	169.849
15198	30.39400	318.023	426.026	165.296	322.692	445.950	165.622	297.550	429.021	165.320	373.254	413.455	169.816	368.242	428.026	169.654	357.993	409.792	169.851
15199	30.39600	318.031	426.043	165.294	322.715	445.968	165.620	297.565	429.030	165.303	372.594	413.257	169.766	367.561	427.758	169.637	357.381	409.599	169.690
15200	30.39800	318.069	426.070	165.307	322.715	445.995	165.633	297.588	429.057	165.318	372.011	413.035	169.797	366.914	427.501	169.670	356.751	409.326	169.760
15201	30.40000	318.100	426.079	165.291	322.730	446.012	165.601	297.580	429.065	165.301	371.342	412.763	169.896	366.316	427.296	169.665	356.035	409.008	169.821
15202	30.40200	318.115	426.096	165.290	322.747	446.030	165.600	297.618	429.075	165.317	370.650	412.469	169.874	365.639	427.057	169.725	355.463	408.783	169.787
15203	30.40400	318.130	426.114	165.288	322.754	446.047	165.599	297.625	429.084	165.301	370.069	412.253	169.824	365.027	426.831	169.627	354.816	408.562	169.821
15204	30.40600	318.123	426.123	165.303	322.755	446.057	165.614	297.625	429.128	165.281	369.417	412.072	169.773	364.405	426.564	169.615	354.242	408.414	169.672
15205	30.40800	318.046	426.141	165.301	322.754	446.056	165.613	297.579	429.196	165.240	368.940	411.843	169.824	363.814	426.325	169.646	353.644	408.157	169.708
15206	30.41000	317.893	426.150	165.313	322.725	446.047	165.599	297.503	429.316	165.192	368.433	411.588	169.892	363.413	426.139	169.646	353.119	407.953	169.712
15207	30.41200	317.663	426.157	165.322	322.676	446.021	165.646	297.271	429.541	165.250	368.041	411.323	169.917	363.107	425.952	169.643	352.713	407.742	169.792
15208	30.41400	317.316	426.190	165.281	322.575	445.977	165.663	296.950	429.796	165.412	367.695	411.109	169.876	362.799	425.696	169.651	352.423	407.634	169.768
15209	30.41600	316.864	426.234	165.317	322.344	445.951	165.680	296.553	430.022	165.262	367.464	410.913	169.835	362.683	425.456	169.627	352.183	407.503	169.799
15210	30.41800	316.379	426.283	165.271	322.167	445.915	165.680	296.134	430.429	165.189	367.357	410.674	169.845	362.623	425.243	169.585	351.997	407.301	169.838
15211	30.42000	315.834	426.353	165.287	321.861	445.912	165.672	295.664	430.727	165.303	367.210	410.297	169.903	362.575	425.007	169.656	351.875	407.061	169.786
15212	30.42200	315.303	426.463	165.218	321.597	445.902	165.651	295.191	431.022	165.439	367.094	410.005	169.890	362.481	424.742	169.653	351.706	406.787	169.801
15213	30.42400	314.758	426.524	165.250	321.289	445.902	165.650	294.706	431.336	165.367	367.001	409.756	169.827	362.419	424.459	169.618	351.592	406.533	169.875
15214	30.42600	314.212	426.635	165.212	321.015	445.882	165.644	294.278	431.768	165.395	366.902	409.516	169.775	362.390	424.202	169.597	351.485	406.311	169.853
15215	30.42800	313.667	426.687	165.229	320.736	445.862	165.639	293.780	432.022	165.407	366.764	409.172	169.799	362.319	423.957	169.656	351.369	406.106	169.800
15216	30.43000	313.137	426.782	165.255	320.448	445.836	165.654	293.339	432.313	165.510	366.553	408.873	169.835	362.255	423.676	169.687	351.245	405.899	169.684
15217	30.43200	312.576	426.859	165.253	320.126	445.817	165.651	292.860	432.733	165.399	366.459	408.628	169.865	362.170	423.391	169.620	351.152	405.686	169.647
15218	30.43400	312.071	426.927	165.267	319.846	445.797	165.646	292.383	433.046	165.327	366.385	408.386	169.782	362.117	423.133	169.567	350.974	405.417	169.788
15219	30.43600	311.494	427.004	165.234	319.570	445.770	165.628	291.940	433.310	165.356	366.301	408.052	169.819	362.086	422.888	169.627	350.796	405.173	169.849
15220	30.43800	310.980	427.072	165.248	319.241	445.733	165.626	291.478	433.661	165.314	366.175	407.729	169.906	361.992	422.599	169.674	350.705	404.949	169.796
15221	30.44000	310.442	427.133	165.249	318.948	445.687	165.609	291.040	434.043	165.204	366.090	407.506	169.855	361.899	422.288	169.626	350.590	404.709	169.746
15222	30.44200	309.882	427.209	165.246	318.685	445.668	165.605	290.579	434.334	165.216	365.952	407.221	169.795	361.883	422.057	169.556	350.459	404.497	169.738
15223	30.44400	309.367	427.286	165.244	318.364	445.623	165.589	290.152	434.615	165.274	365.838	406.920	169.765	361.853	421.812	169.615	350.359	404.260	169.783
15224	30.44600	308.820	427.355	165.228	318.049	445.578	165.603	289.739	435.013	165.308	365.721	406.632	169.847	361.719	421.532	169.680	350.194	404.049	169.780
15225	30.44800	308.313	427.431	165.225	317.794	445.533	165.648	289.262	435.299	165.224	365.564	406.369	169.882	361.634	421.222	169.664	350.088	403.799	169.745
15226	30.45000	307.752	427.500	165.209	317.487	445.478	165.616	288.881	435.600	165.313	365.418	406.100	169.788	361.579	420.956	169.628	349.997	403.594	169.689
15227	30.45200	307.229	427.578	165.238	317.157	445.425	165.647	288.400	435.919	165.400	365.358	405.807	169.743	361.580	420.735	169.608	349.898	403.399	169.680
15228	30.45400	306.684	427.655	165.236	316.895	445.370	165.646	288.016	436.268	165.327	365.311	405.494	169.875	361.533	420.490	169.667	349.751	403.147	169.790
15229	30.45600	306.139	427.741	165.217	316.609	445.315	165.644	287.585	436.566	165.292	365.194	405.223	169.924	361.440	420.154	169.640	349.579	402.868	169.857
15230	30.45800	305.610	427.810	165.262	316.249	445.270	165.627	287.182	436.892	165.363	365.057	404.961	169.783	361.400	419.872	169.638	349.479	402.627	169.808
15231	30.46000	305.089	427.878	165.276	315.949	445.189	165.613	286.752	437.190	165.358	364.903	404.660	169.756	361.407	419.660	169.631	349.379	402.396	169.773
15232	30.46200	304.520	427.965	165.289	315.664	445.134	165.611	286.335	437.503	165.227	364.810	404.381	169.852	361.346	419.421	169.611	349.239	402.210	169.749
15233	30.46400	303.967	428.042	165.287	315.310	445.062	165.581	285.905	437.819	165.221	364.678	404.117	169.853	361.185	419.085	169.613	349.087	401.996	169.710
15234	30.46600	303.438	428.111	165.302	314.980	444.999	165.566	285.517	438.128	165.295	364.477	403.787	169.784	361.097	418.778	169.663	348.925	401.741	169.725
15235	30.46800	302.900	428.179	165.286	314.695	444.908	165.568	285.077	438.408	165.230	364.376	403.538	169.722	361.073	418.566	169.655	348.833	401.503	169.738
15236	30.47000	302.362	428.255	165.252	314.380	444.827	165.584	284.678	438.723	165.193	364.323	403.232	169.806	361.042	418.344	169.601	348.751	401.287	169.668
15237	30.47200	301.808	428.331	165.219	314.020	444.747	165.570	284.310	439.064	165.170	364.230	402.934	169.842	360.898	418.007	169.574	348.674	401.084	169.677
15238	30.47400	301.269	428.425	165.184	313.721	444.649	165.619	283.882	439.312	165.235	364.107	402.640	169.768	360.833	417.692	169.642	348.462	400.799	169.795
15239	30.47600	300.732	428.485	165.184	313.429	444.559	165.621	283.507	439.611	165.232	363.951	402.357	169.773	360.832	417.464	169.669	348.361	400.559	169.747
15240	30.47800	300.186	428.579	165.149	313.084	444.444	165.642	283.092	439.918	165.213	363.898	402.112	169.834	360.808	417.232	169.600	348.246	400.320	169.729
15241	30.48000	299.649	428.657	165.179	312.768	444.363	165.627	282.763	440.244	165.224	363.759	401.811	169.808	360.702	416.938	169.522	348.100	400.099	169.740
15242	30.48200	299.126	428.734	165.177	312.470	444.265	165.646	282.358	440.490	165.256	363.573	401.509	169.753	360.577	416.625	169.624	348.008	399.904	169.732
15243	30.48400	298.580	428.812	165.176	312.123	444.183	165.600	281.951	440.780	165.239	363.408	401.271	169.739	360.537	416.372	169.702	347.885	399.673	169.698
15244	30.48600	298.092	428.882	165.253	311.778	444.077	165.635	281.629	441.131	165.232	363.370	400.990	169.774	360.536	416.149	169.647	347.760	399.426	169.697
15245	30.48800	297.490	428.969	165.236	311.453	444.004	165.574	281.245	441.412	165.201	363.279	400.646	169.799	360.490	415.872	169.536	347.653	399.196	169.694
15246	30.49000	297.001	429.047	165.296	311.108	443.888	165.593	280.863	441.649	165.250	363.201	400.362	169.742	360.428	415.565	169.587	347.569	398.993	169.704
15247	30.49200	296.440	429.116	165.279	310.762	443.790	165.613	280.488	441.940	165.266	363.139	400.123	169.727	360.387	415.279	169.732	347.405	398.733	169.802
15248	30.49400	295.919	429.194	165.309	310.432	443.674	165.631	280.148	442.264	165.184	363.037	399.853	169.808	360.379	415.049	169.725	347.281	398.475	169.756
15249	30.49600	295.381	429.244	165.294	310.055	443.568	165.667	279.765	442.535	165.168	362.894	399.515	169.753	360.310	414.770	169.551	347.126	398.253	169.705
15250	30.49800	294.842	429.338	165.259	309.702	443.451	165.655	279.404	442.781	165.171	362.763	399.266	169.721	360.234	414.505	169.550	347.003	398.050	169.715
15251	30.50000	294.281	429.388	165.244	309.394	443.326	165.660	279.069	443.064	165.234	362.583	399.011	169.740	360.124	414.211	169.711	346.912	397.830	169.757
15252	30.50200	293.805	429.501	165.240	308.979	443.227	165.646	278.694	443.353	165.217	362.411	398.747	169.744	360.053	413.939	169.756	346.835	397.601	169.755
15253	30.50400	293.190	429.559	165.207	308.656	443.102	165.651	278.354	443.640	165.139	362.343	398.393	169.726	359.984	413.649	169.568	346.712	397.344	169.739
15254	30.50600	292.722	429.662	165.218	308.279	442.968	165.641	277.988	443.860	165.190	362.258	398.111	169.731	359.946	413.401	169.535	346.587	397.105	169.723
15255	30.50800	292.107	429.739	165.184	307.918	442.860	165.644	277.607	444.118	165.272	362.187	397.883	169.762	359.868	413.117	169.711	346.480	396.919	169.700
15256	30.51000	291.647	429.843	165.196	307.565	442.708	165.665	277.308	444.389	165.258	362.096	397.598	169.703	359.804	412.810	169.762	346.333	396.674	169.764
15257	30.51200	291.047	429.920	165.194	307.180	442.610	165.652	276.961	444.650	165.166	361.943	397.240	169.794	359.743	412.530	169.590	346.172	396.418	169.778
15258	30.51400	290.572	430.015	165.222	306.835	442.468	165.689	276.592	444.940	165.150	361.899	396.966	169.810	359.696	412.308	169.538	346.049	396.187	169.745
15259	30.51600	289.988	430.076	165.222	306.434	442.360	165.661	276.311	445.179	165.234	361.736	396.761	169.759	359.580	412.058	169.682	345.941	395.967	169.758
15260	30.51800	289.497	430.162	165.235	306.065	442.226	165.652	275.941	445.431	165.158	361.541	396.441	169.678	359.509	411.706	169.723	345.846	395.773	169.752
15261	30.52000	288.944	430.213	165.252	305.696	442.073	165.642	275.628	445.668	165.178	361.415	396.134	169.705	359.478	411.403	169.632	345.754	395.561	169.749
15262	30.52200	288.407	430.290	165.249	305.310	441.949	165.617	275.264	445.949	165.087	361.306	395.863	169.788	359.470	411.207	169.561	345.663	395.322	169.732
15263	30.52400	287.884	430.342	165.267	304.934	441.779	165.640	274.960	446.168	165.140	361.244	395.625	169.773	359.447	410.979	169.590	345.562	395.056	169.704
15264	30.52600	287.331	430.437	165.263	304.542	441.638	165.678	274.583	446.391	165.164	361.144	395.303	169.659	359.368	410.611	169.665	345.446	394.828	169.735
15265	30.52800	286.832	430.469	165.250	304.165	441.478	165.687	274.316	446.643	165.151	361.027	394.981	169.780	359.314	410.284	169.656	345.305	394.615	169.699
15266	30.53000	286.255	430.575	165.263	303.759	441.362	165.736	273.970	446.882	165.142	360.968	394.726	169.825	359.305	410.079	169.600	345.121	394.403	169.696
15267	30.53200	285.740	430.658	165.212	303.350	441.212	165.729	273.695	447.144	165.145	360.885	394.432	169.751	359.228	409.867	169.593	344.990	394.148	169.714
15268	30.53400	285.195	430.756	165.274	302.965	441.084	165.670	273.387	447.373	165.121	360.716	394.161	169.600	359.113	409.497	169.607	344.922	393.882	169.716
15269	30.53600	284.673	430.849	165.238	302.588	440.898	165.696	273.038	447.568	165.193	360.527	393.882	169.671	359.041	409.164	169.679	344.853	393.655	169.776
15270	30.53800	284.150	430.947	165.268	302.179	440.780	165.622	272.722	447.812	165.166	360.417	393.604	169.772	359.003	408.951	169.641	344.750	393.444	169.774
15271	30.54000	283.612	431.047	165.214	301.773	440.594	165.678	272.387	448.034	165.191	360.276	393.268	169.757	358.987	408.747	169.588	344.635	393.255	169.689
15272	30.54200	283.098	431.118	165.262	301.381	440.425	165.701	272.095	448.252	165.182	360.223	393.026	169.648	358.887	408.383	169.522	344.520	393.015	169.642
15273	30.54400	282.559	431.200	165.179	300.974	440.266	165.741	271.794	448.461	165.158	360.138	392.780	169.681	358.823	408.061	169.671	344.435	392.770	169.706
15274	30.54600	282.030	431.254	165.229	300.551	440.105	165.747	271.500	448.687	165.132	360.061	392.476	169.799	358.784	407.833	169.700	344.313	392.541	169.735
15275	30.54800	281.492	431.346	165.192	300.127	439.970	165.706	271.196	448.918	165.141	359.942	392.136	169.713	358.746	407.627	169.615	344.180	392.340	169.777
15276	30.55000	280.948	431.398	165.240	299.712	439.808	165.681	270.941	449.153	165.131	359.860	391.887	169.682	358.669	407.314	169.482	343.979	392.108	169.714
15277	30.55200	280.417	431.457	165.209	299.281	439.656	165.671	270.580	449.310	165.142	359.752	391.666	169.664	358.567	406.976	169.634	343.857	391.869	169.698
15278	30.55400	279.874	431.543	165.253	298.850	439.486	165.664	270.239	449.480	165.203	359.578	391.352	169.742	358.535	406.733	169.758	343.804	391.623	169.730
15279	30.55600	279.359	431.613	165.269	298.414	439.291	165.736	269.954	449.699	165.195	359.445	391.016	169.726	358.489	406.483	169.664	343.751	391.395	169.791
15280	30.55800	278.816	431.699	165.312	298.023	439.115	165.808	269.676	449.918	165.187	359.304	390.753	169.763	358.420	406.195	169.511	343.650	391.177	169.837
15281	30.56000	278.269	431.786	165.295	297.539	438.963	165.829	269.397	450.117	165.149	359.203	390.550	169.745	358.334	405.907	169.592	343.494	390.961	169.738
15282	30.56200	277.779	431.873	165.340	297.138	438.802	165.806	269.120	450.319	165.143	359.127	390.223	169.741	358.301	405.612	169.751	343.387	390.745	169.642
15283	30.56400	277.217	431.968	165.306	296.653	438.657	165.748	268.813	450.485	165.171	358.982	389.887	169.722	358.263	405.335	169.644	343.288	390.518	169.704
15284	30.56600	276.726	432.045	165.304	296.229	438.469	165.711	268.501	450.663	165.214	358.899	389.632	169.769	358.217	405.083	169.519	343.165	390.291	169.765
15285	30.56800	276.163	432.129	165.255	295.768	438.300	165.734	268.227	450.848	165.242	358.830	389.401	169.738	358.170	404.820	169.551	343.057	390.063	169.796
15286	30.57000	275.664	432.214	165.236	295.337	438.115	165.761	267.951	451.033	165.238	358.769	389.090	169.672	358.121	404.492	169.751	342.860	389.799	169.803
15287	30.57200	275.116	432.299	165.187	294.893	437.922	165.866	267.646	451.205	165.155	358.620	388.784	169.732	358.052	404.189	169.664	342.775	389.602	169.736
15288	30.57400	274.580	432.359	165.218	294.430	437.769	165.825	267.369	451.371	165.152	358.488	388.514	169.816	357.991	403.956	169.567	342.723	389.383	169.780
15289	30.57600	274.064	432.446	165.201	293.976	437.590	165.802	267.097	451.558	165.181	358.361	388.276	169.805	357.929	403.701	169.584	342.670	389.154	169.811
15290	30.57800	273.528	432.515	165.247	293.512	437.427	165.716	266.831	451.734	165.226	358.238	387.955	169.724	357.904	403.372	169.721	342.509	388.881	169.831
15291	30.58000	273.013	432.611	165.245	293.042	437.255	165.676	266.511	451.872	165.207	358.108	387.664	169.747	357.834	403.043	169.653	342.413	388.642	169.787
15292	30.58200	272.471	432.698	165.320	292.581	437.043	165.720	266.274	452.039	165.206	357.992	387.384	169.786	357.757	402.811	169.587	342.289	388.452	169.702
15293	30.58400	271.954	432.776	165.289	292.107	436.842	165.841	265.987	452.178	165.189	357.924	387.108	169.744	357.687	402.598	169.553	342.192	388.258	169.696
15294	30.58600	271.402	432.854	165.318	291.646	436.645	165.850	265.667	452.319	165.204	357.825	386.831	169.672	357.655	402.257	169.614	342.077	388.022	169.744
15295	30.58800	270.871	432.922	165.302	291.162	436.495	165.873	265.392	452.469	165.234	357.718	386.568	169.707	357.585	401.906	169.659	341.954	387.747	169.734
15296	30.59000	270.341	433.006	165.283	290.652	436.329	165.752	265.145	452.629	165.251	357.609	386.289	169.779	357.492	401.675	169.623	341.796	387.461	169.824
15297	30.59200	269.810	433.058	165.269	290.166	436.159	165.714	264.855	452.776	165.217	357.530	385.963	169.780	357.415	401.443	169.559	341.688	387.273	169.770
15298	30.59400	269.294	433.141	165.219	289.681	435.960	165.660	264.580	452.913	165.168	357.360	385.678	169.725	357.337	401.099	169.558	341.605	387.086	169.747
15299	30.59600	268.727	433.209	165.233	289.208	435.726	165.848	264.347	453.061	165.167	357.237	385.415	169.761	357.304	400.750	169.663	341.569	386.856	169.746
15300	30.59800	268.243	433.286	165.232	288.747	435.555	165.839	264.082	453.202	165.183	357.120	385.124	169.757	357.259	400.511	169.645	341.477	386.583	169.768
15301	30.60000	267.675	433.372	165.244	288.201	435.378	165.878	263.772	453.336	165.216	357.003	384.814	169.723	357.212	400.270	169.569	341.321	386.311	169.791
15302	30.60200	267.240	433.462	165.323	287.728	435.240	165.742	263.493	453.440	165.233	356.890	384.558	169.741	357.165	399.976	169.497	341.202	386.142	169.767
15303	30.60400	266.655	433.575	165.318	287.149	435.041	165.658	263.240	453.562	165.250	356.798	384.309	169.713	357.133	399.646	169.630	341.103	385.980	169.695
15304	30.60600	266.211	433.636	165.351	286.732	434.871	165.621	262.942	453.677	165.252	356.720	384.028	169.723	357.071	399.383	169.666	340.974	385.732	169.667
15305	30.60800	265.602	433.720	165.300	286.160	434.634	165.774	262.649	453.789	165.253	356.634	383.710	169.706	357.017	399.115	169.577	340.851	385.460	169.720
15306	30.61000	265.119	433.798	165.330	285.685	434.486	165.891	262.408	453.902	165.255	356.520	383.419	169.730	356.963	398.847	169.487	340.774	385.207	169.771
15307	30.61200	264.516	433.875	165.268	285.125	434.307	165.897	262.212	454.027	165.305	356.395	383.155	169.738	356.906	398.526	169.637	340.615	384.965	169.872
15308	30.61400	264.004	433.940	165.279	284.584	434.108	165.813	261.894	454.142	165.308	356.287	382.837	169.722	356.860	398.238	169.692	340.569	384.803	169.800
15309	30.61600	263.445	434.029	165.203	284.034	433.962	165.693	261.592	454.228	165.295	356.124	382.555	169.731	356.814	397.969	169.574	340.496	384.559	169.690
15310	30.61800	262.933	434.093	165.215	283.511	433.720	165.690	261.354	454.325	165.300	356.000	382.274	169.771	356.721	397.720	169.512	340.413	384.294	169.694
15311	30.62000	262.407	434.202	165.200	283.044	433.553	165.777	261.047	454.421	165.303	355.914	382.009	169.748	356.672	397.433	169.626	340.273	384.053	169.824
15312	30.62200	261.903	434.284	165.209	282.503	433.341	165.912	260.759	454.507	165.259	355.830	381.716	169.712	356.641	397.100	169.671	340.146	383.835	169.871
15313	30.62400	261.391	434.403	165.272	282.034	433.208	165.933	260.515	454.608	165.275	355.738	381.452	169.718	356.565	396.805	169.570	340.037	383.654	169.771
15314	30.62600	260.855	434.469	165.285	281.441	433.029	165.909	260.388	454.723	165.280	355.623	381.179	169.741	356.465	396.582	169.521	339.923	383.438	169.676
15315	30.62800	260.358	434.559	165.332	280.913	432.829	165.763	260.084	454.829	165.299	355.538	380.880	169.753	356.417	396.311	169.572	339.816	383.192	169.711
15316	30.63000	259.788	434.609	165.317	280.327	432.659	165.755	259.809	454.891	165.306	355.429	380.571	169.752	356.400	395.952	169.636	339.731	382.966	169.776
15317	30.63200	259.297	434.667	165.347	279.831	432.428	165.829	259.592	454.959	165.327	355.290	380.297	169.745	356.339	395.659	169.597	339.635	382.717	169.924
15318	30.63400	258.726	434.739	165.334	279.240	432.270	165.899	259.358	455.019	165.333	355.165	380.025	169.770	356.239	395.429	169.566	339.511	382.477	169.880
15319	30.63600	258.240	434.802	165.283	278.758	432.083	165.955	258.969	455.063	165.309	355.071	379.734	169.767	356.207	395.154	169.526	339.435	382.257	169.720
15320	30.63800	257.637	434.903	165.285	278.131	431.920	165.867	258.691	455.105	165.285	354.948	379.460	169.760	356.197	394.796	169.621	339.378	382.045	169.717
15321	30.64000	257.202	434.965	165.265	277.607	431.731	165.830	258.464	455.165	165.290	354.841	379.204	169.749	356.150	394.506	169.643	339.246	381.810	169.799
15322	30.64200	256.623	435.067	165.299	276.974	431.543	165.792	258.178	455.216	165.282	354.748	378.940	169.758	356.035	394.275	169.611	339.113	381.560	169.915
15323	30.64400	256.194	435.128	165.247	276.460	431.363	165.799	257.853	455.279	165.288	354.633	378.621	169.740	355.996	394.008	169.525	339.003	381.318	169.839
15324	30.64600	255.600	435.220	165.264	275.870	431.163	165.920	257.642	455.338	165.325	354.558	378.347	169.732	355.994	393.658	169.603	338.910	381.120	169.742
15325	30.64800	255.181	435.291	165.260	275.334	430.991	165.941	257.489	455.409	165.348	354.448	378.057	169.761	355.932	393.379	169.671	338.835	380.934	169.723
15326	30.65000	254.556	435.372	165.261	274.739	430.797	165.922	257.176	455.488	165.384	354.332	377.784	169.755	355.840	393.121	169.629	338.749	380.718	169.803
15327	30.65200	254.160	435.472	165.270	274.161	430.641	165.847	256.875	455.551	165.391	354.200	377.466	169.741	355.778	392.852	169.510	338.649	380.462	169.823
15328	30.65400	253.514	435.536	165.303	273.559	430.462	165.824	256.664	455.601	165.413	354.107	377.193	169.765	355.753	392.536	169.553	338.517	380.155	169.853
15329	30.65600	253.070	435.638	165.314	272.969	430.283	165.862	256.447	455.634	165.405	354.014	376.939	169.788	355.691	392.223	169.656	338.431	379.958	169.786
15330	30.65800	252.486	435.691	165.332	272.393	430.114	165.885	256.098	455.669	165.398	353.889	376.656	169.770	355.599	391.956	169.600	338.363	379.788	169.762
15331	30.66000	252.009	435.802	165.297	271.803	429.920	165.957	255.776	455.705	165.391	353.782	376.371	169.717	355.529	391.697	169.497	338.313	379.577	169.792
15332	30.66200	251.430	435.854	165.283	271.194	429.748	165.916	255.576	455.721	165.417	353.675	376.081	169.744	355.490	391.406	169.521	338.174	379.287	169.819
15333	30.66400	250.937	435.948	165.250	270.601	429.578	165.908	255.300	455.725	165.394	353.607	375.818	169.782	355.496	391.085	169.643	338.048	379.017	169.876
15334	30.66600	250.397	436.016	165.234	269.983	429.405	165.836	254.991	455.744	165.389	353.498	375.524	169.717	355.434	390.793	169.606	337.968	378.814	169.860
15335	30.66800	249.875	436.084	165.218	269.384	429.228	165.875	254.688	455.752	165.398	353.374	375.241	169.698	355.357	390.525	169.519	337.883	378.660	169.773
15336	30.67000	249.375	436.161	165.217	268.786	429.077	165.927	254.530	455.760	165.441	353.265	374.969	169.724	355.302	390.260	169.523	337.816	378.448	169.773
15337	30.67200	248.852	436.221	165.218	268.155	428.888	165.919	254.217	455.748	165.420	353.180	374.679	169.752	355.293	389.920	169.618	337.685	378.173	169.734
15338	30.67400	248.345	436.315	165.215	267.572	428.727	165.956	253.891	455.767	165.415	353.072	374.378	169.736	355.269	389.620	169.598	337.585	377.910	169.773
15339	30.67600	247.825	436.367	165.263	266.940	428.558	165.948	253.667	455.748	165.443	352.947	374.103	169.700	355.162	389.380	169.553	337.475	377.666	169.841
15340	30.67800	247.342	436.453	165.277	266.308	428.386	165.907	253.473	455.738	165.456	352.816	373.839	169.709	355.099	389.115	169.529	337.397	377.497	169.818
15341	30.68000	246.797	436.522	165.292	265.708	428.233	165.897	253.120	455.746	165.434	352.716	373.524	169.757	355.098	388.765	169.610	337.305	377.282	169.755
15342	30.68200	246.305	436.599	165.291	265.062	428.074	165.934	252.818	455.739	165.447	352.632	373.240	169.737	355.081	388.457	169.607	337.262	377.025	169.745
15343	30.68400	245.744	436.686	165.305	264.432	427.912	165.939	252.631	455.720	165.476	352.546	372.975	169.716	354.966	388.218	169.595	337.114	376.757	169.835
15344	30.68600	245.230	436.755	165.321	263.801	427.751	165.945	252.345	455.692	165.457	352.444	372.719	169.710	354.873	387.951	169.538	337.050	376.541	169.916
15345	30.68800	244.699	436.840	165.303	263.156	427.581	165.966	252.004	455.692	165.453	352.336	372.420	169.725	354.888	387.617	169.554	336.971	376.355	169.898
15346	30.69000	244.167	436.927	165.286	262.539	427.419	165.941	251.750	455.665	165.466	352.237	372.121	169.738	354.832	387.293	169.615	336.871	376.135	169.741
15347	30.69200	243.658	437.012	165.237	261.869	427.257	165.915	251.531	455.645	165.463	352.159	371.849	169.766	354.740	387.028	169.590	336.758	375.887	169.714
15348	30.69400	243.128	437.082	165.254	261.230	427.094	165.888	251.174	455.619	165.475	352.020	371.582	169.713	354.670	386.769	169.518	336.665	375.653	169.797
15349	30.69600	242.603	437.165	165.204	260.598	426.967	165.859	250.862	455.593	165.489	351.889	371.281	169.695	354.654	386.462	169.547	336.596	375.418	169.880
15350	30.69800	242.080	437.243	165.204	259.938	426.806	165.895	250.637	455.564	165.501	351.803	370.983	169.742	354.622	386.149	169.653	336.494	375.180	169.869
15351	30.70000	241.548	437.318	165.170	259.277	426.654	165.916	250.375	455.508	165.530	351.687	370.710	169.739	354.552	385.865	169.602	336.393	374.963	169.775
15352	30.70200	241.010	437.389	165.187	258.624	426.484	165.937	250.020	455.491	165.527	351.595	370.461	169.714	354.475	385.598	169.546	336.318	374.748	169.712
15353	30.70400	240.521	437.465	165.216	257.946	426.339	165.909	249.745	455.446	165.541	351.463	370.169	169.682	354.436	385.298	169.557	336.257	374.540	169.776
15354	30.70600	239.974	437.526	165.217	257.261	426.168	165.898	249.485	455.390	165.539	351.379	369.871	169.728	354.388	385.003	169.662	336.139	374.290	169.895
15355	30.70800	239.470	437.601	165.246	256.584	426.042	165.900	249.162	455.353	165.536	351.302	369.589	169.740	354.349	384.693	169.629	336.030	374.034	169.887
15356	30.71000	238.932	437.689	165.260	255.944	425.915	165.870	248.831	455.310	165.551	351.179	369.314	169.704	354.287	384.416	169.529	335.914	373.781	169.765
15357	30.71200	238.426	437.739	165.277	255.253	425.780	165.888	248.589	455.254	165.549	351.056	369.039	169.669	354.233	384.143	169.552	335.830	373.603	169.730
15358	30.71400	237.889	437.834	165.305	254.592	425.645	165.906	248.291	455.207	165.531	350.947	368.758	169.683	354.201	383.821	169.646	335.747	373.384	169.779
15359	30.71600	237.373	437.904	165.290	253.930	425.519	165.907	247.962	455.147	165.517	350.847	368.460	169.729	354.169	383.503	169.631	335.662	373.149	169.831
15360	30.71800	236.819	437.971	165.273	253.216	425.358	165.943	247.661	455.084	165.501	350.747	368.167	169.697	354.100	383.245	169.560	335.577	372.848	169.814
15361	30.72000	236.326	438.057	165.257	252.569	425.213	165.916	247.358	455.019	165.484	350.637	367.902	169.678	354.022	382.972	169.582	335.482	372.625	169.770
15362	30.72200	235.795	438.107	165.243	251.855	425.070	165.949	246.999	454.960	165.501	350.544	367.637	169.658	353.998	382.631	169.647	335.420	372.457	169.749
15363	30.72400	235.271	438.211	165.224	251.151	424.961	165.887	246.737	454.888	165.501	350.444	367.323	169.740	353.951	382.313	169.632	335.352	372.255	169.765
15364	30.72600	234.756	438.270	165.224	250.491	424.832	165.886	246.423	454.805	165.546	350.352	367.040	169.721	353.835	382.056	169.593	335.260	372.006	169.740
15365	30.72800	234.216	438.358	165.209	249.796	424.731	165.838	246.134	454.725	165.563	350.221	366.765	169.686	353.766	381.763	169.559	335.151	371.727	169.785
15366	30.73000	233.709	438.441	165.189	249.104	424.589	165.873	245.810	454.656	165.565	350.096	366.499	169.667	353.749	381.431	169.608	335.034	371.480	169.791
15367	30.73200	233.169	438.522	165.192	248.389	424.469	165.856	245.491	454.574	165.580	349.996	366.208	169.666	353.710	381.125	169.669	334.940	371.296	169.805
15368	30.73400	232.671	438.595	165.188	247.696	424.347	165.891	245.192	454.485	165.613	349.919	365.901	169.700	353.632	380.858	169.616	334.871	371.081	169.744
15369	30.73600	232.107	438.677	165.190	246.997	424.220	165.891	244.859	454.415	165.583	349.810	365.620	169.715	353.586	380.583	169.579	334.764	370.825	169.736
15370	30.73800	231.625	438.743	165.204	246.267	424.085	165.908	244.517	454.333	165.567	349.717	365.390	169.689	353.546	380.267	169.595	334.679	370.564	169.809
15371	30.74000	231.081	438.821	165.234	245.558	423.987	165.924	244.218	454.225	165.539	349.600	365.099	169.690	353.499	379.961	169.656	334.610	370.354	169.842
15372	30.74200	230.596	438.899	165.234	244.882	423.894	165.920	243.917	454.145	165.555	349.508	364.801	169.738	353.445	379.678	169.637	334.554	370.170	169.856
15373	30.74400	230.054	438.960	165.297	244.143	423.794	165.902	243.567	454.047	165.542	349.424	364.518	169.721	353.398	379.402	169.569	334.469	369.963	169.778
15374	30.74600	229.546	439.045	165.280	243.432	423.717	165.834	243.241	453.939	165.544	349.275	364.255	169.733	353.351	379.104	169.614	334.378	369.715	169.754
15375	30.74800	229.010	439.098	165.328	242.750	423.611	165.896	242.936	453.832	165.608	349.144	363.970	169.685	353.273	378.789	169.661	334.285	369.478	169.776
15376	30.75000	228.499	439.172	165.264	241.995	423.510	165.878	242.599	453.716	165.626	349.053	363.671	169.701	353.242	378.506	169.642	334.207	369.234	169.846
15377	30.75200	227.961	439.259	165.279	241.263	423.399	165.844	242.262	453.618	165.644	348.976	363.392	169.778	353.188	378.230	169.574	334.106	369.007	169.882
15378	30.75400	227.445	439.310	165.265	240.510	423.291	165.874	241.900	453.511	165.615	348.859	363.127	169.760	353.141	377.914	169.620	333.967	368.765	169.809
15379	30.75600	226.915	439.422	165.260	239.796	423.208	165.885	241.578	453.395	165.603	348.759	362.842	169.711	353.078	377.589	169.654	333.876	368.534	169.782
15380	30.75800	226.368	439.455	165.248	239.088	423.110	165.900	241.193	453.306	165.573	348.665	362.561	169.728	353.024	377.324	169.632	333.783	368.307	169.818
15381	30.76000	225.866	439.584	165.211	238.326	423.036	165.894	240.838	453.197	165.574	348.574	362.281	169.773	352.962	377.048	169.564	333.721	368.081	169.887
15382	30.76200	225.290	439.635	165.227	237.588	422.943	165.890	240.516	453.065	165.595	348.442	361.998	169.756	352.901	376.741	169.595	333.667	367.861	169.906
15383	30.76400	224.829	439.765	165.222	236.865	422.868	165.884	240.146	452.947	165.612	348.318	361.723	169.723	352.868	376.416	169.628	333.581	367.627	169.817
15384	30.76600	224.259	439.807	165.225	236.126	422.787	165.896	239.834	452.814	165.664	348.187	361.449	169.721	352.821	376.125	169.626	333.504	367.405	169.774
15385	30.76800	223.799	439.911	165.238	235.387	422.715	165.892	239.433	452.707	165.634	348.111	361.161	169.784	352.736	375.849	169.561	333.428	367.204	169.821
15386	30.77000	223.246	439.962	165.255	234.664	422.639	165.885	239.086	452.573	165.623	348.034	360.861	169.771	352.666	375.550	169.577	333.359	366.959	169.861
15387	30.77200	222.739	440.039	165.254	233.911	422.564	165.879	238.746	452.439	165.582	347.917	360.586	169.739	352.626	375.208	169.614	333.267	366.703	169.854
15388	30.77400	222.191	440.080	165.224	233.164	422.494	165.907	238.430	452.286	165.602	347.817	360.338	169.717	352.602	374.919	169.643	333.180	366.461	169.781
15389	30.77600	221.693	440.159	165.256	232.425	422.420	165.901	238.005	452.180	165.543	347.724	360.040	169.736	352.541	374.652	169.591	333.088	366.255	169.734
15390	30.77800	221.162	440.225	165.239	231.710	422.362	165.893	237.692	452.019	165.611	347.633	359.721	169.725	352.510	374.341	169.530	333.012	366.054	169.753
15391	30.78000	220.657	440.288	165.304	230.933	422.288	165.887	237.284	451.902	165.597	347.524	359.456	169.707	352.447	374.043	169.576	332.933	365.819	169.808
15392	30.78200	220.109	440.354	165.256	230.170	422.233	165.880	236.909	451.752	165.619	347.432	359.190	169.688	352.400	373.736	169.608	332.841	365.545	169.805
15393	30.78400	219.611	440.426	165.304	229.424	422.186	165.888	236.546	451.617	165.607	347.291	358.892	169.708	352.353	373.434	169.561	332.770	365.301	169.845
15394	30.78600	219.080	440.510	165.286	228.693	422.145	165.877	236.137	451.476	165.581	347.192	358.601	169.709	352.307	373.151	169.542	332.684	365.098	169.832
15395	30.78800	218.582	440.599	165.333	227.923	422.107	165.868	235.766	451.350	165.553	347.092	358.329	169.739	352.229	372.844	169.575	332.623	364.913	169.846
15396	30.79000	218.066	440.683	165.315	227.130	422.050	165.860	235.391	451.189	165.590	346.990	358.064	169.722	352.182	372.527	169.592	332.516	364.620	169.814
15397	30.79200	217.537	440.770	165.329	226.406	422.011	165.851	234.981	451.048	165.564	346.882	357.779	169.676	352.120	372.235	169.559	332.431	364.372	169.791
15398	30.79400	217.034	440.854	165.281	225.674	421.980	165.824	234.639	450.878	165.648	346.797	357.473	169.713	352.075	371.934	169.544	332.362	364.145	169.828
15399	30.79600	216.487	440.920	165.264	224.897	421.943	165.816	234.233	450.701	165.686	346.713	357.193	169.759	352.035	371.627	169.577	332.298	363.958	169.811
15400	30.79800	215.970	440.989	165.249	224.136	421.903	165.805	233.829	450.582	165.610	346.590	356.927	169.741	351.964	371.319	169.579	332.207	363.745	169.782
15401	30.80000	215.447	441.055	165.232	223.366	421.872	165.810	233.418	450.425	165.588	346.490	356.633	169.680	351.917	371.054	169.558	332.116	363.487	169.744
15402	30.80200	214.929	441.134	165.202	222.606	421.842	165.815	233.015	450.295	165.526	346.351	356.351	169.696	351.872	370.753	169.544	332.055	363.250	169.767
15403	30.80400	214.376	441.202	165.217	221.840	421.816	165.852	232.607	450.146	165.548	346.257	356.082	169.760	351.825	370.437	169.563	331.977	363.007	169.840
15404	30.80600	213.884	441.279	165.216	221.063	421.804	165.855	232.197	450.010	165.504	346.172	355.791	169.763	351.784	370.129	169.565	331.905	362.790	169.893
15405	30.80800	213.348	441.350	165.264	220.301	421.763	165.844	231.793	449.824	165.590	346.063	355.507	169.717	351.745	369.847	169.579	331.850	362.585	169.849
15406	30.81000	212.857	441.437	165.279	219.534	421.760	165.861	231.384	449.655	165.581	345.962	355.251	169.715	351.652	369.548	169.567	331.759	362.335	169.795
15407	30.81200	212.311	441.507	165.295	218.728	421.750	165.865	230.984	449.457	165.588	345.879	354.963	169.779	351.613	369.239	169.569	331.674	362.098	169.818
15408	30.81400	211.820	441.594	165.310	217.975	421.747	165.883	230.566	449.298	165.564	345.771	354.651	169.722	351.574	368.924	169.620	331.590	361.871	169.856
15409	30.81600	211.290	441.662	165.325	217.221	421.742	165.869	230.126	449.164	165.552	345.663	354.378	169.722	351.511	368.634	169.621	331.502	361.619	169.915
15410	30.81800	210.758	441.730	165.310	216.441	421.728	165.840	229.716	449.021	165.526	345.577	354.123	169.720	351.457	368.332	169.576	331.432	361.385	169.828
15411	30.82000	210.251	441.807	165.309	215.627	421.734	165.840	229.264	448.861	165.563	345.469	353.849	169.720	351.410	368.026	169.610	331.355	361.164	169.817
15412	30.82200	209.680	441.876	165.293	214.871	421.748	165.825	228.874	448.674	165.617	345.362	353.541	169.726	351.363	367.727	169.627	331.287	360.935	169.823
15413	30.82400	209.218	441.952	165.262	214.108	421.761	165.809	228.394	448.488	165.578	345.276	353.260	169.744	351.323	367.418	169.629	331.234	360.717	169.876
15414	30.82600	208.666	442.020	165.277	213.352	421.764	165.778	227.995	448.300	165.602	345.166	353.014	169.757	351.246	367.124	169.567	331.149	360.479	169.868
15415	30.82800	208.166	442.099	165.278	212.545	421.779	165.762	227.555	448.130	165.592	345.050	352.713	169.716	351.208	366.818	169.603	331.078	360.248	169.843
15416	30.83000	207.632	442.178	165.340	211.775	421.802	165.761	227.105	447.997	165.550	344.973	352.404	169.722	351.153	366.509	169.605	330.992	360.028	169.834
15417	30.83200	207.139	442.247	165.325	211.039	421.843	165.790	226.660	447.844	165.569	344.873	352.133	169.754	351.128	366.209	169.591	330.938	359.826	169.853
15418	30.83400	206.627	442.326	165.387	210.299	421.882	165.787	226.226	447.667	165.547	344.788	351.877	169.752	351.044	365.935	169.589	330.861	359.563	169.867
15419	30.83600	206.078	442.394	165.341	209.493	421.925	165.785	225.749	447.477	165.536	344.665	351.592	169.706	350.991	365.618	169.579	330.784	359.306	169.862
15420	30.83800	205.571	442.463	165.357	208.730	421.968	165.783	225.308	447.275	165.532	344.565	351.294	169.727	350.958	365.310	169.583	330.706	359.060	169.872
15421	30.84000	205.053	442.520	165.326	207.960	421.997	165.764	224.840	447.086	165.553	344.473	351.014	169.776	350.918	365.002	169.586	330.636	358.855	169.827
15422	30.84200	204.514	442.580	165.326	207.196	422.026	165.746	224.400	446.917	165.545	344.387	350.738	169.715	350.872	364.711	169.588	330.560	358.644	169.832
15423	30.84400	203.995	442.647	165.280	206.378	422.058	165.728	223.914	446.781	165.531	344.271	350.463	169.685	350.818	364.403	169.593	330.498	358.398	169.843
15424	30.84600	203.472	442.722	165.278	205.508	422.091	165.709	223.444	446.604	165.539	344.161	350.182	169.705	350.763	364.076	169.568	330.405	358.142	169.839
15425	30.84800	202.956	442.827	165.260	204.785	422.132	165.708	222.964	446.415	165.499	344.046	349.903	169.754	350.723	363.794	169.583	330.327	357.897	169.881
15426	30.85000	202.455	442.902	165.259	204.015	422.171	165.704	222.471	446.219	165.507	343.962	349.594	169.761	350.661	363.511	169.568	330.257	357.694	169.868
15427	30.85200	201.934	443.027	165.272	203.221	422.211	165.700	222.010	445.997	165.532	343.862	349.318	169.700	350.623	363.176	169.561	330.180	357.482	169.873
15428	30.85400	201.456	443.102	165.271	202.360	422.245	165.683	221.519	445.838	165.569	343.761	349.045	169.701	350.553	362.878	169.581	330.119	357.234	169.852
15429	30.85600	200.899	443.195	165.319	201.560	422.312	165.692	221.073	445.676	165.574	343.653	348.783	169.748	350.450	362.570	169.586	330.042	356.978	169.848
15430	30.85800	200.411	443.231	165.289	200.814	422.379	165.701	220.538	445.542	165.531	343.537	348.481	169.707	350.396	362.278	169.556	329.964	356.759	169.870
15431	30.86000	199.798	443.306	165.306	200.138	422.462	165.710	220.073	445.337	165.494	343.460	348.206	169.677	350.350	361.944	169.581	329.886	356.531	169.879
15432	30.86200	199.350	443.342	165.307	199.314	422.550	165.749	219.534	445.157	165.498	343.367	347.962	169.722	350.327	361.653	169.583	329.815	356.299	169.824
15433	30.86400	198.713	443.408	165.310	198.504	422.628	165.773	219.092	444.935	165.464	343.273	347.662	169.714	350.256	361.345	169.587	329.746	356.061	169.818
15434	30.86600	198.294	443.453	165.295	197.747	422.700	165.765	218.558	444.748	165.547	343.141	347.346	169.740	350.186	361.053	169.559	329.677	355.834	169.857
15435	30.86800	197.651	443.509	165.313	196.995	422.773	165.757	218.108	444.578	165.508	343.065	347.065	169.759	350.132	360.747	169.595	329.623	355.607	169.898
15436	30.87000	197.274	443.592	165.327	196.233	422.859	165.766	217.580	444.444	165.556	342.964	346.827	169.755	350.101	360.446	169.583	329.561	355.361	169.908
15437	30.87200	196.630	443.674	165.327	195.381	422.949	165.775	217.062	444.255	165.424	342.840	346.543	169.712	350.069	360.111	169.577	329.498	355.136	169.837
15438	30.87400	196.278	443.776	165.372	194.594	423.042	165.766	216.524	444.057	165.431	342.739	346.243	169.704	350.006	359.838	169.577	329.421	354.906	169.814
15439	30.87600	195.640	443.874	165.339	193.829	423.134	165.757	216.018	443.835	165.364	342.639	345.981	169.751	349.945	359.548	169.580	329.352	354.679	169.853
15440	30.87800	195.248	443.976	165.353	193.102	423.216	165.734	215.526	443.657	165.494	342.569	345.716	169.737	349.913	359.229	169.541	329.266	354.445	169.911
15441	30.88000	194.606	444.054	165.290	192.272	423.321	165.709	214.995	443.489	165.516	342.485	345.423	169.711	349.889	358.913	169.564	329.189	354.196	169.890
15442	30.88200	194.141	444.148	165.288	191.534	423.441	165.683	214.488	443.300	165.538	342.377	345.123	169.702	349.834	358.604	169.569	329.127	353.946	169.838
15443	30.88400	193.578	444.199	165.274	190.791	423.539	165.656	213.886	443.198	165.396	342.300	344.846	169.785	349.789	358.304	169.558	329.073	353.733	169.812
15444	30.88600	193.058	444.266	165.228	190.028	423.648	165.645	213.405	442.922	165.365	342.192	344.571	169.756	349.718	357.985	169.519	329.011	353.515	169.836
15445	30.88800	192.543	444.335	165.244	189.238	423.761	165.635	212.787	442.777	165.335	342.067	344.285	169.683	349.686	357.695	169.523	328.949	353.259	169.834
15446	30.89000	192.017	444.376	165.215	188.401	423.876	165.656	212.332	442.539	165.457	341.942	344.012	169.687	349.631	357.389	169.561	328.856	352.995	169.849
15447	30.89200	191.526	444.455	165.247	187.620	423.995	165.660	211.753	442.387	165.445	341.873	343.751	169.735	349.594	357.061	169.537	328.786	352.777	169.872
15448	30.89400	191.003	444.496	165.249	186.858	424.126	165.680	211.285	442.192	165.577	341.759	343.423	169.715	349.540	356.745	169.560	328.740	352.556	169.863
15449	30.89600	190.537	444.585	165.297	186.092	424.252	165.667	210.670	442.037	165.379	341.682	343.140	169.704	349.460	356.473	169.563	328.685	352.328	169.873
15450	30.89800	190.000	444.635	165.313	185.284	424.374	165.672	210.160	441.803	165.358	341.612	342.904	169.732	349.358	356.145	169.541	328.615	352.072	169.871
15451	30.90000	189.540	444.731	165.344	184.546	424.502	165.691	209.573	441.662	165.362	341.518	342.614	169.740	349.329	355.829	169.564	328.561	351.826	169.883
15452	30.90200	188.972	444.799	165.359	183.832	424.620	165.726	209.042	441.454	165.353	341.379	342.297	169.736	349.298	355.523	169.601	328.484	351.607	169.907
15453	30.90400	188.503	444.885	165.374	183.094	424.741	165.731	208.506	441.325	165.528	341.295	342.039	169.704	349.226	355.212	169.547	328.445	351.402	169.864
15454	30.90600	187.941	444.972	165.357	182.284	424.878	165.702	207.980	441.115	165.488	341.194	341.791	169.687	349.148	354.912	169.537	328.345	351.161	169.826
15455	30.90800	187.425	445.066	165.354	181.497	425.026	165.658	207.365	440.899	165.403	341.094	341.501	169.693	349.102	354.606	169.576	328.268	350.905	169.824
15456	30.91000	186.868	445.144	165.323	180.693	425.198	165.656	206.812	440.764	165.420	341.026	341.175	169.706	349.063	354.288	169.568	328.174	350.654	169.886
15457	30.91200	186.355	445.228	165.275	179.929	425.363	165.640	206.225	440.582	165.301	340.925	340.912	169.724	349.040	353.970	169.561	328.168	350.417	169.912
15458	30.91400	185.801	445.308	165.276	179.175	425.526	165.656	205.642	440.380	165.449	340.794	340.650	169.773	348.984	353.663	169.569	328.113	350.194	169.872
15459	30.91600	185.297	445.366	165.246	178.400	425.682	165.688	205.033	440.249	165.469	340.685	340.372	169.683	348.907	353.372	169.573	328.051	349.989	169.830
15460	30.91800	184.773	445.455	165.230	177.638	425.810	165.706	204.484	440.050	165.536	340.584	340.082	169.691	348.861	353.053	169.535	327.936	349.743	169.842
15461	30.92000	184.239	445.502	165.215	176.859	425.956	165.692	203.889	439.881	165.526	340.468	339.811	169.726	348.830	352.729	169.577	327.881	349.497	169.856
15462	30.92200	183.733	445.573	165.232	176.110	426.137	165.675	203.310	439.705	165.389	340.392	339.528	169.716	348.783	352.421	169.584	327.811	349.254	169.901
15463	30.92400	183.211	445.647	165.261	175.334	426.313	165.675	202.686	439.525	165.394	340.309	339.231	169.627	348.744	352.121	169.575	327.757	349.015	169.896
15464	30.92600	182.720	445.719	165.279	174.585	426.484	165.674	202.085	439.387	165.286	340.224	338.962	169.694	348.636	351.802	169.536	327.702	348.793	169.857
15465	30.92800	182.188	445.775	165.279	173.845	426.656	165.673	201.508	439.184	165.403	340.146	338.693	169.762	348.597	351.503	169.559	327.641	348.564	169.866
15466	30.93000	181.665	445.846	165.296	173.074	426.828	165.672	200.889	439.033	165.392	340.032	338.398	169.706	348.573	351.195	169.566	327.587	348.327	169.893
15467	30.93200	181.181	445.932	165.311	172.311	427.011	165.656	200.319	438.842	165.382	339.899	338.107	169.683	348.528	350.860	169.563	327.510	348.072	169.893
15468	30.93400	180.618	446.010	165.310	171.549	427.205	165.655	199.680	438.657	165.404	339.765	337.852	169.686	348.452	350.569	169.567	327.424	347.824	169.874
15469	30.93600	180.138	446.096	165.295	170.802	427.386	165.669	199.096	438.509	165.312	339.696	337.589	169.705	348.370	350.279	169.545	327.369	347.609	169.818
15470	30.93800	179.599	446.165	165.311	170.071	427.560	165.669	198.446	438.346	165.284	339.604	337.264	169.719	348.316	349.951	169.523	327.315	347.399	169.825
15471	30.94000	179.106	446.278	165.308	169.318	427.760	165.713	197.856	438.195	165.335	339.512	336.975	169.759	348.285	349.645	169.564	327.262	347.154	169.870
15472	30.94200	178.558	446.319	165.310	168.596	427.959	165.726	197.217	438.043	165.353	339.451	336.745	169.739	348.246	349.339	169.604	327.208	346.891	169.886
15473	30.94400	178.063	446.407	165.295	167.825	428.177	165.705	196.590	437.866	165.421	339.365	336.461	169.699	348.167	349.028	169.551	327.161	346.662	169.897
15474	30.94600	177.532	446.474	165.279	167.057	428.377	165.656	195.993	437.707	165.488	339.241	336.143	169.697	348.096	348.711	169.547	327.106	346.440	169.859
15475	30.94800	177.039	446.545	165.297	166.293	428.605	165.651	195.324	437.525	165.399	339.141	335.863	169.720	348.049	348.413	169.570	327.059	346.226	169.804
15476	30.95000	176.467	446.630	165.279	165.601	428.796	165.682	194.714	437.388	165.384	339.040	335.633	169.700	348.011	348.095	169.564	326.957	345.991	169.834
15477	30.95200	175.992	446.689	165.281	164.868	428.987	165.742	194.062	437.243	165.323	338.916	335.341	169.678	347.980	347.761	169.562	326.888	345.729	169.882
15478	30.95400	175.451	446.765	165.280	164.152	429.185	165.755	193.434	437.122	165.275	338.847	335.025	169.707	347.901	347.470	169.569	326.843	345.484	169.926
15479	30.95600	174.937	446.843	165.280	163.380	429.411	165.718	192.796	436.969	165.293	338.764	334.754	169.743	347.832	347.170	169.561	326.804	345.247	169.923
15480	30.95800	174.420	446.902	165.281	162.639	429.657	165.712	192.143	436.809	165.328	338.662	334.474	169.767	347.808	346.834	169.529	326.749	345.034	169.899
15481	30.96000	173.885	446.996	165.248	161.890	429.882	165.707	191.519	436.664	165.329	338.530	334.195	169.678	347.747	346.528	169.568	326.649	344.766	169.852
15482	30.96200	173.355	447.068	165.265	161.186	430.082	165.751	190.826	436.494	165.349	338.423	333.928	169.634	347.700	346.220	169.577	326.572	344.520	169.865
15483	30.96400	172.818	447.159	165.232	160.447	430.300	165.763	190.169	436.329	165.320	338.338	333.661	169.735	347.646	345.901	169.541	326.480	344.291	169.875
15484	30.96600	172.311	447.230	165.249	159.717	430.533	165.772	189.518	436.210	165.272	338.192	333.351	169.715	347.562	345.600	169.533	326.402	344.044	169.858
15485	30.96800	171.794	447.314	165.231	159.007	430.785	165.750	188.854	436.084	165.272	338.124	333.066	169.674	347.508	345.293	169.543	326.362	343.822	169.821
15486	30.97000	171.240	447.384	165.248	158.259	431.013	165.746	188.189	435.955	165.240	338.069	332.803	169.695	347.454	344.966	169.524	326.332	343.600	169.814
15487	30.97200	170.747	447.459	165.247	157.518	431.276	165.738	187.521	435.812	165.273	337.962	332.523	169.718	347.423	344.648	169.519	326.294	343.339	169.863
15488	30.97400	170.201	447.548	165.262	156.810	431.517	165.731	186.863	435.687	165.335	337.878	332.230	169.695	347.369	344.350	169.544	326.224	343.093	169.877
15489	30.97600	169.718	447.595	165.279	156.101	431.761	165.726	186.203	435.536	165.385	337.769	331.939	169.674	347.290	344.041	169.524	326.161	342.838	169.879
15490	30.97800	169.187	447.686	165.296	155.357	432.006	165.689	185.508	435.381	165.371	337.619	331.694	169.693	347.267	343.712	169.475	326.114	342.643	169.852
15491	30.98000	168.695	447.724	165.297	154.658	432.271	165.715	184.845	435.255	165.371	337.541	331.429	169.682	347.211	343.417	169.532	326.060	342.421	169.815
15492	30.98200	168.170	447.805	165.299	153.943	432.522	165.723	184.179	435.128	165.340	337.441	331.102	169.667	347.108	343.101	169.561	326.005	342.166	169.816
15493	30.98400	167.654	447.880	165.298	153.250	432.777	165.733	183.501	435.015	165.243	337.364	330.814	169.709	347.102	342.765	169.528	325.975	341.916	169.912
15494	30.98600	167.128	447.950	165.284	152.532	433.013	165.713	182.805	434.897	165.227	337.280	330.578	169.739	347.046	342.473	169.506	325.921	341.660	169.911
15495	30.98800	166.602	448.038	165.268	151.866	433.267	165.755	182.126	434.789	165.225	337.197	330.299	169.650	346.944	342.167	169.548	325.843	341.430	169.891
15496	30.99000	166.087	448.113	165.267	151.160	433.527	165.778	181.432	434.663	165.225	337.095	329.984	169.682	346.890	341.831	169.517	325.742	341.199	169.841
15497	30.99200	165.558	448.213	165.237	150.473	433.791	165.773	180.756	434.554	165.254	336.994	329.721	169.704	346.889	341.526	169.561	325.672	340.951	169.825
15498	30.99400	165.043	448.303	165.233	149.751	434.063	165.719	180.055	434.419	165.270	336.901	329.449	169.711	346.796	341.225	169.553	325.602	340.698	169.857
15499	30.99600	164.515	448.403	165.203	149.062	434.333	165.758	179.364	434.291	165.300	336.800	329.155	169.659	346.726	340.889	169.523	325.564	340.461	169.886
15500	30.99800	163.993	448.485	165.216	148.386	434.596	165.783	178.649	434.184	165.329	336.677	328.872	169.651	346.680	340.589	169.516	325.495	340.213	169.869
15501	31.00000	163.484	448.564	165.217	147.694	434.851	165.794	177.963	434.068	165.344	336.600	328.604	169.721	346.626	340.272	169.513	325.463	340.000	169.846
15502	31.00200	162.962	448.650	165.231	146.987	435.156	165.737	177.236	433.973	165.307	336.515	328.306	169.749	346.564	339.964	169.525	325.416	339.761	169.813
15503	31.00400	162.455	448.701	165.249	146.301	435.418	165.731	176.539	433.868	165.256	336.368	328.012	169.697	346.509	339.637	169.508	325.362	339.517	169.860
15504	31.00600	161.938	448.777	165.249	145.633	435.681	165.757	175.821	433.789	165.268	336.306	327.763	169.653	346.464	339.322	169.536	325.292	339.274	169.908
15505	31.00800	161.375	448.822	165.252	144.959	435.952	165.797	175.133	433.695	165.232	336.213	327.502	169.706	346.400	339.032	169.546	325.216	339.019	169.910
15506	31.01000	160.923	448.905	165.266	144.271	436.259	165.772	174.406	433.593	165.213	336.090	327.212	169.716	346.354	338.696	169.515	325.184	338.788	169.890
15507	31.01200	160.321	448.950	165.269	143.579	436.546	165.717	173.705	433.495	165.226	335.997	326.912	169.713	346.331	338.380	169.545	325.153	338.583	169.850
15508	31.01400	159.893	449.025	165.301	142.938	436.809	165.774	172.998	433.401	165.252	335.913	326.647	169.703	346.268	338.075	169.589	325.107	338.329	169.882
15509	31.01600	159.304	449.103	165.269	142.282	437.089	165.830	172.256	433.312	165.248	335.852	326.384	169.724	346.183	337.738	169.559	325.045	338.049	169.905
15510	31.01800	158.861	449.190	165.316	141.593	437.397	165.806	171.567	433.210	165.291	335.744	326.075	169.707	346.174	337.447	169.537	324.991	337.813	169.935
15511	31.02000	158.297	449.293	165.298	140.917	437.702	165.750	170.847	433.145	165.269	335.627	325.785	169.719	346.104	337.140	169.550	324.936	337.581	169.885
15512	31.02200	157.808	449.383	165.346	140.276	438.013	165.821	170.116	433.073	165.294	335.534	325.540	169.738	345.986	336.804	169.521	324.889	337.376	169.845
15513	31.02400	157.295	449.483	165.296	139.623	438.293	165.907	169.425	432.999	165.320	335.417	325.275	169.729	345.947	336.498	169.565	324.828	337.120	169.846
15514	31.02600	156.745	449.572	165.280	138.957	438.589	165.868	168.666	432.922	165.281	335.317	324.962	169.649	345.958	336.180	169.561	324.789	336.850	169.883
15515	31.02800	156.256	449.672	165.231	138.311	438.915	165.812	167.950	432.857	165.290	335.254	324.694	169.722	345.838	335.872	169.545	324.742	336.594	169.884
15516	31.03000	155.723	449.734	165.233	137.680	439.220	165.881	167.219	432.784	165.315	335.163	324.413	169.747	345.776	335.537	169.547	324.665	336.384	169.895
15517	31.03200	155.197	449.825	165.199	137.024	439.500	165.876	166.526	432.737	165.323	335.085	324.127	169.678	345.731	335.229	169.559	324.580	336.153	169.845
15518	31.03400	154.672	449.871	165.204	136.355	439.790	165.823	165.770	432.663	165.316	334.994	323.835	169.658	345.676	334.922	169.572	324.518	335.897	169.848
15519	31.03600	154.163	449.946	165.203	135.727	440.137	165.779	165.021	432.590	165.310	334.902	323.557	169.715	345.606	334.576	169.529	324.487	335.636	169.898
15520	31.03800	153.647	450.006	165.205	135.097	440.456	165.803	164.331	432.528	165.269	334.792	323.285	169.725	345.560	334.270	169.574	324.440	335.381	169.902
15521	31.04000	153.125	450.067	165.238	134.459	440.709	165.816	163.553	432.464	165.278	334.678	322.990	169.673	345.528	333.971	169.570	324.393	335.144	169.902
15522	31.04200	152.623	450.136	165.223	133.834	441.041	165.806	162.808	432.412	165.302	334.608	322.716	169.650	345.450	333.625	169.527	324.362	334.919	169.834
15523	31.04400	152.103	450.223	165.270	133.184	441.401	165.779	162.089	432.353	165.293	334.561	322.471	169.670	345.410	333.316	169.511	324.323	334.689	169.816
15524	31.04600	151.594	450.299	165.269	132.568	441.693	165.790	161.376	432.319	165.267	334.422	322.173	169.700	345.373	333.010	169.555	324.262	334.437	169.851
15525	31.04800	151.088	450.396	165.300	131.949	441.964	165.833	160.594	432.271	165.241	334.305	321.855	169.672	345.303	332.664	169.513	324.184	334.156	169.874
15526	31.05000	150.570	450.481	165.284	131.324	442.332	165.821	159.816	432.223	165.247	334.220	321.609	169.691	345.255	332.358	169.528	324.122	333.891	169.863
15527	31.05200	150.061	450.560	165.285	130.720	442.675	165.796	159.088	432.200	165.286	334.151	321.344	169.682	345.225	332.050	169.541	324.106	333.668	169.827
15528	31.05400	149.534	450.635	165.253	130.089	442.946	165.808	158.402	432.188	165.240	334.035	321.035	169.667	345.148	331.715	169.544	324.067	333.447	169.822
15529	31.05600	149.021	450.731	165.221	129.479	443.264	165.864	157.599	432.148	165.228	333.935	320.728	169.684	345.101	331.391	169.562	324.021	333.202	169.839
15530	31.05800	148.502	450.808	165.191	128.879	443.643	165.806	156.827	432.100	165.234	333.835	320.475	169.721	345.046	331.099	169.541	323.951	332.922	169.863
15531	31.06000	147.976	450.893	165.174	128.254	443.956	165.798	156.104	432.081	165.255	333.750	320.218	169.694	344.968	330.782	169.542	323.889	332.676	169.880
15532	31.06200	147.459	450.968	165.173	127.659	444.256	165.856	155.416	432.094	165.240	333.674	319.916	169.662	344.873	330.447	169.516	323.858	332.464	169.860
15533	31.06400	146.936	451.040	165.191	127.066	444.601	165.865	154.620	432.072	165.228	333.596	319.629	169.708	344.844	330.149	169.543	323.796	332.251	169.837
15534	31.06600	146.444	451.126	165.206	126.458	444.947	165.792	153.842	432.034	165.249	333.478	319.369	169.764	344.830	329.841	169.556	323.757	331.996	169.841
15535	31.06800	145.899	451.205	165.238	125.866	445.256	165.803	153.037	432.010	165.236	333.371	319.100	169.692	344.703	329.503	169.499	323.703	331.725	169.879
15536	31.07000	145.424	451.300	165.268	125.283	445.602	165.904	152.337	432.026	165.253	333.303	318.807	169.673	344.641	329.181	169.549	323.672	331.470	169.883
15537	31.07200	144.862	451.372	165.285	124.687	445.913	165.804	151.551	432.005	165.272	333.170	318.543	169.666	344.602	328.881	169.547	323.580	331.251	169.882
15538	31.07400	144.386	451.437	165.301	124.089	446.282	165.764	150.791	432.004	165.290	333.070	318.258	169.743	344.533	328.545	169.519	323.556	331.019	169.832
15539	31.07600	143.796	451.535	165.269	123.525	446.618	165.882	149.988	431.991	165.292	332.962	317.964	169.693	344.469	328.231	169.553	323.478	330.761	169.803
15540	31.07800	143.303	451.593	165.270	122.934	446.918	165.848	149.218	431.981	165.295	332.856	317.689	169.670	344.423	327.923	169.568	323.448	330.503	169.889
15541	31.08000	142.749	451.686	165.206	122.335	447.309	165.788	148.473	431.999	165.294	332.794	317.436	169.708	344.354	327.587	169.541	323.401	330.250	169.925
15542	31.08200	142.257	451.754	165.223	121.790	447.646	165.876	147.696	431.997	165.311	332.716	317.137	169.709	344.283	327.261	169.529	323.308	330.008	169.861
