NO_OF_FRAMES	711
NO_OF_CAMERAS	2
NO_OF_MARKERS	2
FREQUENCY	500
NO_OF_ANALOG	0
ANALOG_FREQUENCY	0
DESCRIPTION	--
TIME_STAMP	2024-10-19, 16:53:45.090	773359.54039540
DATA_INCLUDED	3D
MARKER_NAMES	v60-7g	h62-9g
TRAJECTORY_TYPES	Mixed	Mixed
3524	7.04600	335.918	540.530	371.165	350.421	1041.417	377.113
3525	7.04800	335.911	540.489	371.152	350.396	1040.404	377.290
3526	7.05000	335.925	540.473	371.152	350.272	1039.330	377.367
3527	7.05200	335.911	540.440	371.151	350.241	1038.251	377.432
3528	7.05400	335.924	540.407	371.151	350.179	1037.144	377.477
3529	7.05600	335.917	540.382	371.139	350.041	1036.022	377.429
3530	7.05800	335.910	540.357	371.150	350.035	1034.947	377.690
3531	7.06000	335.903	540.324	371.150	349.869	1033.711	377.351
3532	7.06200	335.910	540.300	371.137	349.888	1032.625	377.669
3533	7.06400	335.896	540.258	371.150	349.820	1031.460	377.732
3534	7.06600	335.896	540.234	371.137	349.681	1030.241	377.599
3535	7.06800	335.896	540.209	371.149	349.667	1029.060	377.703
3536	7.07000	335.895	540.176	371.149	349.603	1027.888	377.756
3537	7.07200	335.902	540.143	371.149	349.648	1026.721	378.042
3538	7.07400	335.895	540.110	371.149	349.623	1025.496	378.078
3539	7.07600	335.895	540.093	371.149	349.655	1024.317	378.251
3540	7.07800	335.895	540.060	371.149	349.671	1023.110	378.399
3541	7.08000	335.902	540.036	371.162	349.629	1021.897	378.406
3542	7.08200	335.895	540.002	371.161	349.535	1020.661	378.372
3543	7.08400	335.894	539.978	371.149	349.530	1019.468	378.580
3544	7.08600	335.881	539.945	371.174	349.448	1018.250	378.491
3545	7.08800	335.894	539.912	371.174	349.456	1017.063	378.601
3546	7.09000	335.887	539.887	371.161	349.359	1015.872	378.491
3547	7.09200	335.894	539.862	371.174	349.241	1014.810	378.509
3548	7.09400	335.887	539.830	371.174	349.113	1013.676	378.435
3549	7.09600	335.887	539.796	371.173	349.066	1012.564	378.402
3550	7.09800	335.887	539.780	371.173	348.904	1011.469	378.181
3551	7.10000	335.879	539.747	371.172	348.736	1010.398	377.921
3552	7.10200	335.873	539.722	371.184	348.724	1009.473	378.018
3553	7.10400	335.872	539.689	371.184	348.615	1008.574	377.629
3554	7.10600	335.872	539.664	371.171	348.238	1008.391	376.561
3555	7.10800	335.865	539.639	371.184	348.130	1007.803	376.059
3556	7.11000	335.851	539.614	371.170	348.232	1006.544	376.068
3557	7.11200	335.858	539.590	371.183	348.394	1005.415	376.040
3558	7.11400	335.851	539.556	371.182	348.479	1004.222	375.909
3559	7.11600	335.844	539.523	371.182	348.582	1003.017	376.066
3560	7.11800	335.851	539.499	371.169	348.739	1001.821	376.021
3561	7.12000	335.837	539.474	371.181	348.951	1000.630	375.995
3562	7.12200	335.843	539.441	371.156	349.087	999.408	375.908
3563	7.12400	335.843	539.408	371.156	349.247	998.234	375.906
3564	7.12600	335.843	539.384	371.144	349.402	997.050	375.872
3565	7.12800	335.836	539.351	371.143	349.533	995.870	375.815
3566	7.13000	335.842	539.310	371.131	349.694	994.684	375.744
3567	7.13200	335.828	539.285	371.117	349.824	993.513	375.724
3568	7.13400	335.828	539.252	371.117	349.837	992.369	375.753
3569	7.13600	335.828	539.227	371.105	350.062	991.217	375.769
3570	7.13800	335.828	539.194	371.104	350.089	990.052	375.694
3571	7.14000	335.834	539.170	371.092	350.189	988.891	375.603
3572	7.14200	335.834	539.137	371.092	350.352	987.705	375.440
3573	7.14400	335.834	539.104	371.092	350.306	986.543	375.431
3574	7.14600	335.834	539.087	371.092	350.471	985.324	375.331
3575	7.14800	335.841	539.055	371.092	350.437	984.093	375.190
3576	7.15000	335.854	539.022	371.092	350.430	982.873	375.169
3577	7.15200	335.854	538.997	371.105	350.389	981.638	375.098
3578	7.15400	335.847	538.972	371.092	350.389	980.407	375.088
3579	7.15600	335.840	538.939	371.092	350.355	979.204	375.053
3580	7.15800	335.847	538.906	371.092	350.309	977.991	374.986
3581	7.16000	335.854	538.890	371.092	350.284	976.777	374.961
3582	7.16200	335.853	538.857	371.092	350.284	975.567	374.915
3583	7.16400	335.846	538.824	371.092	350.262	974.343	374.900
3584	7.16600	335.839	538.791	371.091	350.236	973.138	374.914
3585	7.16800	335.853	538.758	371.092	350.258	971.923	374.896
3586	7.17000	335.839	538.733	371.104	350.202	970.716	374.910
3587	7.17200	335.846	538.700	371.104	350.173	969.499	374.892
3588	7.17400	335.846	538.676	371.091	350.048	968.311	374.926
3589	7.17600	335.845	538.634	371.104	350.037	967.046	374.772
3590	7.17800	335.845	538.601	371.104	350.099	965.822	374.710
3591	7.18000	335.852	538.569	371.104	349.957	964.619	374.781
3592	7.18200	335.859	538.544	371.092	349.953	963.367	374.674
3593	7.18400	335.858	538.503	371.079	349.904	962.148	374.707
3594	7.18600	335.865	538.478	371.092	349.892	960.911	374.653
3595	7.18800	335.865	538.445	371.092	349.881	959.669	374.626
3596	7.19000	335.865	538.412	371.092	349.839	958.442	374.605
3597	7.19200	335.865	538.379	371.092	349.821	957.208	374.572
3598	7.19400	335.864	538.355	371.079	349.771	955.974	374.537
3599	7.19600	335.878	538.322	371.105	349.596	954.782	374.622
3600	7.19800	335.871	538.297	371.092	349.522	953.577	374.643
3601	7.20000	335.878	538.264	371.092	349.544	952.351	374.608
3602	7.20200	335.878	538.239	371.104	349.484	951.145	374.632
3603	7.20400	335.871	538.206	371.104	349.442	949.954	374.666
3604	7.20600	335.877	538.190	371.104	349.419	948.731	374.648
3605	7.20800	335.877	538.149	371.091	349.372	947.531	374.626
3606	7.21000	335.877	538.124	371.104	349.360	946.308	374.612
3607	7.21200	335.877	538.091	371.104	349.267	945.087	374.567
3608	7.21400	335.877	538.058	371.104	349.224	943.851	374.521
3609	7.21600	335.870	538.025	371.103	349.199	942.635	374.501
3610	7.21800	335.876	537.992	371.103	349.153	941.396	374.421
3611	7.22000	335.876	537.967	371.091	349.124	940.168	374.371
3612	7.22200	335.883	537.935	371.091	349.007	938.918	374.296
3613	7.22400	335.883	537.893	371.104	348.977	937.698	374.241
3614	7.22600	335.882	537.869	371.091	348.898	936.497	374.211
3615	7.22800	335.889	537.836	371.091	348.881	935.282	374.177
3616	7.23000	335.889	537.795	371.079	348.831	934.056	374.150
3617	7.23200	335.896	537.762	371.079	348.867	932.856	374.172
3618	7.23400	335.888	537.729	371.079	348.763	931.630	374.147
3619	7.23600	335.882	537.704	371.091	348.713	930.423	374.147
3620	7.23800	335.881	537.679	371.079	348.697	929.227	374.183
3621	7.24000	335.888	537.630	371.078	348.648	928.008	374.153
3622	7.24200	335.874	537.605	371.065	348.625	926.799	374.159
3623	7.24400	335.881	537.572	371.066	348.575	925.559	374.110
3624	7.24600	335.874	537.539	371.065	348.546	924.338	374.086
3625	7.24800	335.873	537.506	371.065	348.402	923.090	374.018
3626	7.25000	335.880	537.481	371.078	348.386	921.865	374.023
3627	7.25200	335.866	537.448	371.077	348.350	920.643	374.003
3628	7.25400	335.859	537.415	371.077	348.308	919.420	373.983
3629	7.25600	335.859	537.382	371.076	348.278	918.197	373.966
3630	7.25800	335.852	537.349	371.076	348.235	916.973	373.949
3631	7.26000	335.852	537.316	371.075	348.186	915.740	373.876
3632	7.26200	335.845	537.291	371.062	348.143	914.521	373.877
3633	7.26400	335.838	537.258	371.062	348.012	913.295	373.859
3634	7.26600	335.837	537.225	371.062	347.983	912.084	373.854
3635	7.26800	335.830	537.200	371.074	347.940	910.867	373.835
3636	7.27000	335.844	537.167	371.074	347.917	909.652	373.860
3637	7.27200	335.844	537.134	371.074	347.902	908.449	373.852
3638	7.27400	335.837	537.109	371.086	347.859	907.236	373.853
3639	7.27600	335.844	537.085	371.074	347.822	906.005	373.808
3640	7.27800	335.843	537.052	371.074	347.799	904.798	373.831
3641	7.28000	335.837	537.019	371.099	347.695	903.551	373.711
3642	7.28200	335.829	536.978	371.087	347.638	902.315	373.696
3643	7.28400	335.836	536.961	371.087	347.649	901.089	373.676
3644	7.28600	335.836	536.928	371.087	347.619	899.883	373.679
3645	7.28800	335.822	536.887	371.100	347.562	898.658	373.636
3646	7.29000	335.829	536.862	371.087	347.519	897.445	373.625
3647	7.29200	335.822	536.829	371.087	347.463	896.225	373.600
3648	7.29400	335.815	536.804	371.099	347.365	895.011	373.594
3649	7.29600	335.821	536.772	371.100	347.343	893.818	373.610
3650	7.29800	335.807	536.738	371.099	347.267	892.612	373.596
3651	7.30000	335.807	536.713	371.111	347.223	891.405	373.580
3652	7.30200	335.793	536.680	371.110	347.105	890.171	373.527
3653	7.30400	335.779	536.647	371.110	347.082	888.961	373.540
3654	7.30600	335.793	536.606	371.098	347.012	887.753	373.529
3655	7.30800	335.786	536.589	371.097	346.996	886.539	373.506
3656	7.31000	335.793	536.548	371.110	346.919	885.305	373.502
3657	7.31200	335.779	536.523	371.097	346.904	884.090	373.482
3658	7.31400	335.779	536.498	371.109	346.874	882.862	373.499
3659	7.31600	335.785	536.458	371.097	346.838	881.637	373.490
3660	7.31800	335.785	536.425	371.097	346.781	880.405	373.465
3661	7.32000	335.792	536.392	371.098	346.751	879.191	373.424
3662	7.32200	335.778	536.358	371.097	346.708	877.952	373.388
3663	7.32400	335.785	536.334	371.110	346.692	876.728	373.361
3664	7.32600	335.784	536.285	371.085	346.656	875.525	373.355
3665	7.32800	335.791	536.260	371.097	346.549	874.272	373.288
3666	7.33000	335.784	536.218	371.084	346.505	873.053	373.279
3667	7.33200	335.784	536.185	371.084	346.469	871.839	373.287
3668	7.33400	335.777	536.152	371.083	346.446	870.628	373.272
3669	7.33600	335.776	536.111	371.071	346.410	869.422	373.273
3670	7.33800	335.783	536.086	371.084	346.388	868.217	373.278
3671	7.34000	335.783	536.062	371.071	346.372	866.995	373.277
3672	7.34200	335.783	536.012	371.071	346.343	865.789	373.285
3673	7.34400	335.776	535.980	371.071	346.320	864.569	373.261
3674	7.34600	335.782	535.946	371.071	346.277	863.350	373.239
3675	7.34800	335.775	535.922	371.084	346.261	862.120	373.230
3676	7.35000	335.789	535.889	371.084	346.218	860.900	373.210
3677	7.35200	335.768	535.856	371.083	346.161	859.678	373.192
3678	7.35400	335.768	535.823	371.084	346.097	858.444	373.145
3679	7.35600	335.775	535.798	371.096	346.007	857.216	373.116
3680	7.35800	335.774	535.757	371.084	345.998	856.000	373.119
3681	7.36000	335.767	535.732	371.097	345.941	854.764	373.076
3682	7.36200	335.774	535.691	371.084	345.891	853.554	373.097
3683	7.36400	335.774	535.666	371.097	345.822	852.345	373.094
3684	7.36600	335.774	535.633	371.097	345.766	851.128	373.103
3685	7.36800	335.780	535.584	371.097	345.716	849.915	373.128
3686	7.37000	335.787	535.567	371.097	345.674	848.700	373.114
3687	7.37200	335.794	535.527	371.085	345.631	847.484	373.102
3688	7.37400	335.794	535.494	371.085	345.603	846.276	373.082
3689	7.37600	335.794	535.469	371.098	345.568	845.066	373.089
3690	7.37800	335.793	535.419	371.097	345.506	843.854	373.031
3691	7.38000	335.800	535.394	371.110	345.470	842.636	373.024
3692	7.38200	335.807	535.353	371.098	345.434	841.411	373.003
3693	7.38400	335.800	535.321	371.098	345.369	840.174	372.952
3694	7.38600	335.813	535.288	371.098	345.339	838.948	372.933
3695	7.38800	335.820	535.263	371.086	345.274	837.716	372.900
3696	7.39000	335.813	535.230	371.111	345.223	836.498	372.874
3697	7.39200	335.813	535.189	371.098	345.208	835.278	372.877
3698	7.39400	335.806	535.156	371.098	345.164	834.060	372.854
3699	7.39600	335.805	535.123	371.098	345.120	832.838	372.857
3700	7.39800	335.805	535.082	371.086	345.078	831.639	372.884
3701	7.40000	335.798	535.056	371.098	345.054	830.417	372.891
3702	7.40200	335.805	535.024	371.098	345.005	829.210	372.904
3703	7.40400	335.805	534.991	371.098	344.975	827.990	372.890
3704	7.40600	335.791	534.957	371.097	344.960	826.789	372.923
3705	7.40800	335.791	534.916	371.110	344.931	825.577	372.901
3706	7.41000	335.797	534.883	371.110	344.895	824.350	372.875
3707	7.41200	335.797	534.842	371.098	344.851	823.131	372.840
3708	7.41400	335.804	534.817	371.111	344.793	821.896	372.801
3709	7.41600	335.790	534.776	371.098	344.764	820.674	372.796
3710	7.41800	335.803	534.743	371.098	344.728	819.453	372.767
3711	7.42000	335.810	534.711	371.099	344.637	818.211	372.719
3712	7.42200	335.803	534.678	371.099	344.616	816.994	372.734
3713	7.42400	335.796	534.637	371.086	344.536	815.768	372.665
3714	7.42600	335.810	534.612	371.099	344.514	814.544	372.668
3715	7.42800	335.802	534.562	371.098	344.486	813.329	372.661
3716	7.43000	335.802	534.521	371.086	344.464	812.110	372.681
3717	7.43200	335.809	534.496	371.099	344.414	810.894	372.676
3718	7.43400	335.795	534.455	371.086	344.406	809.684	372.689
3719	7.43600	335.802	534.422	371.086	344.356	808.474	372.702
3720	7.43800	335.795	534.381	371.098	344.336	807.263	372.719
3721	7.44000	335.794	534.356	371.086	344.314	806.046	372.721
3722	7.44200	335.787	534.314	371.098	344.242	804.814	372.692
3723	7.44400	335.773	534.281	371.097	344.192	803.598	372.671
3724	7.44600	335.766	534.248	371.097	344.156	802.357	372.658
3725	7.44800	335.759	534.215	371.096	344.112	801.134	372.624
3726	7.45000	335.752	534.182	371.096	344.067	799.898	372.628
3727	7.45200	335.752	534.132	371.096	344.024	798.674	372.598
3728	7.45400	335.752	534.108	371.084	343.958	797.449	372.568
3729	7.45600	335.745	534.066	371.096	343.887	796.224	372.540
3730	7.45800	335.724	534.033	371.095	343.833	795.013	372.546
3731	7.46000	335.737	533.992	371.083	343.790	793.801	372.552
3732	7.46200	335.730	533.951	371.071	343.743	792.597	372.549
3733	7.46400	335.723	533.910	371.083	343.682	791.410	372.553
3734	7.46600	335.730	533.885	371.096	343.646	790.190	372.549
3735	7.46800	335.730	533.844	371.083	343.590	788.992	372.564
3736	7.47000	335.736	533.803	371.096	343.560	787.787	372.566
3737	7.47200	335.736	533.770	371.096	343.525	786.553	372.537
3738	7.47400	335.736	533.729	371.084	343.490	785.350	372.518
3739	7.47600	335.736	533.696	371.084	343.454	784.128	372.521
3740	7.47800	335.736	533.654	371.097	343.424	782.902	372.485
3741	7.48000	335.728	533.613	371.084	343.360	781.684	372.439
3742	7.48200	335.714	533.588	371.097	343.302	780.448	372.416
3743	7.48400	335.721	533.547	371.084	343.252	779.220	372.384
3744	7.48600	335.679	533.497	371.082	343.195	777.999	372.369
3745	7.48800	335.686	533.456	371.070	343.119	776.778	372.355
3746	7.49000	335.679	533.423	371.069	343.070	775.547	372.354
3747	7.49200	335.665	533.373	371.069	343.035	774.332	372.359
3748	7.49400	335.665	533.340	371.069	343.013	773.123	372.379
3749	7.49600	335.651	533.298	371.081	342.965	771.917	372.375
3750	7.49800	335.644	533.257	371.068	342.915	770.698	372.409
3751	7.50000	335.643	533.224	371.068	342.881	769.480	372.444
3752	7.50200	335.643	533.191	371.068	342.846	768.265	372.431
3753	7.50400	335.629	533.141	371.067	342.803	767.041	372.429
3754	7.50600	335.629	533.108	371.067	342.767	765.833	372.432
3755	7.50800	335.622	533.067	371.080	342.731	764.611	372.408
3756	7.51000	335.615	533.034	371.079	342.695	763.372	372.382
3757	7.51200	335.622	532.993	371.067	342.659	762.156	372.376
3758	7.51400	335.628	532.952	371.080	342.615	760.934	372.330
3759	7.51600	335.621	532.918	371.080	342.571	759.701	372.321
3760	7.51800	335.621	532.869	371.080	342.521	758.470	372.290
3761	7.52000	335.635	532.844	371.068	342.484	757.239	372.260
3762	7.52200	335.627	532.795	371.068	342.468	756.005	372.257
3763	7.52400	335.641	532.754	371.081	342.440	754.789	372.235
3764	7.52600	335.648	532.721	371.082	342.397	753.571	372.238
3765	7.52800	335.647	532.680	371.070	342.381	752.352	372.244
3766	7.53000	335.654	532.639	371.082	342.332	751.149	372.254
3767	7.53200	335.661	532.597	371.095	342.310	749.930	372.263
3768	7.53400	335.654	532.573	371.082	342.281	748.726	372.276
3769	7.53600	335.667	532.532	371.096	342.260	747.516	372.277
3770	7.53800	335.660	532.499	371.096	342.217	746.305	372.279
3771	7.54000	335.653	532.457	371.108	342.187	745.086	372.267
3772	7.54200	335.667	532.424	371.109	342.158	743.860	372.243
3773	7.54400	335.667	532.391	371.108	342.124	742.660	372.214
3774	7.54600	335.667	532.342	371.109	342.094	741.431	372.219
3775	7.54800	335.666	532.309	371.109	342.040	740.221	372.203
3776	7.55000	335.659	532.267	371.121	341.954	738.989	372.144
3777	7.55200	335.707	532.244	371.137	341.926	737.761	372.129
3778	7.55400	335.707	532.211	371.137	341.905	736.541	372.129
3779	7.55600	335.707	532.170	371.150	341.863	735.314	372.117
3780	7.55800	335.721	532.129	371.138	341.821	734.102	372.108
3781	7.56000	335.714	532.087	371.150	341.727	732.908	372.081
3782	7.56200	335.734	532.047	371.139	341.667	731.694	372.103
3783	7.56400	335.720	531.997	371.139	341.640	730.488	372.114
3784	7.56600	335.720	531.964	371.139	341.585	729.275	372.112
3785	7.56800	335.719	531.915	371.140	341.558	728.069	372.127
3786	7.57000	335.733	531.874	371.128	341.536	726.854	372.152
3787	7.57200	335.740	531.824	371.128	341.515	725.649	372.144
3788	7.57400	335.739	531.792	371.129	341.460	724.435	372.148
3789	7.57600	335.753	531.751	371.116	341.424	723.207	372.125
3790	7.57800	335.739	531.709	371.129	341.382	721.978	372.103
3791	7.58000	335.739	531.660	371.129	341.340	720.756	372.097
3792	7.58200	335.745	531.618	371.142	341.303	719.526	372.077
3793	7.58400	335.745	531.585	371.142	341.254	718.303	372.074
3794	7.58600	335.738	531.552	371.142	341.218	717.082	372.047
3795	7.58800	335.745	531.511	371.155	341.161	715.844	372.017
3796	7.59000	335.738	531.470	371.142	341.102	714.613	372.002
3797	7.59200	335.737	531.437	371.143	341.060	713.406	372.007
3798	7.59400	335.737	531.395	371.155	341.017	712.182	372.011
3799	7.59600	335.723	531.354	371.142	340.987	710.981	372.033
3800	7.59800	335.730	531.313	371.155	340.959	709.764	372.055
3801	7.60000	335.723	531.288	371.142	340.931	708.555	372.067
3802	7.60200	335.723	531.230	371.154	340.909	707.339	372.066
3803	7.60400	335.716	531.205	371.141	340.874	706.130	372.080
3804	7.60600	335.709	531.164	371.154	340.853	704.916	372.058
3805	7.60800	335.708	531.106	371.141	340.810	703.708	372.050
3806	7.61000	335.701	531.073	371.142	340.774	702.483	372.040
3807	7.61200	335.694	531.024	371.141	340.731	701.261	372.007
3808	7.61400	335.673	530.982	371.128	340.688	700.029	371.987
3809	7.61600	335.673	530.933	371.128	340.659	698.805	371.957
3810	7.61800	335.624	530.874	371.088	340.566	697.573	371.911
3811	7.62000	335.617	530.833	371.075	340.517	696.341	371.896
3812	7.62200	335.603	530.783	371.075	340.473	695.116	371.870
3813	7.62400	335.610	530.742	371.088	340.445	693.908	371.849
3814	7.62600	335.602	530.701	371.075	340.389	692.689	371.866
3815	7.62800	335.602	530.659	371.088	340.347	691.478	371.898
3816	7.63000	335.602	530.610	371.063	340.305	690.267	371.907
3817	7.63200	335.588	530.577	371.063	340.250	689.048	371.929
3818	7.63400	335.594	530.528	371.063	340.203	687.838	371.942
3819	7.63600	335.581	530.486	371.076	340.181	686.627	371.955
3820	7.63800	335.580	530.445	371.064	340.125	685.417	371.944
3821	7.64000	335.573	530.412	371.063	340.077	684.198	371.947
3822	7.64200	335.573	530.371	371.076	340.008	682.965	371.923
3823	7.64400	335.566	530.329	371.063	339.938	681.754	371.917
3824	7.64600	335.538	530.296	371.063	339.848	680.529	371.884
3825	7.64800	335.517	530.254	371.074	339.777	679.294	371.864
3826	7.65000	335.552	530.222	371.076	339.695	678.093	371.827
3827	7.65200	335.538	530.172	371.075	339.653	676.875	371.813
3828	7.65400	335.517	530.122	371.074	339.612	675.665	371.790
3829	7.65600	335.503	530.089	371.074	339.576	674.453	371.793
3830	7.65800	335.496	530.056	371.073	339.555	673.234	371.783
3831	7.66000	335.509	530.015	371.087	339.506	672.029	371.803
3832	7.66200	335.516	529.965	371.088	339.477	670.817	371.810
3833	7.66400	335.509	529.932	371.088	339.436	669.612	371.832
3834	7.66600	335.502	529.891	371.100	339.407	668.398	371.867
3835	7.66800	335.495	529.849	371.087	339.372	667.186	371.854
3836	7.67000	335.501	529.808	371.100	339.330	665.975	371.842
3837	7.67200	335.494	529.775	371.101	339.288	664.754	371.843
3838	7.67400	335.494	529.726	371.101	339.266	663.533	371.845
3839	7.67600	335.487	529.676	371.101	339.231	662.322	371.813
3840	7.67800	335.480	529.644	371.101	339.167	661.094	371.778
3841	7.68000	335.473	529.610	371.101	339.110	659.857	371.756
3842	7.68200	335.466	529.561	371.102	339.081	658.628	371.751
3843	7.68400	335.472	529.512	371.102	339.040	657.424	371.738
3844	7.68600	335.465	529.479	371.102	339.004	656.203	371.725
3845	7.68800	335.472	529.437	371.090	338.983	654.982	371.713
3846	7.69000	335.471	529.388	371.091	338.969	653.752	371.715
3847	7.69200	335.464	529.355	371.090	338.934	652.547	371.708
3848	7.69400	335.471	529.314	371.104	338.913	651.341	371.728
3849	7.69600	335.471	529.273	371.091	338.885	650.127	371.736
3850	7.69800	335.478	529.232	371.105	338.857	648.912	371.745
3851	7.70000	335.484	529.191	371.093	338.836	647.715	371.758
3852	7.70200	335.477	529.141	371.093	338.815	646.500	371.770
3853	7.70400	335.477	529.100	371.080	338.787	645.294	371.773
3854	7.70600	335.490	529.050	371.081	338.773	644.064	371.761
3855	7.70800	335.476	529.009	371.093	338.752	642.859	371.741
3856	7.71000	335.476	528.976	371.093	338.703	641.637	371.720
3857	7.71200	335.476	528.926	371.093	338.668	640.406	371.713
3858	7.71400	335.476	528.885	371.081	338.626	639.176	371.707
3859	7.71600	335.482	528.852	371.082	338.591	637.970	371.693
3860	7.71800	335.489	528.803	371.082	338.506	636.731	371.649
3861	7.72000	335.489	528.770	371.082	338.443	635.501	371.622
3862	7.72200	335.489	528.720	371.082	338.394	634.269	371.622
3863	7.72400	335.488	528.679	371.096	338.380	633.062	371.613
3864	7.72600	335.488	528.646	371.096	338.338	631.854	371.632
3865	7.72800	335.481	528.605	371.083	338.297	630.638	371.664
3866	7.73000	335.481	528.564	371.096	338.249	629.421	371.698
3867	7.73200	335.487	528.514	371.097	338.228	628.213	371.720
3868	7.73400	335.473	528.481	371.097	338.194	627.006	371.720
3869	7.73600	335.487	528.440	371.084	338.159	625.790	371.733
3870	7.73800	335.480	528.391	371.085	338.138	624.566	371.734
3871	7.74000	335.473	528.341	371.086	338.110	623.358	371.738
3872	7.74200	335.473	528.300	371.098	338.076	622.151	371.718
3873	7.74400	335.472	528.259	371.086	338.048	620.936	371.711
3874	7.74600	335.479	528.218	371.074	337.999	619.703	371.704
3875	7.74800	335.479	528.176	371.087	337.970	618.470	371.698
3876	7.75000	335.478	528.119	371.074	337.935	617.255	371.670
3877	7.75200	335.457	527.953	371.075	337.900	616.154	371.653
3878	7.75400	335.447	527.459	371.078	337.916	615.373	371.652
3879	7.75600	335.353	526.567	371.108	337.914	615.003	371.659
3880	7.75800	335.278	525.405	371.132	337.927	614.895	371.689
3881	7.76000	335.084	524.221	371.124	337.963	614.820	371.748
3882	7.76200	335.043	523.025	371.126	337.990	614.754	371.768
3883	7.76400	334.996	521.838	371.166	338.039	614.671	371.789
3884	7.76600	334.941	520.658	371.169	338.059	614.598	371.771
3885	7.76800	334.900	519.462	371.174	338.106	614.542	371.728
3886	7.77000	334.852	518.275	371.168	338.133	614.461	371.697
3887	7.77200	334.777	517.086	371.135	338.132	614.388	371.653
3888	7.77400	334.743	515.890	371.120	338.145	614.315	371.635
3889	7.77600	334.716	514.719	371.093	338.158	614.234	371.603
3890	7.77800	334.641	513.531	371.040	338.158	614.176	371.611
3891	7.78000	334.621	512.351	371.054	338.144	614.101	371.643
3892	7.78200	334.580	511.172	371.069	338.137	614.035	371.663
3893	7.78400	334.553	510.009	371.085	338.116	613.968	371.682
3894	7.78600	334.533	508.829	371.102	338.102	613.894	371.688
3895	7.78800	334.500	507.674	371.132	338.074	613.827	371.707
3896	7.79000	334.514	506.487	371.118	338.046	613.745	371.700
3897	7.79200	334.481	505.307	371.114	338.025	613.670	371.733
3898	7.79400	334.454	504.128	371.112	338.011	613.605	371.727
3899	7.79600	334.441	502.948	371.111	337.983	613.523	371.720
3900	7.79800	334.441	501.769	371.113	337.968	613.441	371.713
3901	7.80000	334.435	500.590	371.117	337.968	613.383	371.720
3902	7.80200	334.422	499.393	371.096	337.946	613.309	371.701
3903	7.80400	334.409	498.197	371.077	337.925	613.243	371.696
3904	7.80600	334.395	496.993	371.047	337.875	613.162	371.662
3905	7.80800	334.382	495.780	371.056	337.832	613.079	371.653
3906	7.81000	334.426	494.575	371.078	337.804	613.013	371.646
3907	7.81200	334.399	493.387	371.077	337.769	612.947	371.640
3908	7.81400	334.407	492.191	371.064	337.741	612.872	371.645
3909	7.81600	334.319	490.993	371.050	337.719	612.814	371.653
3910	7.81800	334.326	489.806	371.054	337.705	612.740	371.659
3911	7.82000	334.300	488.634	371.082	337.691	612.674	371.653
3912	7.82200	334.260	487.454	371.074	337.656	612.608	371.647
3913	7.82400	334.241	486.291	371.093	337.622	612.560	371.645
3914	7.82600	334.201	485.127	371.112	337.594	612.494	371.639
3915	7.82800	334.161	483.948	371.134	337.573	612.429	371.635
3916	7.83000	334.154	482.777	371.121	337.498	612.398	371.608
3917	7.83200	334.128	481.597	371.095	337.491	612.340	371.616
3918	7.83400	334.081	480.434	371.095	337.464	612.282	371.625
3919	7.83600	334.047	479.246	371.111	337.443	612.217	371.620
3920	7.83800	334.020	478.067	371.116	337.422	612.168	371.616
3921	7.84000	333.987	476.880	371.109	337.408	612.117	371.637
3922	7.84200	333.933	475.700	371.116	337.394	612.052	371.632
3923	7.84400	333.814	474.538	371.049	337.380	612.003	371.628
3924	7.84600	333.767	473.333	371.023	337.366	611.945	371.636
3925	7.84800	333.726	472.162	371.021	337.373	611.887	371.645
3926	7.85000	333.700	470.983	371.034	337.365	611.822	371.640
3927	7.85200	333.612	469.802	371.020	337.358	611.764	371.647
3928	7.85400	333.565	468.623	371.035	337.364	611.698	371.642
3929	7.85600	333.477	467.450	371.036	337.378	611.632	371.662
3930	7.85800	333.458	466.288	371.054	337.391	611.566	371.657
3931	7.86000	333.404	465.101	371.086	337.412	611.501	371.652
3932	7.86200	333.350	463.938	371.106	337.425	611.419	371.646
3933	7.86400	333.260	462.743	371.130	337.424	611.353	371.640
3934	7.86600	333.156	461.565	371.156	337.437	611.287	371.636
3935	7.86800	333.096	460.376	371.142	337.430	611.213	371.642
3936	7.87000	333.016	459.170	371.104	337.443	611.140	371.624
3937	7.87200	332.949	457.974	371.106	337.449	611.082	371.631
3938	7.87400	332.922	456.786	371.098	337.470	611.007	371.638
3939	7.87600	332.842	455.605	371.076	337.483	610.933	371.645
3940	7.87800	332.802	454.417	371.071	337.496	610.867	371.639
3941	7.88000	332.782	453.222	371.056	337.543	610.775	371.668
3942	7.88200	332.749	452.051	371.053	337.563	610.709	371.663
3943	7.88400	332.716	450.880	371.076	337.617	610.635	371.670
3944	7.88600	332.683	449.709	371.100	337.644	610.577	371.679
3945	7.88800	332.644	448.538	371.100	337.665	610.512	371.675
3946	7.89000	332.576	447.351	371.103	337.678	610.446	371.670
3947	7.89200	332.516	446.163	371.107	337.685	610.381	371.665
3948	7.89400	332.415	444.991	371.109	337.698	610.315	371.660
3949	7.89600	332.332	443.813	371.105	337.705	610.250	371.656
3950	7.89800	332.287	442.632	371.099	337.705	610.185	371.652
3951	7.90000	332.147	441.479	371.058	337.711	610.128	371.634
3952	7.90200	332.120	440.292	371.045	337.725	610.054	371.642
3953	7.90400	332.100	439.105	371.034	337.739	609.988	371.638
3954	7.90600	332.060	437.918	371.049	337.738	609.923	371.633
3955	7.90800	332.048	436.731	371.066	337.731	609.857	371.628
3956	7.91000	331.972	435.537	371.073	337.737	609.791	371.623
3957	7.91200	331.917	434.359	371.080	337.744	609.726	371.618
3958	7.91400	331.926	433.179	371.061	337.736	609.668	371.626
3959	7.91600	331.828	431.978	371.088	337.749	609.593	371.632
3960	7.91800	331.810	430.798	371.071	337.756	609.528	371.628
3961	7.92000	331.842	429.626	371.067	337.756	609.470	371.636
3962	7.92200	331.745	428.449	371.081	337.748	609.396	371.643
3963	7.92400	331.725	427.279	371.082	337.755	609.347	371.639
3964	7.92600	331.706	426.110	371.110	337.748	609.281	371.634
3965	7.92800	331.647	424.906	371.140	337.747	609.215	371.629
3966	7.93000	331.613	423.728	371.134	337.747	609.158	371.638
3967	7.93200	331.602	422.549	371.128	337.747	609.084	371.645
3968	7.93400	331.583	421.363	371.138	337.740	609.027	371.628
3969	7.93600	331.516	420.175	371.121	337.739	608.952	371.635
3970	7.93800	331.535	418.979	371.170	337.718	608.894	371.642
3971	7.94000	331.565	417.769	371.175	337.718	608.829	371.638
3972	7.94200	331.545	416.582	371.165	337.718	608.763	371.633
3973	7.94400	331.526	415.387	371.146	337.703	608.689	371.640
3974	7.94600	331.527	414.209	371.150	337.689	608.623	371.634
3975	7.94800	331.508	413.023	371.145	337.688	608.549	371.641
3976	7.95000	331.489	411.837	371.141	337.674	608.483	371.636
3977	7.95200	331.490	410.651	371.139	337.674	608.425	371.644
3978	7.95400	331.499	409.473	371.149	337.660	608.360	371.639
3979	7.95600	331.480	408.297	371.186	337.645	608.302	371.647
3980	7.95800	331.475	407.119	371.200	337.638	608.228	371.654
3981	7.96000	331.463	405.959	371.213	337.611	608.179	371.651
3982	7.96200	331.443	404.782	371.229	337.583	608.121	371.660
3983	7.96400	331.437	403.613	371.233	337.569	608.063	371.668
3984	7.96600	331.418	402.436	371.252	337.548	607.990	371.650
3985	7.96800	331.393	401.266	371.232	337.527	607.948	371.659
3986	7.97000	331.347	400.071	371.205	337.472	607.900	371.631
3987	7.97200	331.328	398.893	371.202	337.445	607.842	371.639
3988	7.97400	331.249	397.697	371.175	337.438	607.785	371.647
3989	7.97600	331.218	396.511	371.188	337.416	607.703	371.641
3990	7.97800	331.152	395.324	371.175	337.402	607.645	371.649
3991	7.98000	331.107	394.146	371.177	337.381	607.588	371.632
3992	7.98200	331.061	392.960	371.169	337.374	607.521	371.651
3993	7.98400	331.002	391.774	371.162	337.346	607.455	371.646
3994	7.98600	330.970	390.597	371.169	337.338	607.390	371.642
3995	7.98800	330.950	389.412	371.167	337.324	607.316	371.623
3996	7.99000	330.917	388.245	371.189	337.296	607.242	371.630
3997	7.99200	330.854	387.085	371.174	337.268	607.169	371.613
3998	7.99400	330.729	385.915	371.122	337.268	607.103	371.608
3999	7.99600	330.682	384.730	371.125	337.247	607.021	371.602
4000	7.99800	330.596	383.543	371.101	337.253	606.948	371.584
4001	8.00000	330.522	382.374	371.078	337.233	606.890	371.593
4002	8.00200	330.472	381.196	371.093	337.239	606.808	371.587
4003	8.00400	330.406	380.037	371.110	337.239	606.743	371.582
4004	8.00600	330.360	378.859	371.104	337.245	606.685	371.590
4005	8.00800	330.302	377.682	371.100	337.245	606.610	371.597
4006	8.01000	330.283	376.489	371.101	337.278	606.544	371.592
4007	8.01200	330.243	375.297	371.104	337.277	606.479	371.587
4008	8.01400	330.197	374.095	371.096	337.291	606.421	371.595
4009	8.01600	330.122	372.902	371.076	337.304	606.346	371.602
4010	8.01800	330.030	371.716	371.066	337.304	606.281	371.597
4011	8.02000	329.872	370.510	371.127	337.324	606.223	371.606
4012	8.02200	329.832	369.335	371.134	337.324	606.157	371.601
4013	8.02400	329.800	368.168	371.153	337.330	606.083	371.608
4014	8.02600	329.770	367.000	371.173	337.350	606.017	371.603
4015	8.02800	329.698	365.858	371.202	337.370	605.943	371.611
4016	8.03000	329.647	364.682	371.212	337.391	605.885	371.619
4017	8.03200	329.643	363.515	371.212	337.404	605.811	371.627
4018	8.03400	329.605	362.314	371.218	337.451	605.711	371.644
4019	8.03600	329.587	361.129	371.198	337.465	605.645	371.664
4020	8.03800	329.508	359.944	371.177	337.471	605.571	371.646
4021	8.04000	329.484	358.751	371.173	337.491	605.497	371.653
4022	8.04200	329.452	357.568	371.182	337.498	605.432	371.649
4023	8.04400	329.386	356.385	371.192	337.504	605.357	371.656
4024	8.04600	329.376	355.200	371.179	337.517	605.292	371.652
4025	8.04800	329.355	354.017	371.168	337.517	605.226	371.647
4026	8.05000	329.351	352.834	371.158	337.530	605.152	371.654
4027	8.05200	329.318	351.652	371.175	337.550	605.077	371.661
4028	8.05400	329.307	350.494	371.176	337.550	605.012	371.657
4029	8.05600	329.295	349.319	371.181	337.556	604.946	371.653
4030	8.05800	329.270	348.138	371.202	337.570	604.872	371.660
4031	8.06000	329.218	346.988	371.217	337.570	604.807	371.657
4032	8.06200	329.180	345.816	371.251	337.569	604.741	371.652
4033	8.06400	329.148	344.648	371.222	337.576	604.667	371.659
4034	8.06600	329.103	343.458	371.236	337.568	604.601	371.654
4035	8.06800	329.058	342.273	371.212	337.575	604.535	371.649
4036	8.07000	329.054	341.091	371.216	337.560	604.469	371.644
4037	8.07200	329.028	339.908	371.196	337.560	604.395	371.651
4038	8.07400	328.995	338.702	371.194	337.566	604.329	371.647
4039	8.07600	328.944	337.510	371.190	337.559	604.272	371.655
4040	8.07800	328.941	336.320	371.188	337.565	604.198	371.637
4041	8.08000	328.908	335.137	371.173	337.565	604.124	371.645
4042	8.08200	328.884	333.954	371.159	337.558	604.058	371.640
4043	8.08400	328.865	332.772	371.147	337.558	603.993	371.636
4044	8.08600	328.847	331.583	371.151	337.557	603.927	371.631
4045	8.08800	328.842	330.401	371.143	337.564	603.853	371.639
4046	8.09000	328.817	329.230	371.172	337.564	603.787	371.635
4047	8.09200	328.812	328.050	371.191	337.564	603.713	371.643
4048	8.09400	328.787	326.877	371.197	337.570	603.648	371.638
4049	8.09600	328.781	325.705	371.206	337.563	603.582	371.634
4050	8.09800	328.756	324.542	371.226	337.548	603.508	371.640
4051	8.10000	328.730	323.363	371.250	337.541	603.442	371.636
4052	8.10200	328.733	322.182	371.251	337.534	603.384	371.645
4053	8.10400	328.729	321.016	371.224	337.499	603.319	371.640
4054	8.10600	328.703	319.845	371.239	337.486	603.261	371.649
4055	8.10800	328.680	318.664	371.243	337.465	603.196	371.644
4056	8.11000	328.647	317.474	371.212	337.437	603.138	371.653
4057	8.11200	328.589	316.284	371.207	337.382	603.090	371.625
4058	8.11400	328.541	315.103	371.213	337.361	603.033	371.609
4059	8.11600	328.418	313.903	371.197	337.347	602.966	371.629
4060	8.11800	328.379	312.715	371.197	337.340	602.901	371.624
4061	8.12000	328.335	311.542	371.195	337.312	602.835	371.620
4062	8.12200	328.303	310.355	371.198	337.291	602.769	371.615
4063	8.12400	328.270	309.176	371.214	337.284	602.704	371.611
4064	8.12600	328.251	308.007	371.243	337.262	602.629	371.618
4065	8.12800	328.226	306.829	371.261	337.255	602.564	371.613
4066	8.13000	328.186	305.653	371.307	337.234	602.482	371.607
4067	8.13200	328.094	304.455	371.375	337.213	602.416	371.603
4068	8.13400	328.061	303.300	371.354	337.192	602.342	371.611
4069	8.13600	328.037	302.113	371.367	337.164	602.268	371.618
4070	8.13800	327.979	300.924	371.354	337.136	602.202	371.613
4071	8.14000	327.929	299.752	371.339	337.129	602.128	371.595
4072	8.14200	327.822	298.570	371.336	337.115	602.054	371.602
4073	8.14400	327.749	297.380	371.325	337.114	601.980	371.611
4074	8.14600	327.695	296.202	371.331	337.100	601.914	371.606
4075	8.14800	327.664	295.015	371.327	337.100	601.849	371.601
4076	8.15000	327.668	293.844	371.320	337.092	601.774	371.608
4077	8.15200	327.627	292.659	371.319	337.085	601.700	371.615
4078	8.15400	327.625	291.480	371.330	337.078	601.634	371.611
4079	8.15600	327.579	290.309	371.301	337.077	601.560	371.618
4080	8.15800	327.522	289.122	371.303	337.077	601.478	371.612
4081	8.16000	327.443	287.952	371.301	337.062	601.412	371.607
4082	8.16200	327.266	286.805	371.281	337.069	601.354	371.616
4083	8.16400	327.169	285.643	371.292	337.075	601.288	371.612
4084	8.16600	327.099	284.496	371.275	337.068	601.206	371.606
4085	8.16800	327.060	283.320	371.296	337.060	601.148	371.614
4086	8.17000	327.020	282.150	371.277	337.046	601.066	371.608
4087	8.17200	327.009	280.966	371.290	337.073	601.009	371.591
4088	8.17400	326.984	279.789	371.289	337.072	600.934	371.598
4089	8.17600	326.969	278.588	371.307	337.092	600.868	371.594
4090	8.17800	326.911	277.402	371.297	337.112	600.794	371.601
4091	8.18000	326.783	276.200	371.292	337.105	600.720	371.583
4092	8.18200	326.680	275.002	371.316	337.160	600.654	371.606
4093	8.18400	326.564	273.817	371.333	337.159	600.572	371.600
4094	8.18600	326.544	272.646	371.323	337.173	600.498	371.608
4095	8.18800	326.481	271.451	371.308	337.193	600.424	371.590
4096	8.19000	326.499	270.274	371.292	337.213	600.359	371.587
4097	8.19200	326.481	269.115	371.300	337.213	600.293	371.582
4098	8.19400	326.472	267.933	371.327	337.212	600.220	371.564
4099	8.19600	326.424	266.759	371.342	337.212	600.154	371.560
4100	8.19800	326.422	265.591	371.342	337.225	600.089	371.556
4101	8.20000	326.392	264.394	371.378	337.225	600.031	371.540
4102	8.20200	326.345	263.225	371.355	337.245	599.957	371.548
4103	8.20400	326.299	262.032	371.351	337.237	599.900	371.531
4104	8.20600	326.231	260.870	371.315	337.244	599.842	371.540
4105	8.20800	326.224	259.694	371.311	337.251	599.776	371.536
4106	8.21000	326.182	258.520	371.333	337.250	599.711	371.531
4107	8.21200	326.155	257.344	371.330	337.250	599.653	371.540
4108	8.21400	326.106	256.178	371.340	337.243	599.579	371.548
4109	8.21600	326.103	254.994	371.331	337.236	599.513	371.544
4110	8.21800	326.068	253.824	371.292	337.235	599.439	371.552
4111	8.22000	326.064	252.656	371.281	337.256	599.381	371.561
4112	8.22200	326.022	251.461	371.308	337.256	599.299	371.557
4113	8.22400	326.027	250.271	371.320	337.241	599.225	371.564
4114	8.22600	326.021	249.108	371.340	337.241	599.151	371.572
4115	8.22800	326.020	247.935	371.350	337.241	599.077	371.580
4116	8.23000	325.996	246.763	371.362	337.233	599.003	371.563
4117	8.23200	326.013	245.613	371.354	337.240	598.929	371.571
4118	8.23400	325.988	244.428	371.400	337.240	598.864	371.567
4119	8.23600	325.953	243.251	371.362	337.239	598.789	371.574
4120	8.23800	325.916	242.081	371.381	337.239	598.715	371.582
4121	8.24000	325.897	240.918	371.317	337.232	598.657	371.591
4122	8.24200	325.866	239.713	371.343	337.231	598.584	371.573
4123	8.24400	325.836	238.540	371.338	337.245	598.526	371.582
4124	8.24600	325.810	237.351	371.339	337.237	598.460	371.578
4125	8.24800	325.782	236.162	371.340	337.237	598.394	371.574
4126	8.25000	325.765	234.989	371.339	337.229	598.328	371.569
4127	8.25200	325.779	233.818	371.271	337.229	598.263	371.566
4128	8.25400	325.754	232.633	371.304	337.215	598.189	371.548
4129	8.25600	325.738	231.459	371.281	337.201	598.132	371.557
4130	8.25800	325.670	230.260	371.347	337.200	598.050	371.552
4131	8.26000	325.704	229.121	371.274	337.193	597.984	371.547
4132	8.26200	325.666	227.963	371.249	337.165	597.901	371.541
4133	8.26400	325.651	226.805	371.226	337.164	597.827	371.549
4134	8.26600	325.648	225.635	371.236	337.150	597.753	371.531
4135	8.26800	326.606	224.441	371.233	337.135	597.679	371.538
4136	8.27000	325.570	223.300	371.219	337.107	597.605	371.519
4137	8.27200	326.499	222.075	371.228	337.106	597.523	371.514
4138	8.27400	325.451	220.917	371.219	337.099	597.449	371.523
4139	8.27600	325.511	219.731	371.240	337.085	597.383	371.518
4140	8.27800	325.435	218.561	371.233	337.084	597.301	371.513
4141	8.28000	326.325	217.360	371.158	337.057	597.235	371.509
4142	8.28200	326.273	216.179	371.210	337.057	597.161	371.517
4143	8.28400	326.265	215.012	371.164	337.056	597.095	371.513
4144	8.28600	326.238	213.820	371.183	337.029	597.021	371.521
4145	8.28800	326.219	212.650	371.182	337.042	596.964	371.505
4146	8.29000	326.164	211.439	371.250	337.014	596.890	371.513
4147	8.29200	326.105	210.282	371.218	337.020	596.824	371.508
4148	8.29400	326.056	209.116	371.247	337.006	596.759	371.504
4149	8.29600	325.975	207.935	371.214	337.013	596.693	371.500
4150	8.29800	325.896	206.735	371.298	337.019	596.618	371.507
4151	8.30000	325.842	205.559	371.319	337.011	596.544	371.515
4152	8.30200	325.810	204.400	371.268	337.011	596.478	371.511
4153	8.30400	325.740	203.217	371.352	337.003	596.404	371.518
4154	8.30600	325.667	202.062	371.329	336.996	596.338	371.514
4155	8.30800	325.639	200.873	371.362	336.982	596.264	371.522
4156	8.31000	325.601	199.726	371.328	336.995	596.181	371.517
4157	8.31200	325.543	198.569	371.285	336.988	596.116	371.514
4158	8.31400	325.487	197.381	371.321	336.967	596.042	371.521
4159	8.31600	325.432	196.206	371.329	336.960	595.968	371.503
4160	8.31800	325.380	195.031	371.267	336.966	595.894	371.512
4161	8.32000	325.342	193.844	371.240	336.959	595.828	371.508
4162	8.32200	325.258	192.647	371.203	336.959	595.754	371.516
4163	8.32400	325.215	191.474	371.147	336.951	595.680	371.524
4164	8.32600	325.114	190.294	371.176	336.937	595.614	371.519
4165	8.32800	325.049	189.099	371.213	336.944	595.540	371.527
4166	8.33000	325.057	187.948	371.207	336.950	595.465	371.536
4167	8.33200	325.024	186.810	371.171	336.943	595.400	371.532
4168	8.33400	324.991	185.631	371.206	336.943	595.326	371.540
4169	8.33600	324.949	184.517	371.176	336.928	595.260	371.536
4170	8.33800	324.867	183.321	371.193	336.921	595.185	371.543
4171	8.34000	324.770	182.130	371.194	336.927	595.120	371.539
4172	8.34200	324.698	180.936	371.239	336.941	595.038	371.535
4173	8.34400	324.635	179.750	371.201	336.920	594.972	371.531
4174	8.34600	324.588	178.597	371.180	336.919	594.898	371.539
4175	8.34800	324.533	177.431	371.166	336.919	594.832	371.534
4176	8.35000	324.467	176.234	371.234	336.925	594.757	371.542
4177	8.35200	324.418	175.060	371.214	336.945	594.684	371.524
4178	8.35400	324.349	173.854	371.274	336.938	594.609	371.533
4179	8.35600	324.349	172.688	371.266	336.951	594.543	371.527
4180	8.35800	324.169	171.475	371.320	336.943	594.469	371.535
4181	8.36000	324.178	170.315	371.228	336.943	594.387	371.530
4182	8.36200	324.069	169.118	371.234	336.956	594.321	371.525
4183	8.36400	324.008	167.922	371.242	336.962	594.247	371.509
4184	8.36600	323.962	166.737	371.331	336.976	594.173	371.517
4185	8.36800	323.972	165.601	371.224	336.962	594.107	371.513
4186	8.37000	323.954	164.445	371.234	336.948	594.033	371.522
4187	8.37200	323.898	163.289	371.220	336.933	593.951	371.517
4188	8.37400	323.879	162.127	371.223	336.954	593.885	371.513
4189	8.37600	323.862	160.938	371.268	336.933	593.819	371.535
4190	8.37800	323.861	159.785	371.216	336.932	593.753	371.530
4191	8.38000	323.817	158.593	371.236	336.911	593.679	371.538
4192	8.38200	323.819	157.431	371.176	336.911	593.604	371.546
4193	8.38400	323.753	156.228	371.232	336.897	593.547	371.555
4194	8.38600	323.684	155.040	371.282	336.897	593.472	371.564
4195	8.38800	323.623	153.848	371.238	336.889	593.414	371.572
4196	8.39000	323.613	152.689	371.139	336.875	593.340	371.580
4197	8.39200	323.548	151.494	371.140	336.868	593.274	371.576
4198	8.39400	323.484	150.281	371.235	336.861	593.200	371.584
4199	8.39600	323.447	149.109	371.217	336.867	593.126	371.593
4200	8.39800	323.430	147.952	371.193	336.853	593.053	371.577
4201	8.40000	323.387	146.780	371.290	336.853	592.978	371.585
4202	8.40200	323.344	145.625	371.270	336.859	592.904	371.594
4203	8.40400	323.362	144.498	371.212	336.845	592.831	371.576
4204	8.40600	323.384	143.325	371.242	336.859	592.757	371.586
4205	8.40800	323.367	142.154	371.276	336.851	592.674	371.580
4206	8.41000	323.351	140.968	371.317	336.851	592.592	371.576
4207	8.41200	323.314	139.793	371.327	336.850	592.510	371.571
4208	8.41400	323.246	138.579	371.453	336.843	592.419	371.578
4209	8.41600	323.251	137.455	371.290	336.842	592.346	371.561
4210	8.41800	323.231	136.285	371.262	336.849	592.272	371.570
4211	8.42000	323.187	135.034	371.421	336.835	592.189	371.590
4212	8.42200	323.156	133.840	371.460	336.821	592.115	371.573
4213	8.42400	323.022	132.650	371.458	336.828	592.040	371.607
4214	8.42600	323.018	131.494	371.357	336.827	591.975	371.603
4215	8.42800	322.983	130.355	371.208	336.806	591.901	371.612
4216	8.43000	322.971	129.191	371.168	336.799	591.819	371.607
4217	8.43200	322.740	127.956	371.346	336.785	591.744	371.615
4218	8.43400	322.748	126.793	371.335	336.778	591.679	371.612
4219	8.43600	322.732	125.639	371.354	336.777	591.596	371.607
4220	8.43800	322.666	124.476	371.364	336.756	591.531	371.603
4221	8.44000	322.528	123.252	371.559	336.762	591.456	371.611
4222	8.44200	322.636	122.051	371.670	336.755	591.382	371.620
4223	8.44400	322.598	120.981	371.419	336.748	591.300	371.615
4224	8.44600	322.536	119.805	371.441	336.734	591.234	371.611
4225	8.44800	322.533	118.681	371.271	336.726	591.152	371.606
4226	8.45000	322.481	117.479	371.292	336.719	591.078	371.614
4227	8.45200	322.402	116.348	371.070	336.718	590.995	371.609
4228	8.45400	322.267	115.146	371.137	336.725	590.913	371.605
4229	8.45600	322.066	113.856	371.475	336.717	590.831	371.600
4230	8.45800	321.970	112.650	371.520	336.717	590.757	371.609
4231	8.46000	322.055	111.503	371.378	336.723	590.667	371.591
4232	8.46200	322.108	110.386	371.198	336.737	590.602	371.589
4233	8.46400	321.994	109.165	371.341	336.743	590.511	371.596
4234	8.46600	321.846	108.064	371.135	336.750	590.437	371.579
