NO_OF_FRAMES	2449
NO_OF_CAMERAS	2
NO_OF_MARKERS	1
FREQUENCY	500
NO_OF_ANALOG	0
ANALOG_FREQUENCY	0
DESCRIPTION	--
TIME_STAMP	2024-10-19, 17:52:42.296	776896.73760620
DATA_INCLUDED	3D
MARKER_NAMES	h62-9g
TRAJECTORY_TYPES	Mixed
952	1.90200	351.777	1019.495	375.738
953	1.90400	351.744	1019.107	375.745
954	1.90600	351.738	1018.738	375.822
955	1.90800	351.743	1018.336	375.781
956	1.91000	351.713	1017.948	375.789
957	1.91200	351.685	1017.532	375.738
958	1.91400	351.649	1017.158	375.798
959	1.91600	351.667	1016.722	375.682
960	1.91800	351.642	1016.343	375.726
961	1.92000	351.610	1015.960	375.753
962	1.92200	351.614	1015.571	375.765
963	1.92400	351.580	1015.150	375.699
964	1.92600	351.577	1014.785	375.751
965	1.92800	351.559	1014.397	375.762
966	1.93000	351.529	1014.003	375.713
967	1.93200	351.539	1013.614	375.724
968	1.93400	351.487	1013.230	375.709
969	1.93600	351.431	1012.860	375.705
970	1.93800	351.430	1012.461	375.682
971	1.94000	351.414	1012.067	375.677
972	1.94200	351.397	1011.683	375.704
973	1.94400	351.377	1011.289	375.699
974	1.94600	351.381	1010.886	375.662
975	1.94800	351.352	1010.497	375.673
976	1.95000	351.333	1010.093	375.634
977	1.95200	351.315	1009.704	375.646
978	1.95400	351.315	1009.309	375.642
979	1.95600	351.294	1008.925	375.671
980	1.95800	351.276	1008.530	375.666
981	1.96000	351.164	1008.135	375.654
982	1.96200	351.263	1007.732	375.626
983	1.96400	351.150	1007.361	375.655
984	1.96600	351.125	1006.967	375.692
985	1.96800	351.117	1006.581	375.680
986	1.97000	351.130	1006.167	375.653
987	1.97200	351.117	1005.782	375.642
988	1.97400	351.038	1005.397	375.672
989	1.97600	351.048	1005.001	375.629
990	1.97800	351.043	1004.592	375.619
991	1.98000	351.074	1004.197	375.615
992	1.98200	351.006	1003.797	375.595
993	1.98400	351.003	1003.407	375.611
994	1.98600	351.021	1003.007	375.595
995	1.98800	350.975	1002.611	375.548
996	1.99000	350.996	1002.211	375.574
997	1.99200	350.971	1001.844	375.586
998	1.99400	350.968	1001.444	375.568
999	1.99600	350.977	1001.062	375.532
1000	1.99800	350.935	1000.657	375.538
1001	2.00000	350.948	1000.295	375.570
1002	2.00200	350.926	999.874	375.484
1003	2.00400	350.929	999.498	375.510
1004	2.00600	350.930	999.117	375.601
1005	2.00800	350.910	998.711	375.524
1006	2.01000	350.907	998.300	375.516
1007	2.01200	350.946	997.880	375.437
1008	2.01400	350.889	997.489	375.492
1009	2.01600	350.914	997.078	375.445
1010	2.01800	350.906	996.687	375.461
1011	2.02000	350.884	996.290	375.462
1012	2.02200	350.902	995.885	375.473
1013	2.02400	350.899	995.498	375.465
1014	2.02600	350.944	995.091	375.438
1015	2.02800	350.896	994.700	375.452
1016	2.03000	350.874	994.337	375.525
1017	2.03200	350.893	993.921	375.462
1018	2.03400	350.892	993.518	375.407
1019	2.03600	350.874	993.141	375.475
1020	2.03800	350.885	992.734	375.445
1021	2.04000	350.911	992.323	375.401
1022	2.04200	350.815	991.945	375.461
1023	2.04400	350.836	991.548	375.466
1024	2.04600	350.834	991.127	375.432
1025	2.04800	350.814	990.730	375.431
1026	2.05000	350.788	990.337	375.452
1027	2.05200	350.775	989.932	375.508
1028	2.05400	350.748	989.524	375.477
1029	2.05600	350.730	989.106	375.413
1030	2.05800	350.738	988.723	375.426
1031	2.06000	350.756	988.306	375.407
1032	2.06200	350.758	987.913	375.386
1033	2.06400	350.630	987.535	375.445
1034	2.06600	350.694	987.148	375.489
1035	2.06800	350.723	986.720	375.397
1036	2.07000	350.712	986.336	375.409
1037	2.07200	350.585	985.953	375.452
1038	2.07400	350.724	985.539	375.378
1039	2.07600	350.635	985.131	375.341
1040	2.07800	350.617	984.733	375.347
1041	2.08000	350.638	984.329	375.337
1042	2.08200	350.599	983.931	375.340
1043	2.08400	350.600	983.517	375.298
1044	2.08600	350.613	983.109	375.273
1045	2.08800	350.609	982.710	375.280
1046	2.09000	350.588	982.306	375.226
1047	2.09200	350.550	981.906	375.189
1048	2.09400	350.518	981.517	375.188
1049	2.09600	350.509	981.122	375.169
1050	2.09800	350.529	980.718	375.120
1051	2.10000	350.475	980.343	375.163
1052	2.10200	350.466	979.964	375.194
1053	2.10400	350.444	979.549	375.151
1054	2.10600	350.419	979.165	375.165
1055	2.10800	350.472	978.750	375.128
1056	2.11000	350.411	978.366	375.140
1057	2.11200	350.421	977.956	375.115
1058	2.11400	350.428	977.541	375.077
1059	2.11600	350.435	977.141	375.046
1060	2.11800	350.386	976.751	375.042
1061	2.12000	350.384	976.372	375.116
1062	2.12200	350.404	975.961	375.053
1063	2.12400	350.388	975.547	375.053
1064	2.12600	350.360	975.167	375.084
1065	2.12800	350.376	974.762	375.078
1066	2.13000	350.361	974.377	375.093
1067	2.13200	350.320	973.972	375.083
1068	2.13400	350.360	973.570	375.012
1069	2.13600	350.344	973.175	375.037
1070	2.13800	350.328	972.774	375.003
1071	2.14000	350.336	972.364	374.982
1072	2.14200	350.352	971.962	374.952
1073	2.14400	350.287	971.574	375.032
1074	2.14600	350.302	971.158	374.994
1075	2.14800	350.311	970.763	375.022
1076	2.15000	350.283	970.372	375.022
1077	2.15200	350.274	969.941	374.976
1078	2.15400	350.246	969.565	375.024
1079	2.15600	350.279	969.128	374.925
1080	2.15800	350.251	968.726	374.891
1081	2.16000	350.172	968.341	374.946
1082	2.16200	350.244	967.945	374.939
1083	2.16400	350.245	967.523	374.887
1084	2.16600	350.148	967.120	374.848
1085	2.16800	350.138	966.734	374.868
1086	2.17000	350.154	966.333	374.881
1087	2.17200	350.169	965.915	374.805
1088	2.17400	350.122	965.539	374.853
1089	2.17600	350.124	965.127	374.835
1090	2.17800	350.179	964.716	374.819
1091	2.18000	350.104	964.304	374.795
1092	2.18200	350.107	963.897	374.793
1093	2.18400	350.110	963.495	374.765
1094	2.18600	350.081	963.088	374.760
1095	2.18800	350.084	962.701	374.782
1096	2.19000	350.047	962.294	374.779
1097	2.19200	350.002	961.900	374.742
1098	2.19400	350.021	961.484	374.747
1099	2.19600	350.000	961.100	374.706
1100	2.19800	349.976	960.692	374.704
1101	2.20000	349.934	960.294	374.691
1102	2.20200	349.956	959.902	374.699
1103	2.20400	349.921	959.520	374.735
1104	2.20600	349.924	959.086	374.653
1105	2.20800	349.914	958.704	374.691
1106	2.21000	349.897	958.303	374.748
1107	2.21200	349.849	957.904	374.735
1108	2.21400	349.883	957.481	374.691
1109	2.21600	349.768	957.058	374.677
1110	2.21800	349.739	956.657	374.734
1111	2.22000	349.782	956.248	374.696
1112	2.22200	349.802	955.841	374.699
1113	2.22400	349.755	955.463	374.751
1114	2.22600	349.694	955.044	374.714
1115	2.22800	349.736	954.673	374.791
1116	2.23000	349.700	954.275	374.821
1117	2.23200	349.755	953.838	374.663
1118	2.23400	349.642	953.439	374.686
1119	2.23600	349.677	953.035	374.666
1120	2.23800	349.681	952.622	374.650
1121	2.24000	349.696	952.217	374.629
1122	2.24200	349.699	951.825	374.679
1123	2.24400	349.683	951.404	374.606
1124	2.24600	349.622	951.001	374.619
1125	2.24800	349.561	950.606	374.624
1126	2.25000	349.583	950.183	374.622
1127	2.25200	349.554	949.762	374.548
1128	2.25400	349.532	949.380	374.630
1129	2.25600	349.535	948.986	374.640
1130	2.25800	349.610	948.565	374.575
1131	2.26000	349.470	948.165	374.558
1132	2.26200	349.532	947.772	374.615
1133	2.26400	349.496	947.378	374.623
1134	2.26600	349.402	946.935	374.522
1135	2.26800	349.490	946.552	374.572
1136	2.27000	349.493	946.154	374.609
1137	2.27200	349.464	945.752	374.560
1138	2.27400	349.474	945.343	374.565
1139	2.27600	349.451	944.942	374.559
1140	2.27800	349.441	944.522	374.531
1141	2.28000	349.438	944.112	374.535
1142	2.28200	349.364	943.717	374.541
1143	2.28400	349.334	943.285	374.479
1144	2.28600	349.318	942.870	374.467
1145	2.28800	349.321	942.480	374.497
1146	2.29000	349.337	942.054	374.455
1147	2.29200	349.275	941.648	374.430
1148	2.29400	349.298	941.236	374.397
1149	2.29600	349.321	940.839	374.370
1150	2.29800	349.279	940.449	374.396
1151	2.30000	349.256	940.063	374.398
1152	2.30200	349.279	939.647	374.390
1153	2.30400	349.275	939.250	374.363
1154	2.30600	349.246	938.851	374.399
1155	2.30800	349.262	938.444	374.383
1156	2.31000	349.180	938.031	374.342
1157	2.31200	349.223	937.621	374.354
1158	2.31400	349.220	937.211	374.361
1159	2.31600	349.137	936.803	374.338
1160	2.31800	349.213	936.393	374.353
1161	2.32000	349.169	935.991	374.350
1162	2.32200	349.067	935.584	374.327
1163	2.32400	349.057	935.182	374.326
1164	2.32600	349.066	934.775	374.310
1165	2.32800	349.109	934.376	374.355
1166	2.33000	349.014	933.971	374.305
1167	2.33200	349.030	933.549	374.284
1168	2.33400	349.014	933.151	374.257
1169	2.33600	349.004	932.734	374.250
1170	2.33800	348.981	932.332	374.249
1171	2.34000	348.918	931.902	374.164
1172	2.34200	348.941	931.531	374.222
1173	2.34400	348.931	931.120	374.232
1174	2.34600	348.908	930.701	374.183
1175	2.34800	348.897	930.293	374.169
1176	2.35000	348.894	929.876	374.163
1177	2.35200	348.844	929.488	374.169
1178	2.35400	348.814	929.098	374.135
1179	2.35600	348.810	928.681	374.131
1180	2.35800	348.787	928.288	374.123
1181	2.36000	348.784	927.882	374.151
1182	2.36200	348.780	927.468	374.121
1183	2.36400	348.730	927.053	374.089
1184	2.36600	348.586	926.644	374.070
1185	2.36800	348.675	926.259	374.129
1186	2.37000	348.659	925.839	374.082
1187	2.37200	348.629	925.453	374.131
1188	2.37400	348.533	925.032	374.080
1189	2.37600	348.616	924.638	374.147
1190	2.37800	348.486	924.211	374.078
1191	2.38000	348.496	923.804	374.108
1192	2.38200	348.500	923.401	374.113
1193	2.38400	348.489	922.972	374.078
1194	2.38600	348.453	922.580	374.112
1195	2.38800	348.443	922.156	374.095
1196	2.39000	348.506	921.753	374.105
1197	2.39200	348.482	921.329	374.088
1198	2.39400	348.399	920.922	374.045
1199	2.39600	348.369	920.519	374.048
1200	2.39800	348.360	920.130	374.058
1201	2.40000	348.357	919.726	374.063
1202	2.40200	348.354	919.326	374.042
1203	2.40400	348.424	918.928	374.069
1204	2.40600	348.361	918.512	374.038
1205	2.40800	348.351	918.103	374.028
1206	2.41000	348.315	917.693	374.014
1207	2.41200	348.318	917.274	374.015
1208	2.41400	348.328	916.870	374.022
1209	2.41600	348.278	916.454	373.993
1210	2.41800	348.262	916.038	373.967
1211	2.42000	348.286	915.630	374.001
1212	2.42200	348.249	915.220	373.989
1213	2.42400	348.293	914.799	373.951
1214	2.42600	348.277	914.423	374.036
1215	2.42800	348.233	913.997	374.019
1216	2.43000	348.136	913.573	373.929
1217	2.43200	348.194	913.186	373.990
1218	2.43400	348.190	912.785	373.972
1219	2.43600	348.073	912.350	373.891
1220	2.43800	348.184	911.969	373.971
1221	2.44000	348.168	911.544	373.956
1222	2.44200	348.050	911.124	373.883
1223	2.44400	348.128	910.722	373.939
1224	2.44600	348.139	910.326	373.938
1225	2.44800	348.061	909.883	373.873
1226	2.45000	348.031	909.487	373.869
1227	2.45200	348.048	909.055	373.842
1228	2.45400	348.052	908.650	373.851
1229	2.45600	348.015	908.244	373.859
1230	2.45800	348.005	907.842	373.842
1231	2.46000	348.002	907.422	373.847
1232	2.46200	348.006	907.020	373.831
1233	2.46400	347.969	906.605	373.849
1234	2.46600	347.986	906.197	373.819
1235	2.46800	347.963	905.786	373.812
1236	2.47000	347.967	905.386	373.838
1237	2.47200	347.923	904.974	373.831
1238	2.47400	347.920	904.568	373.842
1239	2.47600	347.903	904.151	373.820
1240	2.47800	347.880	903.733	373.798
1241	2.48000	347.856	903.321	373.793
1242	2.48200	347.874	902.912	373.831
1243	2.48400	347.775	902.476	373.758
1244	2.48600	347.820	902.071	373.773
1245	2.48800	347.762	901.641	373.718
1246	2.49000	347.745	901.244	373.719
1247	2.49200	347.728	900.826	373.699
1248	2.49400	347.739	900.423	373.687
1249	2.49600	347.716	900.026	373.689
1250	2.49800	347.713	899.623	373.677
1251	2.50000	347.696	899.216	373.689
1252	2.50200	347.693	898.813	373.676
1253	2.50400	347.670	898.406	373.689
1254	2.50600	347.660	898.000	373.701
1255	2.50800	347.664	897.587	373.700
1256	2.51000	347.681	897.190	373.705
1257	2.51200	347.631	896.768	373.711
1258	2.51400	347.641	896.358	373.683
1259	2.51600	347.638	895.943	373.709
1260	2.51800	347.614	895.524	373.690
1261	2.52000	347.584	895.111	373.687
1262	2.52200	347.608	894.698	373.688
1263	2.52400	347.578	894.297	373.718
1264	2.52600	347.569	893.893	373.707
1265	2.52800	347.525	893.480	373.705
1266	2.53000	347.542	893.076	373.697
1267	2.53200	347.505	892.666	373.671
1268	2.53400	347.502	892.262	373.661
1269	2.53600	347.465	891.849	373.661
1270	2.53800	347.393	891.405	373.578
1271	2.54000	347.363	890.992	373.578
1272	2.54200	347.278	890.576	373.537
1273	2.54400	347.269	890.174	373.570
1274	2.54600	347.265	889.749	373.540
1275	2.54800	347.208	889.344	373.530
1276	2.55000	347.205	888.925	373.515
1277	2.55200	347.182	888.520	373.509
1278	2.55400	347.145	888.131	373.505
1279	2.55600	347.114	887.711	373.492
1280	2.55800	347.125	887.297	373.494
1281	2.56000	347.102	886.898	373.502
1282	2.56200	347.092	886.484	373.503
1283	2.56400	347.075	886.064	373.490
1284	2.56600	347.052	885.644	373.476
1285	2.56800	347.035	885.245	373.484
1286	2.57000	347.026	884.843	373.518
1287	2.57200	346.995	884.405	373.458
1288	2.57400	346.978	884.002	373.492
1289	2.57600	346.942	883.591	373.538
1290	2.57800	346.946	883.164	373.511
1291	2.58000	346.929	882.741	373.524
1292	2.58200	346.913	882.341	373.533
1293	2.58400	346.889	881.900	373.499
1294	2.58600	346.907	881.494	373.495
1295	2.58800	346.883	881.089	373.489
1296	2.59000	346.866	880.677	373.467
1297	2.59200	346.877	880.263	373.473
1298	2.59400	346.868	879.866	373.458
1299	2.59600	346.851	879.448	373.422
1300	2.59800	346.855	879.055	373.449
1301	2.60000	346.845	878.634	373.438
1302	2.60200	346.835	878.228	373.434
1303	2.60400	346.832	877.813	373.440
1304	2.60600	346.830	877.413	373.452
1305	2.60800	346.813	876.992	373.441
1306	2.61000	346.810	876.565	373.417
1307	2.61200	346.814	876.155	373.439
1308	2.61400	346.797	875.749	373.435
1309	2.61600	346.780	875.312	373.419
1310	2.61800	346.785	874.924	373.464
1311	2.62000	346.775	874.503	373.455
1312	2.62200	346.737	874.090	373.434
1313	2.62400	346.727	873.681	373.457
1314	2.62600	346.759	873.274	373.457
1315	2.62800	346.700	872.846	373.430
1316	2.63000	346.648	872.421	373.378
1317	2.63200	346.645	871.999	373.371
1318	2.63400	346.642	871.593	373.369
1319	2.63600	346.590	871.170	373.359
1320	2.63800	346.566	870.745	373.310
1321	2.64000	346.556	870.323	373.303
1322	2.64200	346.582	869.923	373.319
1323	2.64400	346.564	869.494	373.297
1324	2.64600	346.527	869.072	373.289
1325	2.64800	346.538	868.656	373.299
1326	2.65000	346.514	868.242	373.282
1327	2.65200	346.518	867.811	373.287
1328	2.65400	346.480	867.403	373.285
1329	2.65600	346.463	866.990	373.269
1330	2.65800	346.474	866.568	373.265
1331	2.66000	346.465	866.160	373.265
1332	2.66200	346.455	865.744	373.276
1333	2.66400	346.431	865.330	373.260
1334	2.66600	346.428	864.923	373.262
1335	2.66800	346.439	864.506	373.273
1336	2.67000	346.401	864.086	373.242
1337	2.67200	346.399	863.669	373.254
1338	2.67400	346.396	863.259	373.282
1339	2.67600	346.386	862.836	373.277
1340	2.67800	346.363	862.413	373.273
1341	2.68000	346.374	861.990	373.271
1342	2.68200	346.350	861.575	373.257
1343	2.68400	346.340	861.174	373.274
1344	2.68600	346.330	860.753	373.246
1345	2.68800	346.306	860.339	373.232
1346	2.69000	346.261	859.928	373.193
1347	2.69200	346.272	859.520	373.197
1348	2.69400	346.263	859.118	373.216
1349	2.69600	346.218	858.697	373.186
1350	2.69800	346.215	858.295	373.205
1351	2.70000	346.213	857.887	373.209
1352	2.70200	346.168	857.469	373.222
1353	2.70400	346.151	857.042	373.179
1354	2.70600	346.162	856.624	373.194
1355	2.70800	346.124	856.210	373.182
1356	2.71000	346.094	855.779	373.165
1357	2.71200	346.030	855.358	373.139
1358	2.71400	346.028	854.947	373.171
1359	2.71600	346.004	854.532	373.160
1360	2.71800	346.001	854.114	373.175
1361	2.72000	345.957	853.705	373.179
1362	2.72200	345.989	853.281	373.182
1363	2.72400	345.951	852.860	373.155
1364	2.72600	345.948	852.451	373.161
1365	2.72800	345.931	852.045	373.141
1366	2.73000	345.914	851.611	373.152
1367	2.73200	345.918	851.199	373.118
1368	2.73400	345.908	850.781	373.134
1369	2.73600	345.870	850.352	373.093
1370	2.73800	345.860	849.940	373.126
1371	2.74000	345.858	849.525	373.118
1372	2.74200	345.826	849.088	373.088
1373	2.74400	345.817	848.685	373.111
1374	2.74600	345.821	848.260	373.114
1375	2.74800	345.798	847.838	373.091
1376	2.75000	345.760	847.419	373.108
1377	2.75200	345.759	847.004	373.102
1378	2.75400	345.729	846.581	373.081
1379	2.75600	345.699	846.178	373.105
1380	2.75800	345.696	845.759	373.123
1381	2.76000	345.653	845.337	373.102
1382	2.76200	345.644	844.912	373.106
1383	2.76400	345.634	844.509	373.131
1384	2.76600	345.624	844.083	373.135
1385	2.76800	345.608	843.661	373.114
1386	2.77000	345.591	843.245	373.108
1387	2.77200	345.588	842.819	373.112
1388	2.77400	345.572	842.397	373.092
1389	2.77600	345.576	841.977	373.112
1390	2.77800	345.546	841.548	373.078
1391	2.78000	345.523	841.138	373.023
1392	2.78200	345.471	840.730	373.006
1393	2.78400	345.494	840.276	372.975
1394	2.78600	345.485	839.881	372.992
1395	2.78800	345.448	839.477	372.952
1396	2.79000	345.411	839.075	372.952
1397	2.79200	345.407	838.658	372.948
1398	2.79400	345.405	838.264	372.965
1399	2.79600	345.373	837.834	372.930
1400	2.79800	345.392	837.421	372.969
1401	2.80000	345.377	837.004	372.966
1402	2.80200	345.338	836.586	372.961
1403	2.80400	345.349	836.170	372.960
1404	2.80600	345.325	835.746	372.941
1405	2.80800	345.316	835.320	372.949
1406	2.81000	345.305	834.909	372.961
1407	2.81200	345.289	834.482	372.969
1408	2.81400	345.279	834.074	372.956
1409	2.81600	345.240	833.641	372.948
1410	2.81800	345.230	833.233	372.936
1411	2.82000	345.235	832.813	372.961
1412	2.82200	345.205	832.398	372.934
1413	2.82400	345.187	831.958	372.911
1414	2.82600	345.192	831.557	372.917
1415	2.82800	345.188	831.123	372.911
1416	2.83000	345.158	830.724	372.890
1417	2.83200	345.154	830.282	372.894
1418	2.83400	345.138	829.866	372.869
1419	2.83600	345.134	829.439	372.878
1420	2.83800	345.126	829.031	372.869
1421	2.84000	345.108	828.610	372.894
1422	2.84200	345.084	828.195	372.868
1423	2.84400	345.096	827.761	372.865
1424	2.84600	345.072	827.359	372.871
1425	2.84800	345.041	826.931	372.880
1426	2.85000	345.060	826.514	372.883
1427	2.85200	345.050	826.095	372.884
1428	2.85400	345.011	825.677	372.884
1429	2.85600	345.009	825.259	372.886
1430	2.85800	345.007	824.841	372.889
1431	2.86000	344.982	824.422	372.890
1432	2.86200	344.951	823.997	372.876
1433	2.86400	344.948	823.566	372.849
1434	2.86600	344.910	823.147	372.850
1435	2.86800	344.893	822.722	372.838
1436	2.87000	344.905	822.301	372.867
1437	2.87200	344.860	821.869	372.838
1438	2.87400	344.850	821.451	372.841
1439	2.87600	344.848	821.035	372.820
1440	2.87800	344.824	820.609	372.808
1441	2.88000	344.813	820.200	372.801
1442	2.88200	344.804	819.774	372.790
1443	2.88400	344.780	819.367	372.758
1444	2.88600	344.771	818.946	372.789
1445	2.88800	344.746	818.545	372.771
1446	2.89000	344.737	818.117	372.787
1447	2.89200	344.734	817.707	372.781
1448	2.89400	344.703	817.281	372.771
1449	2.89600	344.693	816.862	372.775
1450	2.89800	344.684	816.443	372.781
1451	2.90000	344.644	816.026	372.759
1452	2.90200	344.634	815.591	372.759
1453	2.90400	344.639	815.165	372.751
1454	2.90600	344.569	814.739	372.743
1455	2.90800	344.544	814.313	372.733
1456	2.91000	344.549	813.894	372.741
1457	2.91200	344.518	813.474	372.746
1458	2.91400	344.530	813.055	372.754
1459	2.91600	344.520	812.629	372.746
1460	2.91800	344.496	812.218	372.742
1461	2.92000	344.494	811.792	372.735
1462	2.92200	344.498	811.381	372.732
1463	2.92400	344.460	810.948	372.709
1464	2.92600	344.465	810.529	372.718
1465	2.92800	344.469	810.102	372.711
1466	2.93000	344.444	809.685	372.692
1467	2.93200	344.428	809.249	372.697
1468	2.93400	344.433	808.829	372.706
1469	2.93600	344.401	808.403	372.699
1470	2.93800	344.398	807.982	372.707
1471	2.94000	344.404	807.563	372.718
1472	2.94200	344.379	807.145	372.700
1473	2.94400	344.362	806.709	372.705
1474	2.94600	344.360	806.291	372.690
1475	2.94800	344.336	805.868	372.724
1476	2.95000	344.319	805.451	372.709
1477	2.95200	344.311	805.006	372.726
1478	2.95400	344.301	804.597	372.701
1479	2.95600	344.278	804.174	372.736
1480	2.95800	344.255	803.747	372.732
1481	2.96000	344.245	803.313	372.713
1482	2.96200	344.228	802.902	372.713
1483	2.96400	344.218	802.456	372.730
1484	2.96600	344.209	802.038	372.717
1485	2.96800	344.204	801.611	372.712
1486	2.97000	344.182	801.183	372.709
1487	2.97200	344.171	800.749	372.691
1488	2.97400	344.155	800.331	372.678
1489	2.97600	344.151	799.906	372.650
1490	2.97800	344.121	799.487	372.637
1491	2.98000	344.117	799.076	372.638
1492	2.98200	344.094	798.657	372.625
1493	2.98400	344.085	798.238	372.613
1494	2.98600	344.048	797.827	372.616
1495	2.98800	344.051	797.405	372.629
1496	2.99000	344.028	796.987	372.617
1497	2.99200	344.010	796.565	372.629
1498	2.99400	343.987	796.131	372.614
1499	2.99600	343.942	795.718	372.616
1500	2.99800	343.968	795.282	372.627
1501	3.00000	343.937	794.872	372.605
1502	3.00200	343.927	794.435	372.615
1503	3.00400	343.910	794.029	372.634
1504	3.00600	343.894	793.607	372.649
1505	3.00800	343.878	793.188	372.638
1506	3.01000	343.854	792.760	372.638
1507	3.01200	343.844	792.341	372.628
1508	3.01400	343.827	791.913	372.629
1509	3.01600	343.846	791.494	372.620
1510	3.01800	343.801	791.072	372.635
1511	3.02000	343.759	790.664	372.591
1512	3.02200	343.782	790.220	372.588
1513	3.02400	343.719	789.809	372.569
1514	3.02600	343.717	789.406	372.565
1515	3.02800	343.695	788.971	372.553
1516	3.03000	343.683	788.535	372.539
1517	3.03200	343.654	788.122	372.546
1518	3.03400	343.651	787.703	372.538
1519	3.03600	343.628	787.267	372.526
1520	3.03800	343.618	786.854	372.533
1521	3.04000	343.602	786.425	372.536
1522	3.04200	343.577	786.005	372.528
1523	3.04400	343.567	785.576	372.531
1524	3.04600	343.543	785.172	372.528
1525	3.04800	343.533	784.737	372.517
1526	3.05000	343.502	784.323	372.524
1527	3.05200	343.491	783.894	372.527
1528	3.05400	343.482	783.461	372.492
1529	3.05600	343.472	783.036	372.536
1530	3.05800	343.433	782.604	372.475
1531	3.06000	343.429	782.166	372.490
1532	3.06200	343.428	781.753	372.500
1533	3.06400	343.403	781.300	372.485
1534	3.06600	343.386	780.873	372.466
1535	3.06800	343.398	780.453	372.461
1536	3.07000	343.381	780.035	372.431
1537	3.07200	343.364	779.615	372.426
1538	3.07400	343.361	779.187	372.407
1539	3.07600	343.323	778.776	372.391
1540	3.07800	343.341	778.362	372.402
1541	3.08000	343.319	777.951	372.388
1542	3.08200	343.308	777.518	372.419
1543	3.08400	343.300	777.107	372.406
1544	3.08600	343.289	776.677	372.413
1545	3.08800	343.265	776.256	372.409
1546	3.09000	343.263	775.820	372.403
1547	3.09200	343.239	775.399	372.399
1548	3.09400	343.228	774.976	372.421
1549	3.09600	343.212	774.541	372.389
1550	3.09800	343.194	774.109	372.422
1551	3.10000	343.171	773.688	372.420
1552	3.10200	343.189	773.258	372.429
1553	3.10400	343.166	772.837	372.427
1554	3.10600	343.162	772.415	372.425
1555	3.10800	343.167	771.988	372.410
1556	3.11000	343.157	771.575	372.398
1557	3.11200	343.147	771.145	372.407
1558	3.11400	343.145	770.726	372.382
1559	3.11600	343.128	770.296	372.392
1560	3.11800	343.124	769.877	372.365
1561	3.12000	343.137	769.437	372.388
1562	3.12200	343.106	769.025	372.376
1563	3.12400	343.103	768.594	372.387
1564	3.12600	343.088	768.159	372.359
1565	3.12800	343.091	767.742	372.398
1566	3.13000	343.049	767.323	372.375
1567	3.13200	343.041	766.884	372.398
1568	3.13400	343.010	766.471	372.387
1569	3.13600	343.008	766.040	372.400
1570	3.13800	342.985	765.626	372.415
1571	3.14000	342.968	765.204	372.417
1572	3.14200	342.953	764.775	372.405
1573	3.14400	342.943	764.344	372.417
1574	3.14600	342.914	763.920	372.445
1575	3.14800	342.877	763.485	372.417
1576	3.15000	342.846	763.054	372.430
1577	3.15200	342.840	762.623	372.445
1578	3.15400	342.807	762.187	372.418
1579	3.15600	342.790	761.756	372.430
1580	3.15800	342.802	761.311	372.417
1581	3.16000	342.778	760.898	372.409
1582	3.16200	342.754	760.460	372.407
1583	3.16400	342.774	760.049	372.377
1584	3.16600	342.735	759.611	372.375
1585	3.16800	342.717	759.192	372.328
1586	3.17000	342.722	758.770	372.333
1587	3.17200	342.690	758.348	372.336
1588	3.17400	342.681	757.934	372.330
1589	3.17600	342.656	757.505	372.319
1590	3.17800	342.639	757.082	372.324
1591	3.18000	342.622	756.660	372.328
1592	3.18200	342.605	756.237	372.333
1593	3.18400	342.565	755.807	372.321
1594	3.18600	342.549	755.378	372.313
1595	3.18800	342.538	754.939	372.314
1596	3.19000	342.507	754.525	372.308
1597	3.19200	342.496	754.093	372.324
1598	3.19400	342.487	753.671	372.331
1599	3.19600	342.470	753.239	372.348
1600	3.19800	342.432	752.832	372.357
1601	3.20000	342.451	752.386	372.347
1602	3.20200	342.427	751.979	372.357
1603	3.20400	342.410	751.533	372.346
1604	3.20600	342.415	751.119	372.343
1605	3.20800	342.405	750.696	372.351
1606	3.21000	342.374	750.252	372.314
1607	3.21200	342.371	749.829	372.323
1608	3.21400	342.361	749.408	372.305
1609	3.21600	342.345	748.971	372.285
1610	3.21800	342.349	748.555	372.308
1611	3.22000	342.340	748.125	372.302
1612	3.22200	342.323	747.679	372.293
1613	3.22400	342.320	747.262	372.316
1614	3.22600	342.317	746.832	372.311
1615	3.22800	342.293	746.404	372.280
1616	3.23000	342.297	745.978	372.315
1617	3.23200	342.295	745.557	372.300
1618	3.23400	342.277	745.110	372.291
1619	3.23600	342.261	744.703	372.305
1620	3.23800	342.265	744.265	372.287
1621	3.24000	342.248	743.858	372.300
1622	3.24200	342.223	743.427	372.295
1623	3.24400	342.229	742.997	372.293
1624	3.24600	342.204	742.582	372.292
1625	3.24800	342.202	742.142	372.300
1626	3.25000	342.193	741.721	372.287
1627	3.25200	342.168	741.281	372.294
1628	3.25400	342.158	740.852	372.266
1629	3.25600	342.163	740.419	372.289
1630	3.25800	342.139	739.990	372.261
1631	3.26000	342.143	739.552	372.245
1632	3.26200	342.128	739.139	372.222
1633	3.26400	342.118	738.706	372.246
1634	3.26600	342.093	738.286	372.207
1635	3.26800	342.092	737.855	372.207
1636	3.27000	342.074	737.449	372.197
1637	3.27200	342.058	737.025	372.211
1638	3.27400	342.034	736.587	372.195
1639	3.27600	342.031	736.178	372.212
1640	3.27800	342.021	735.747	372.211
1641	3.28000	341.977	735.318	372.186
1642	3.28200	341.967	734.884	372.210
1643	3.28400	341.964	734.455	372.185
1644	3.28600	341.953	734.015	372.196
1645	3.28800	341.918	733.606	372.215
1646	3.29000	341.902	733.166	372.226
1647	3.29200	341.892	732.751	372.230
1648	3.29400	341.883	732.326	372.246
1649	3.29600	341.880	731.904	372.237
1650	3.29800	341.857	731.472	372.238
1651	3.30000	341.840	731.050	372.228
1652	3.30200	341.839	730.620	372.206
1653	3.30400	341.808	730.188	372.207
1654	3.30600	341.799	729.759	372.185
1655	3.30800	341.776	729.336	372.177
1656	3.31000	341.720	728.931	372.147
1657	3.31200	341.711	728.492	372.136
1658	3.31400	341.689	728.077	372.143
1659	3.31600	341.639	727.645	372.147
1660	3.31800	341.624	727.215	372.126
1661	3.32000	341.608	726.782	372.155
1662	3.32200	341.571	726.359	372.147
1663	3.32400	341.575	725.927	372.151
1664	3.32600	341.559	725.511	372.159
1665	3.32800	341.542	725.062	372.159
1666	3.33000	341.512	724.646	372.166
1667	3.33200	341.503	724.215	372.172
1668	3.33400	341.478	723.775	372.161
1669	3.33600	341.442	723.359	372.170
1670	3.33800	341.426	722.911	372.172
1671	3.34000	341.396	722.496	372.155
1672	3.34200	341.358	722.039	372.167
1673	3.34400	341.342	721.616	372.163
1674	3.34600	341.324	721.176	372.153
1675	3.34800	341.308	720.752	372.148
1676	3.35000	341.290	720.306	372.126
1677	3.35200	341.275	719.882	372.122
1678	3.35400	341.257	719.451	372.102
1679	3.35600	341.233	719.013	372.069
1680	3.35800	341.238	718.590	372.066
1681	3.36000	341.213	718.159	372.047
1682	3.36200	341.175	717.735	372.042
1683	3.36400	341.202	717.326	372.069
1684	3.36600	341.163	716.895	372.050
1685	3.36800	341.160	716.471	372.047
1686	3.37000	341.144	716.047	372.044
1687	3.37200	341.133	715.614	372.051
1688	3.37400	341.117	715.190	372.049
1689	3.37600	341.107	714.756	372.082
1690	3.37800	341.097	714.325	372.066
1691	3.38000	341.080	713.892	372.075
1692	3.38200	341.063	713.467	372.072
1693	3.38400	341.054	713.034	372.081
1694	3.38600	341.058	712.609	372.106
1695	3.38800	341.027	712.192	372.117
1696	3.39000	341.031	711.751	372.113
1697	3.39200	341.021	711.327	372.112
1698	3.39400	341.004	710.903	372.111
1699	3.39600	340.996	710.472	372.097
1700	3.39800	341.000	710.039	372.108
1701	3.40000	340.982	709.600	372.079
1702	3.40200	340.986	709.159	372.076
1703	3.40400	340.956	708.742	372.090
1704	3.40600	340.946	708.303	372.063
1705	3.40800	340.951	707.870	372.075
1706	3.41000	340.941	707.439	372.062
1707	3.41200	340.931	706.998	372.060
1708	3.41400	340.922	706.581	372.074
1709	3.41600	340.919	706.140	372.073
1710	3.41800	340.902	705.708	372.060
1711	3.42000	340.900	705.284	372.062
1712	3.42200	340.883	704.859	372.064
1713	3.42400	340.873	704.418	372.063
1714	3.42600	340.857	704.003	372.054
1715	3.42800	340.847	703.562	372.053
1716	3.43000	340.830	703.137	372.055
1717	3.43200	340.828	702.703	372.070
1718	3.43400	340.797	702.271	372.058
1719	3.43600	340.787	701.837	372.072
1720	3.43800	340.777	701.405	372.060
1721	3.44000	340.768	700.964	372.062
1722	3.44200	340.750	700.516	372.048
1723	3.44400	340.741	700.091	372.052
1724	3.44600	340.731	699.668	372.031
1725	3.44800	340.708	699.235	372.021
1726	3.45000	340.719	698.803	372.012
1727	3.45200	340.695	698.389	371.980
1728	3.45400	340.665	697.963	371.984
1729	3.45600	340.677	697.546	372.004
1730	3.45800	340.660	697.122	371.983
1731	3.46000	340.607	696.673	371.970
1732	3.46200	340.619	696.255	371.991
1733	3.46400	340.588	695.815	371.967
1734	3.46600	340.557	695.390	371.972
1735	3.46800	340.561	694.948	371.975
1736	3.47000	340.523	694.524	371.956
1737	3.47200	340.521	694.090	371.974
1738	3.47400	340.490	693.649	371.977
1739	3.47600	340.473	693.223	371.983
1740	3.47800	340.464	692.790	371.976
1741	3.48000	340.439	692.356	371.993
1742	3.48200	340.423	691.923	371.987
1743	3.48400	340.421	691.490	371.981
1744	3.48600	340.403	691.057	371.974
1745	3.48800	340.402	690.634	371.958
1746	3.49000	340.398	690.192	371.963
1747	3.49200	340.368	689.759	371.957
1748	3.49400	340.379	689.317	371.963
1749	3.49600	340.349	688.893	371.947
1750	3.49800	340.339	688.444	371.939
1751	3.50000	340.344	688.018	371.949
1752	3.50200	340.321	687.584	371.970
1753	3.50400	340.305	687.159	371.954
1754	3.50600	340.322	686.725	371.975
1755	3.50800	340.286	686.292	371.971
1756	3.51000	340.270	685.866	371.981
1757	3.51200	340.234	685.440	371.992
1758	3.51400	340.224	685.007	371.988
1759	3.51600	340.215	684.581	371.999
1760	3.51800	340.191	684.148	371.996
1761	3.52000	340.189	683.722	372.007
1762	3.52200	340.166	683.296	372.018
1763	3.52400	340.143	682.847	372.013
1764	3.52600	340.133	682.422	371.999
1765	3.52800	340.109	681.980	372.007
1766	3.53000	340.086	681.530	372.003
1767	3.53200	340.049	681.088	372.013
1768	3.53400	340.012	680.629	372.020
1769	3.53600	340.003	680.205	372.008
1770	3.53800	339.993	679.762	372.018
1771	3.54000	339.943	679.339	371.980
1772	3.54200	339.955	678.906	371.981
1773	3.54400	339.924	678.466	371.940
1774	3.54600	339.899	678.041	371.928
1775	3.54800	339.911	677.624	371.931
1776	3.55000	339.880	677.198	371.918
1777	3.55200	339.857	676.773	371.906
1778	3.55400	339.832	676.339	371.906
1779	3.55600	339.816	675.913	371.919
1780	3.55800	339.820	675.479	371.921
1781	3.56000	339.803	675.038	371.906
1782	3.56200	339.786	674.611	371.921
1783	3.56400	339.784	674.170	371.909
1784	3.56600	339.760	673.743	371.923
1785	3.56800	339.777	673.300	371.936
1786	3.57000	339.755	672.874	371.952
1787	3.57200	339.717	672.447	371.966
1788	3.57400	339.722	672.015	371.945
1789	3.57600	339.698	671.580	371.946
1790	3.57800	339.681	671.154	371.962
1791	3.58000	339.686	670.714	371.927
1792	3.58200	339.662	670.279	371.929
1793	3.58400	339.659	669.838	371.919
1794	3.58600	339.657	669.396	371.909
1795	3.58800	339.633	668.978	371.913
1796	3.59000	339.623	668.537	371.904
1797	3.59200	339.607	668.095	371.894
1798	3.59400	339.597	667.662	371.873
1799	3.59600	339.595	667.219	371.889
1800	3.59800	339.557	666.793	371.881
1801	3.60000	339.562	666.350	371.898
1802	3.60200	339.538	665.916	371.902
1803	3.60400	339.522	665.483	371.882
1804	3.60600	339.480	665.082	371.868
1805	3.60800	339.470	664.641	371.860
1806	3.61000	339.454	664.215	371.854
1807	3.61200	339.444	663.788	371.873
1808	3.61400	339.428	663.362	371.868
1809	3.61600	339.419	662.920	371.861
1810	3.61800	339.388	662.485	371.866
1811	3.62000	339.379	662.060	371.862
1812	3.62200	339.355	661.609	371.866
1813	3.62400	339.338	661.192	371.850
1814	3.62600	339.329	660.741	371.855
1815	3.62800	339.306	660.306	371.862
1816	3.63000	339.282	659.856	371.841
1817	3.63200	339.280	659.423	371.825
1818	3.63400	339.242	658.980	371.818
1819	3.63600	339.260	658.555	371.816
1820	3.63800	339.244	658.137	371.801
1821	3.64000	339.205	657.694	371.794
1822	3.64200	339.182	657.270	371.766
1823	3.64400	339.158	656.835	371.774
1824	3.64600	339.149	656.425	371.773
1825	3.64800	339.146	655.990	371.783
1826	3.65000	339.115	655.547	371.777
1827	3.65200	339.120	655.136	371.803
1828	3.65400	339.117	654.686	371.786
1829	3.65600	339.087	654.260	371.784
1830	3.65800	339.098	653.816	371.806
1831	3.66000	339.061	653.389	371.803
1832	3.66200	339.037	652.954	371.813
1833	3.66400	339.049	652.528	371.813
1834	3.66600	339.025	652.093	371.823
1835	3.66800	339.015	651.650	371.821
1836	3.67000	339.013	651.216	371.808
1837	3.67200	338.988	650.773	371.804
1838	3.67400	338.986	650.332	371.778
1839	3.67600	338.969	649.889	371.776
1840	3.67800	338.967	649.455	371.763
1841	3.68000	338.943	649.012	371.762
1842	3.68200	338.941	648.585	371.763
1843	3.68400	338.932	648.134	371.774
1844	3.68600	338.922	647.692	371.748
1845	3.68800	338.905	647.257	371.761
1846	3.69000	338.910	646.821	371.774
1847	3.69200	338.901	646.395	371.777
1848	3.69400	338.898	645.952	371.777
1849	3.69600	338.881	645.534	371.767
1850	3.69800	338.858	645.090	371.792
1851	3.70000	338.862	644.672	371.783
1852	3.70200	338.846	644.220	371.796
1853	3.70400	338.850	643.793	371.799
1854	3.70600	338.827	643.358	371.813
1855	3.70800	338.810	642.923	371.803
1856	3.71000	338.815	642.496	371.807
1857	3.71200	338.791	642.061	371.821
1858	3.71400	338.781	641.618	371.798
1859	3.71600	338.764	641.159	371.798
1860	3.71800	338.741	640.740	371.790
1861	3.72000	338.724	640.272	371.802
1862	3.72200	338.693	639.838	371.767
1863	3.72400	338.684	639.395	371.770
1864	3.72600	338.674	638.961	371.763
1865	3.72800	338.637	638.518	371.741
1866	3.73000	338.642	638.084	371.734
1867	3.73200	338.592	637.658	371.715
1868	3.73400	338.561	637.215	371.718
1869	3.73600	338.560	636.804	371.727
1870	3.73800	338.508	636.345	371.703
1871	3.74000	338.491	635.918	371.709
1872	3.74200	338.454	635.466	371.699
1873	3.74400	338.430	635.039	371.705
1874	3.74600	338.421	634.612	371.713
1875	3.74800	338.397	634.160	371.704
1876	3.75000	338.347	633.725	371.723
1877	3.75200	338.344	633.289	371.742
1878	3.75400	338.314	632.853	371.760
1879	3.75600	338.298	632.409	371.767
1880	3.75800	338.288	631.982	371.775
1881	3.76000	338.265	631.546	371.794
1882	3.76200	338.255	631.110	371.788
1883	3.76400	338.246	630.675	371.784
1884	3.76600	338.243	630.232	371.791
1885	3.76800	338.205	629.789	371.773
1886	3.77000	338.217	629.353	371.794
1887	3.77200	338.207	628.911	371.752
1888	3.77400	338.191	628.467	371.760
1889	3.77600	338.195	628.032	371.756
1890	3.77800	338.171	627.588	371.764
1891	3.78000	338.176	627.153	371.762
1892	3.78200	338.173	626.709	371.771
1893	3.78400	338.157	626.274	371.767
1894	3.78600	338.155	625.839	371.766
1895	3.78800	338.138	625.387	371.761
1896	3.79000	338.114	624.968	371.759
1897	3.79200	338.112	624.517	371.757
1898	3.79400	338.095	624.089	371.767
1899	3.79600	338.093	623.661	371.779
1900	3.79800	338.083	623.218	371.764
1901	3.80000	338.060	622.791	371.776
1902	3.80200	338.050	622.339	371.773
1903	3.80400	338.020	621.912	371.759
1904	3.80600	338.010	621.467	371.770
1905	3.80800	337.994	621.024	371.757
1906	3.81000	337.963	620.580	371.767
1907	3.81200	337.967	620.128	371.766
1908	3.81400	337.916	619.684	371.751
1909	3.81600	337.913	619.241	371.737
1910	3.81800	337.903	618.814	371.726
1911	3.82000	337.886	618.371	371.713
1912	3.82200	337.870	617.927	371.700
1913	3.82400	337.839	617.491	371.700
1914	3.82600	337.851	617.065	371.690
1915	3.82800	337.834	616.629	371.691
1916	3.83000	337.832	616.193	371.693
1917	3.83200	337.822	615.766	371.683
1918	3.83400	337.812	615.322	371.696
1919	3.83600	337.796	614.902	371.700
1920	3.83800	337.808	614.451	371.702
1921	3.84000	337.791	614.015	371.704
1922	3.84200	337.789	613.571	371.694
1923	3.84400	337.772	613.127	371.708
1924	3.84600	337.749	612.700	371.699
1925	3.84800	337.746	612.255	371.714
1926	3.85000	337.730	611.828	371.706
1927	3.85200	337.728	611.391	371.735
1928	3.85400	337.711	610.956	371.714
1929	3.85600	337.695	610.512	371.729
1930	3.85800	337.678	610.068	371.720
1931	3.86000	337.683	609.632	371.725
1932	3.86200	337.673	609.180	371.702
1933	3.86400	337.642	608.737	371.694
1934	3.86600	337.640	608.293	371.686
1935	3.86800	337.624	607.866	371.680
1936	3.87000	337.621	607.421	371.697
1937	3.87200	337.626	606.978	371.691
1938	3.87400	337.588	606.541	371.695
1939	3.87600	337.592	606.098	371.688
1940	3.87800	337.590	605.662	371.695
1941	3.88000	337.560	605.225	371.701
1942	3.88200	337.565	604.791	371.684
1943	3.88400	337.548	604.354	371.690
1944	3.88600	337.538	603.918	371.696
1945	3.88800	337.530	603.491	371.693
1946	3.89000	337.506	603.055	371.699
1947	3.89200	337.476	602.611	371.695
1948	3.89400	337.474	602.191	371.704
1949	3.89600	337.437	601.755	371.711
1950	3.89800	337.421	601.311	371.706
1951	3.90000	337.363	600.901	371.679
1952	3.90200	337.333	600.449	371.662
1953	3.90400	337.296	600.013	371.670
1954	3.90600	337.259	599.561	371.652
1955	3.90800	337.228	599.125	371.635
1956	3.91000	337.205	598.681	371.631
1957	3.91200	337.168	598.237	371.602
1958	3.91400	337.088	597.793	371.571
1959	3.91600	337.093	597.366	371.569
1960	3.91800	337.015	596.922	371.567
1961	3.92000	336.991	596.494	371.564
1962	3.92200	336.975	596.050	371.562
1963	3.92400	336.952	595.614	371.573
1964	3.92600	336.922	595.177	371.583
1965	3.92800	336.906	594.733	371.581
1966	3.93000	336.910	594.296	371.593
1967	3.93200	336.901	593.861	371.580
1968	3.93400	336.885	593.416	371.603
1969	3.93600	336.875	592.980	371.590
1970	3.93800	336.866	592.535	371.613
1971	3.94000	336.849	592.099	371.626
1972	3.94200	336.847	591.662	371.638
1973	3.94400	336.837	591.225	371.650
1974	3.94600	336.821	590.790	371.638
1975	3.94800	336.832	590.353	371.651
1976	3.95000	336.802	589.917	371.639
1977	3.95200	336.813	589.474	371.615
1978	3.95400	336.776	589.029	371.615
1979	3.95600	336.774	588.585	371.616
1980	3.95800	336.757	588.132	371.603
1981	3.96000	336.727	587.696	371.618
1982	3.96200	336.732	587.244	371.607
1983	3.96400	336.688	586.791	371.621
1984	3.96600	336.692	586.346	371.623
1985	3.96800	336.669	585.894	371.638
1986	3.97000	336.674	585.465	371.641
1987	3.97200	336.664	585.013	371.656
1988	3.97400	336.648	584.576	371.646
1989	3.97600	336.652	584.141	371.637
1990	3.97800	336.636	583.696	371.640
1991	3.98000	336.633	583.268	371.644
1992	3.98200	336.624	582.816	371.635
1993	3.98400	336.608	582.387	371.639
1994	3.98600	336.605	581.943	371.643
1995	3.98800	336.582	581.498	371.621
1996	3.99000	336.572	581.045	371.636
1997	3.99200	336.556	580.601	371.616
1998	3.99400	336.546	580.164	371.633
1999	3.99600	336.530	579.711	371.625
2000	3.99800	336.513	579.275	371.617
2001	4.00000	336.483	578.831	371.597
2002	4.00200	336.480	578.386	371.577
2003	4.00400	336.436	577.949	371.568
2004	4.00600	336.433	577.514	371.563
2005	4.00800	336.410	577.085	371.543
2006	4.01000	336.380	576.641	371.549
2007	4.01200	336.370	576.204	371.543
2008	4.01400	336.361	575.775	371.575
2009	4.01600	336.345	575.331	371.556
2010	4.01800	336.329	574.910	371.577
2011	4.02000	336.326	574.466	371.584
2012	4.02200	336.296	574.013	371.578
2013	4.02400	336.293	573.576	371.599
2014	4.02600	336.277	573.132	371.581
2015	4.02800	336.254	572.694	371.601
2016	4.03000	336.258	572.250	371.610
2017	4.03200	336.235	571.804	371.618
2018	4.03400	336.226	571.367	371.639
2019	4.03600	336.216	570.915	371.610
2020	4.03800	336.193	570.487	371.619
2021	4.04000	336.183	570.042	371.603
2022	4.04200	336.167	569.597	371.612
2023	4.04400	336.158	569.152	371.620
2024	4.04600	336.148	568.700	371.593
2025	4.04800	336.125	568.263	371.589
2026	4.05000	336.129	567.819	371.575
2027	4.05200	336.113	567.373	371.585
2028	4.05400	336.103	566.937	371.583
2029	4.05600	336.094	566.492	371.595
2030	4.05800	336.078	566.047	371.605
2031	4.06000	336.075	565.611	371.605
2032	4.06200	336.059	565.165	371.616
2033	4.06400	336.064	564.738	371.603
2034	4.06600	336.047	564.284	371.602
2035	4.06800	336.038	563.847	371.601
2036	4.07000	336.029	563.403	371.614
2037	4.07200	336.005	562.974	371.601
2038	4.07400	335.996	562.529	371.613
2039	4.07600	335.979	562.076	371.587
2040	4.07800	335.956	561.639	371.587
2041	4.08000	335.954	561.187	371.588
2042	4.08200	335.930	560.758	371.601
2043	4.08400	335.928	560.297	371.590
2044	4.08600	335.891	559.860	371.590
2045	4.08800	335.853	559.398	371.577
2046	4.09000	335.837	558.953	371.566
2047	4.09200	335.821	558.533	371.567
2048	4.09400	335.804	558.080	371.544
2049	4.09600	335.774	557.651	371.532
2050	4.09800	335.758	557.206	371.522
2051	4.10000	335.742	556.761	371.512
2052	4.10200	335.739	556.341	371.541
2053	4.10400	335.723	555.896	371.531
2054	4.10600	335.707	555.459	371.533
2055	4.10800	335.704	555.022	371.538
2056	4.11000	335.688	554.577	371.528
2057	4.11200	335.679	554.141	371.532
2058	4.11400	335.683	553.688	371.537
2059	4.11600	335.674	553.259	371.554
2060	4.11800	335.665	552.806	371.558
2061	4.12000	335.655	552.369	371.562
2062	4.12200	335.639	551.931	371.593
2063	4.12400	335.637	551.487	371.585
2064	4.12600	335.621	551.050	371.590
2065	4.12800	335.618	550.596	371.596
2066	4.13000	335.602	550.168	371.589
2067	4.13200	335.599	549.723	371.582
2068	4.13400	335.583	549.286	371.588
2069	4.13600	335.574	548.849	371.594
2070	4.13800	335.564	548.396	371.575
2071	4.14000	335.555	547.959	371.582
2072	4.14200	335.552	547.507	371.564
2073	4.14400	335.523	547.070	371.571
2074	4.14600	335.513	546.608	371.590
2075	4.14800	335.504	546.162	371.584
2076	4.15000	335.474	545.725	371.591
2077	4.15200	335.471	545.272	371.599
2078	4.15400	335.448	544.827	371.594
2079	4.15600	335.439	544.390	371.603
2080	4.15800	335.436	543.945	371.599
2081	4.16000	335.386	543.492	371.608
2082	4.16200	335.369	543.039	371.591
2083	4.16400	335.346	542.594	371.588
2084	4.16600	335.316	542.141	371.597
2085	4.16800	335.300	541.704	371.581
2086	4.17000	335.284	541.251	371.591
2087	4.17200	335.267	540.806	371.588
2088	4.17400	335.230	540.361	371.586
2089	4.17600	335.207	539.899	371.583
2090	4.17800	335.129	539.454	371.580
2091	4.18000	335.099	538.992	371.578
2092	4.18200	335.062	538.572	371.563
2093	4.18400	335.045	538.111	371.562
2094	4.18600	335.008	537.682	371.534
2095	4.18800	334.999	537.245	371.546
2096	4.19000	334.990	536.808	371.533
2097	4.19200	334.960	536.387	371.544
2098	4.19400	334.902	535.960	371.520
2099	4.19600	334.893	535.539	371.507
2100	4.19800	334.877	535.094	371.531
2101	4.20000	334.881	534.649	371.532
2102	4.20200	334.851	534.212	371.544
2103	4.20400	334.856	533.759	371.533
2104	4.20600	334.839	533.322	371.521
2105	4.20800	334.837	532.877	371.547
2106	4.21000	334.834	532.440	371.536
2107	4.21200	334.818	531.995	371.562
2108	4.21400	334.795	531.549	371.563
2109	4.21600	334.786	531.121	371.565
2110	4.21800	334.777	530.667	371.579
2111	4.22000	334.767	530.230	371.568
2112	4.22200	334.758	529.785	371.571
2113	4.22400	334.756	529.340	371.548
2114	4.22600	334.753	528.895	371.551
2115	4.22800	334.730	528.441	371.541
2116	4.23000	334.707	528.004	371.531
2117	4.23200	334.718	527.551	371.547
2118	4.23400	334.695	527.114	371.537
2119	4.23600	334.679	526.660	371.553
2120	4.23800	334.663	526.206	371.544
2121	4.24000	334.640	525.777	371.547
2122	4.24200	334.630	525.315	371.551
2123	4.24400	334.607	524.878	371.543
2124	4.24600	334.598	524.424	371.559
2125	4.24800	334.575	523.987	371.550
2126	4.25000	334.566	523.542	371.530
2127	4.25200	334.543	523.088	371.548
2128	4.25400	334.533	522.651	371.515
2129	4.25600	334.538	522.198	371.534
2130	4.25800	334.515	521.769	371.514
2131	4.26000	334.519	521.316	371.533
2132	4.26200	334.496	520.870	371.514
2133	4.26400	334.487	520.425	371.521
2134	4.26600	334.477	519.963	371.527
2135	4.26800	334.440	519.509	371.520
2136	4.27000	334.431	519.064	371.527
2137	4.27200	334.408	518.619	371.509
2138	4.27400	334.378	518.173	371.491
2139	4.27600	334.362	517.736	371.485
2140	4.27800	334.345	517.299	371.455
2141	4.28000	334.329	516.845	371.475
2142	4.28200	334.306	516.416	371.457
2143	4.28400	334.290	515.971	371.466
2144	4.28600	334.274	515.550	371.487
2145	4.28800	334.258	515.113	371.482
2146	4.29000	334.242	514.668	371.491
2147	4.29200	334.240	514.239	371.500
2148	4.29400	334.224	513.785	371.497
2149	4.29600	334.208	513.348	371.494
2150	4.29800	334.198	512.895	371.492
2151	4.30000	334.175	512.449	371.501
2152	4.30200	334.180	512.004	371.512
2153	4.30400	334.170	511.559	371.523
2154	4.30600	334.155	511.130	371.532
2155	4.30800	334.152	510.676	371.531
2156	4.31000	334.143	510.239	371.529
2157	4.31200	334.140	509.802	371.528
2158	4.31400	334.117	509.349	371.527
2159	4.31600	334.122	508.912	371.526
2160	4.31800	334.106	508.458	371.525
2161	4.32000	334.096	508.013	371.512
2162	4.32200	334.087	507.567	371.499
2163	4.32400	334.064	507.122	371.511
2164	4.32600	334.055	506.668	371.486
2165	4.32800	334.032	506.223	371.498
2166	4.33000	334.009	505.761	371.486
2167	4.33200	333.986	505.324	371.486
2168	4.33400	333.956	504.869	371.486
2169	4.33600	333.933	504.432	371.487
2170	4.33800	333.910	503.970	371.475
2171	4.34000	333.887	503.541	371.488
2172	4.34200	333.871	503.087	371.490
2173	4.34400	333.848	502.650	371.491
2174	4.34600	333.825	502.197	371.494
2175	4.34800	333.809	501.751	371.483
2176	4.35000	333.800	501.306	371.473
2177	4.35200	333.776	500.860	371.463
2178	4.35400	333.774	500.415	371.478
2179	4.35600	333.738	499.969	371.467
2180	4.35800	333.728	499.524	371.484
2181	4.36000	333.726	499.070	371.462
2182	4.36200	333.703	498.625	371.479
2183	4.36400	333.694	498.180	371.470
2184	4.36600	333.685	497.742	371.448
2185	4.36800	333.668	497.305	371.427
2186	4.37000	333.645	496.877	371.418
2187	4.37200	333.643	496.422	371.423
2188	4.37400	333.634	495.986	371.428
2189	4.37600	333.632	495.548	371.432
2190	4.37800	333.616	495.111	371.437
2191	4.38000	333.585	494.675	371.443
2192	4.38200	333.555	494.221	371.475
2193	4.38400	333.553	493.785	371.480
2194	4.38600	333.544	493.331	371.487
2195	4.38800	333.528	492.894	371.493
2196	4.39000	333.511	492.449	371.487
2197	4.39200	333.488	492.004	371.532
2198	4.39400	333.486	491.558	371.526
2199	4.39600	333.463	491.105	371.559
2200	4.39800	333.461	490.668	371.566
2201	4.40000	333.437	490.223	371.562
2202	4.40200	333.414	489.770	371.570
2203	4.40400	333.419	489.325	371.541
2204	4.40600	333.403	488.871	371.549
2205	4.40800	333.400	488.426	371.545
2206	4.41000	333.391	487.980	371.541
2207	4.41200	333.375	487.526	371.524
2208	4.41400	333.372	487.081	371.521
2209	4.41600	333.343	486.619	371.518
2210	4.41800	333.354	486.174	371.515
2211	4.42000	333.331	485.737	371.524
2212	4.42200	333.315	485.274	371.521
2213	4.42400	333.292	484.829	371.518
2214	4.42600	333.256	484.366	371.515
2215	4.42800	333.247	483.921	371.512
2216	4.43000	333.224	483.475	371.509
2217	4.43200	333.215	483.038	371.520
2218	4.43400	333.172	482.584	371.504
2219	4.43600	333.149	482.138	371.501
2220	4.43800	333.113	481.700	371.485
2221	4.44000	333.090	481.238	371.485
2222	4.44200	333.061	480.792	371.482
2223	4.44400	333.024	480.338	371.469
2224	4.44600	333.015	479.901	371.481
2225	4.44800	333.006	479.456	371.480
2226	4.45000	332.989	478.994	371.482
2227	4.45200	332.974	478.548	371.481
2228	4.45400	332.964	478.103	371.457
2229	4.45600	332.948	477.666	371.469
2230	4.45800	332.945	477.212	371.433
2231	4.46000	332.936	476.792	371.446
2232	4.46200	332.920	476.354	371.433
2233	4.46400	332.918	475.918	371.447
2234	4.46600	332.916	475.480	371.460
2235	4.46800	332.900	475.052	371.461
2236	4.47000	332.884	474.615	371.475
2237	4.47200	332.889	474.170	371.478
2238	4.47400	332.859	473.741	371.504
2239	4.47600	332.864	473.296	371.507
2240	4.47800	332.848	472.851	371.510
2241	4.48000	332.839	472.405	371.512
2242	4.48200	332.837	471.960	371.515
2243	4.48400	332.814	471.514	371.518
2244	4.48600	332.805	471.069	371.522
2245	4.48800	332.809	470.633	371.538
2246	4.49000	332.801	470.187	371.542
2247	4.49200	332.791	469.734	371.535
2248	4.49400	332.782	469.288	371.539
2249	4.49600	332.773	468.834	371.506
2250	4.49800	332.750	468.389	371.510
2251	4.50000	332.748	467.935	371.503
2252	4.50200	332.725	467.482	371.496
2253	4.50400	332.716	467.019	371.477
2254	4.50600	332.699	466.574	371.482
2255	4.50800	332.677	466.128	371.462
2256	4.51000	332.675	465.675	371.482
2257	4.51200	332.645	465.238	371.474
2258	4.51400	332.629	464.792	371.480
2259	4.51600	332.620	464.330	371.487
2260	4.51800	332.584	463.884	371.467
2261	4.52000	332.561	463.439	371.474
2262	4.52200	332.532	462.985	371.468
2263	4.52400	332.516	462.547	371.461
2264	4.52600	332.500	462.093	371.456
2265	4.52800	332.478	461.664	371.462
2266	4.53000	332.456	461.210	371.457
2267	4.53200	332.446	460.757	371.453
2268	4.53400	332.431	460.319	371.448
2269	4.53600	332.428	459.866	371.445
2270	4.53800	332.406	459.413	371.467
2271	4.54000	332.403	458.967	371.451
2272	4.54200	332.380	458.522	371.460
2273	4.54400	332.385	458.077	371.444
2274	4.54600	332.369	457.631	371.429
2275	4.54800	332.360	457.194	371.425
2276	4.55000	332.350	456.757	371.397
2277	4.55200	332.334	456.312	371.408
2278	4.55400	332.331	455.875	371.381
2279	4.55600	332.301	455.455	371.402
2280	4.55800	332.271	455.010	371.388
2281	4.56000	332.276	454.582	371.423
2282	4.56200	332.253	454.145	371.421
2283	4.56400	332.229	453.717	371.407
2284	4.56600	332.199	453.272	371.418
2285	4.56800	332.204	452.810	371.431
2286	4.57000	332.189	452.373	371.430
2287	4.57200	332.165	451.920	371.431
2288	4.57400	332.142	451.508	371.441
2289	4.57600	332.140	451.039	371.468
2290	4.57800	332.124	450.619	371.466
2291	4.58000	332.108	450.165	371.492
2292	4.58200	332.098	449.720	371.481
2293	4.58400	332.076	449.291	371.467
2294	4.58600	332.081	448.829	371.457
2295	4.58800	332.058	448.392	371.456
2296	4.59000	332.042	447.930	371.446
2297	4.59200	332.026	447.493	371.447
2298	4.59400	332.010	447.038	371.398
2299	4.59600	331.995	446.594	371.438
2300	4.59800	331.965	446.140	371.415
2301	4.60000	331.949	445.694	371.404
2302	4.60200	331.934	445.232	371.420
2303	4.60400	331.883	444.794	371.371
2304	4.60600	331.861	444.349	371.385
2305	4.60800	331.831	443.896	371.389
2306	4.61000	331.808	443.458	371.366
2307	4.61200	331.744	442.997	371.409
2308	4.61400	331.722	442.559	371.385
2309	4.61600	331.670	442.107	371.391
2310	4.61800	331.648	441.661	371.406
2311	4.62000	331.604	441.216	371.398
2312	4.62200	331.602	440.763	371.403
2313	4.62400	331.572	440.318	371.396
2314	4.62600	331.569	439.865	371.402
2315	4.62800	331.519	439.421	371.445
2316	4.63000	331.503	438.967	371.426
2317	4.63200	331.486	438.515	371.459
2318	4.63400	331.484	438.070	371.452
2319	4.63600	331.475	437.625	371.445
2320	4.63800	331.459	437.179	371.439
2321	4.64000	331.463	436.759	371.418
2322	4.64200	331.448	436.314	371.437
2323	4.64400	331.446	435.877	371.418
2324	4.64600	331.437	435.448	371.410
2325	4.64800	331.427	435.004	371.431
2326	4.65000	331.419	434.575	371.449
2327	4.65200	331.410	434.130	371.444
2328	4.65400	331.407	433.686	371.465
2329	4.65600	331.392	433.248	371.446
2330	4.65800	331.383	432.795	371.455
2331	4.66000	331.367	432.350	371.450
2332	4.66200	331.351	431.897	371.460
2333	4.66400	331.329	431.452	371.480
2334	4.66600	331.320	430.998	371.465
2335	4.66800	331.297	430.562	371.473
2336	4.67000	331.302	430.109	371.483
2337	4.67200	331.280	429.672	371.491
2338	4.67400	331.264	429.218	371.477
2339	4.67600	331.255	428.773	371.474
2340	4.67800	331.246	428.328	371.472
2341	4.68000	331.230	427.882	371.443
2342	4.68200	331.214	427.437	371.441
2343	4.68400	331.198	426.975	371.415
2344	4.68600	331.189	426.546	371.412
2345	4.68800	331.187	426.085	371.413
2346	4.69000	331.158	425.648	371.422
2347	4.69200	331.156	425.195	371.409
2348	4.69400	331.127	424.741	371.421
2349	4.69600	331.119	424.296	371.420
2350	4.69800	331.096	423.851	371.419
2351	4.70000	331.087	423.389	371.420
2352	4.70200	331.085	422.952	371.406
2353	4.70400	331.049	422.499	371.419
2354	4.70600	331.047	422.062	371.406
2355	4.70800	331.025	421.625	371.418
2356	4.71000	331.030	421.173	371.432
2357	4.71200	331.007	420.744	371.431
2358	4.71400	330.984	420.283	371.434
2359	4.71600	330.969	419.854	371.433
2360	4.71800	330.960	419.409	371.434
2361	4.72000	330.944	418.949	371.464
2362	4.72200	330.935	418.511	371.451
2363	4.72400	330.919	418.067	371.454
2364	4.72600	330.903	417.621	371.431
2365	4.72800	330.901	417.185	371.420
2366	4.73000	330.878	416.740	371.423
2367	4.73200	330.876	416.302	371.387
2368	4.73400	330.852	415.866	371.402
2369	4.73600	330.850	415.413	371.394
2370	4.73800	330.841	415.002	371.394
2371	4.74000	330.832	414.549	371.411
2372	4.74200	330.823	414.113	371.427
2373	4.74400	330.800	413.669	371.431
2374	4.74600	330.792	413.207	371.437
2375	4.74800	330.776	412.770	371.427
2376	4.75000	330.760	412.309	371.434
2377	4.75200	330.738	411.864	371.438
2378	4.75400	330.736	411.420	371.444
2379	4.75600	330.700	410.975	371.448
2380	4.75800	330.705	410.538	371.440
2381	4.76000	330.669	410.094	371.470
2382	4.76200	330.647	409.656	371.462
2383	4.76400	330.625	409.203	371.455
2384	4.76600	330.596	408.750	371.475
2385	4.76800	330.573	408.313	371.442
2386	4.77000	330.551	407.868	371.447
2387	4.77200	330.528	407.414	371.442
2388	4.77400	330.493	406.977	371.434
2389	4.77600	330.484	406.516	371.444
2390	4.77800	330.468	406.079	371.438
2391	4.78000	330.445	405.626	371.433
2392	4.78200	330.444	405.182	371.441
2393	4.78400	330.421	404.737	371.424
2394	4.78600	330.420	404.284	371.446
2395	4.78800	330.403	403.839	371.429
2396	4.79000	330.381	403.386	371.426
2397	4.79200	330.373	402.934	371.448
2398	4.79400	330.337	402.504	371.429
2399	4.79600	330.335	402.060	371.438
2400	4.79800	330.333	401.607	371.436
2401	4.80000	330.317	401.171	371.432
2402	4.80200	330.308	400.710	371.444
2403	4.80400	330.313	400.274	371.441
2404	4.80600	330.297	399.829	371.451
2405	4.80800	330.296	399.393	371.448
2406	4.81000	330.273	398.940	371.447
2407	4.81200	330.271	398.487	371.446
2408	4.81400	330.262	398.051	371.444
2409	4.81600	330.239	397.606	371.429
2410	4.81800	330.223	397.144	371.417
2411	4.82000	330.215	396.716	371.401
2412	4.82200	330.192	396.270	371.388
2413	4.82400	330.204	395.826	371.400
2414	4.82600	330.181	395.381	371.387
2415	4.82800	330.179	394.946	371.411
2416	4.83000	330.171	394.510	371.410
2417	4.83200	330.161	394.074	371.410
2418	4.83400	330.145	393.630	371.422
2419	4.83600	330.143	393.177	371.425
2420	4.83800	330.113	392.733	371.438
2421	4.84000	330.118	392.289	371.427
2422	4.84200	330.096	391.844	371.415
2423	4.84400	330.094	391.383	371.431
2424	4.84600	330.065	390.947	371.431
2425	4.84800	330.036	390.494	371.433
2426	4.85000	330.041	390.041	371.437
2427	4.85200	330.005	389.605	371.437
2428	4.85400	329.996	389.161	371.452
2429	4.85600	329.974	388.700	371.444
2430	4.85800	329.951	388.264	371.445
2431	4.86000	329.944	387.818	371.435
2432	4.86200	329.920	387.374	371.425
2433	4.86400	329.897	386.922	371.430
2434	4.86600	329.874	386.469	371.435
2435	4.86800	329.880	386.024	371.426
2436	4.87000	329.836	385.565	371.445
2437	4.87200	329.828	385.128	371.448
2438	4.87400	329.805	384.684	371.439
2439	4.87600	329.803	384.224	371.459
2440	4.87800	329.787	383.788	371.463
2441	4.88000	329.757	383.336	371.469
2442	4.88200	329.735	382.883	371.476
2443	4.88400	329.719	382.448	371.480
2444	4.88600	329.689	381.988	371.501
2445	4.88800	329.673	381.552	371.505
2446	4.89000	329.644	381.091	371.501
2447	4.89200	329.628	380.664	371.517
2448	4.89400	329.613	380.203	371.513
2449	4.89600	329.603	379.760	371.533
2450	4.89800	329.581	379.323	371.512
2451	4.90000	329.572	378.862	371.509
2452	4.90200	329.551	378.410	371.517
2453	4.90400	329.535	377.956	371.500
2454	4.90600	329.519	377.513	371.520
2455	4.90800	329.497	377.067	371.489
2456	4.91000	329.482	376.630	371.470
2457	4.91200	329.466	376.170	371.468
2458	4.91400	329.450	375.742	371.461
2459	4.91600	329.415	375.296	371.430
2460	4.91800	329.413	374.869	371.449
2461	4.92000	329.404	374.425	371.446
2462	4.92200	329.389	373.989	371.454
2463	4.92400	329.380	373.537	371.464
2464	4.92600	329.350	373.110	371.458
2465	4.92800	329.328	372.650	371.483
2466	4.93000	329.320	372.213	371.466
2467	4.93200	329.311	371.761	371.478
2468	4.93400	329.289	371.317	371.475
2469	4.93600	329.287	370.865	371.487
2470	4.93800	329.278	370.421	371.485
2471	4.94000	329.271	369.978	371.508
2472	4.94200	329.255	369.534	371.507
2473	4.94400	329.239	369.082	371.519
2474	4.94600	329.238	368.645	371.504
2475	4.94800	329.222	368.194	371.517
2476	4.95000	329.214	367.750	371.516
2477	4.95200	329.219	367.313	371.501
2478	4.95400	329.197	366.862	371.515
2479	4.95600	329.202	366.418	371.515
2480	4.95800	329.187	365.974	371.514
2481	4.96000	329.185	365.530	371.515
2482	4.96200	329.169	365.086	371.515
2483	4.96400	329.167	364.642	371.516
2484	4.96600	329.158	364.190	371.506
2485	4.96800	329.143	363.746	371.506
2486	4.97000	329.141	363.294	371.522
2487	4.97200	329.126	362.842	371.512
2488	4.97400	329.110	362.398	371.514
2489	4.97600	329.102	361.945	371.504
2490	4.97800	329.086	361.502	371.506
2491	4.98000	329.071	361.049	371.496
2492	4.98200	329.062	360.597	371.488
2493	4.98400	329.026	360.144	371.478
2494	4.98600	329.025	359.692	371.495
2495	4.98800	328.989	359.238	371.460
2496	4.99000	328.994	358.788	371.478
2497	4.99200	328.972	358.335	371.470
2498	4.99400	328.971	357.891	371.473
2499	4.99600	328.914	357.439	371.465
2500	4.99800	328.892	356.995	371.468
2501	5.00000	328.855	356.558	371.433
2502	5.00200	328.840	356.123	371.448
2503	5.00400	328.824	355.694	371.424
2504	5.00600	328.795	355.251	371.429
2505	5.00800	328.765	354.816	371.445
2506	5.01000	328.749	354.381	371.436
2507	5.01200	328.713	353.953	371.438
2508	5.01400	328.711	353.510	371.444
2509	5.01600	328.674	353.084	371.447
2510	5.01800	328.680	352.624	371.456
2511	5.02000	328.670	352.188	371.448
2512	5.02200	328.633	351.736	371.443
2513	5.02400	328.624	351.302	371.461
2514	5.02600	328.609	350.850	371.456
2515	5.02800	328.594	350.408	371.489
2516	5.03000	328.579	349.965	371.496
2517	5.03200	328.555	349.529	371.489
2518	5.03400	328.526	349.086	371.496
2519	5.03600	328.524	348.643	371.504
2520	5.03800	328.502	348.199	371.486
2521	5.04000	328.487	347.755	371.494
2522	5.04200	328.478	347.311	371.477
2523	5.04400	328.448	346.868	371.486
2524	5.04600	328.425	346.424	371.469
2525	5.04800	328.404	345.963	371.455
2526	5.05000	328.367	345.511	371.452
2527	5.05200	328.346	345.050	371.438
2528	5.05400	328.337	344.607	371.448
2529	5.05600	328.308	344.146	371.435
2530	5.05800	328.292	343.711	371.431
2531	5.06000	328.278	343.243	371.432
2532	5.06200	328.261	342.799	371.418
2533	5.06400	328.240	342.347	371.416
2534	5.06600	328.252	341.913	371.438
2535	5.06800	328.209	341.460	371.412
2536	5.07000	328.215	341.017	371.423
2537	5.07200	328.192	340.564	371.398
2538	5.07400	328.183	340.122	371.409
2539	5.07600	328.169	339.669	371.409
2540	5.07800	328.160	339.227	371.421
2541	5.08000	328.146	338.784	371.432
2542	5.08200	328.144	338.340	371.419
2543	5.08400	328.107	337.889	371.421
2544	5.08600	328.120	337.446	371.433
2545	5.08800	328.098	337.002	371.420
2546	5.09000	328.081	336.567	371.420
2547	5.09200	328.067	336.116	371.421
2548	5.09400	328.064	335.689	371.406
2549	5.09600	328.028	335.246	371.420
2550	5.09800	328.040	334.795	371.423
2551	5.10000	328.009	334.370	371.434
2552	5.10200	327.972	333.926	371.423
2553	5.10400	327.962	333.486	371.464
2554	5.10600	327.954	333.035	371.467
2555	5.10800	327.923	332.593	371.483
2556	5.11000	327.914	332.133	371.476
2557	5.11200	327.905	331.692	371.492
2558	5.11400	327.889	331.241	371.496
2559	5.11600	327.888	330.791	371.526
2560	5.11800	327.864	330.348	371.517
2561	5.12000	327.855	329.906	371.534
2562	5.12200	327.847	329.471	371.535
2563	5.12400	327.831	329.030	371.552
2564	5.12600	327.838	328.578	371.557
2565	5.12800	327.821	328.144	371.560
2566	5.13000	327.791	327.694	371.566
2567	5.13200	327.791	327.250	371.557
2568	5.13400	327.783	326.797	371.537
2569	5.13600	327.762	326.346	371.543
2570	5.13800	327.739	325.902	371.535
2571	5.14000	327.718	325.435	371.545
2572	5.14200	327.696	324.992	371.537
2573	5.14400	327.675	324.532	371.533
2574	5.14600	327.640	324.081	371.540
2575	5.14800	327.598	323.621	371.535
2576	5.15000	327.562	323.168	371.517
2577	5.15200	327.554	322.718	371.525
2578	5.15400	327.533	322.274	371.518
2579	5.15600	327.504	321.831	371.512
2580	5.15800	327.496	321.380	371.520
2581	5.16000	327.487	320.945	371.500
2582	5.16200	327.457	320.494	371.510
2583	5.16400	327.449	320.051	371.504
2584	5.16600	327.433	319.617	371.510
2585	5.16800	327.411	319.158	371.509
2586	5.17000	327.403	318.724	371.515
2587	5.17200	327.387	318.272	371.500
2588	5.17400	327.386	317.831	371.522
2589	5.17600	327.371	317.379	371.506
2590	5.17800	327.355	316.936	371.503
2591	5.18000	327.341	316.493	371.498
2592	5.18200	327.331	316.050	371.495
2593	5.18400	327.310	315.623	371.488
2594	5.18600	327.295	315.189	371.495
2595	5.18800	327.287	314.746	371.493
2596	5.19000	327.258	314.312	371.500
2597	5.19200	327.244	313.853	371.501
2598	5.19400	327.236	313.419	371.510
2599	5.19600	327.207	312.969	371.522
2600	5.19800	327.206	312.526	371.520
2601	5.20000	327.190	312.084	371.518
2602	5.20200	327.182	311.634	371.531
2603	5.20400	327.173	311.192	371.530
2604	5.20600	327.144	310.742	371.544
2605	5.20800	327.142	310.290	371.532
2606	5.21000	327.120	309.857	371.542
2607	5.21200	327.098	309.407	371.556
2608	5.21400	327.077	308.964	371.555
2609	5.21600	327.075	308.522	371.555
2610	5.21800	327.046	308.064	371.559
2611	5.22000	327.032	307.628	371.544
2612	5.22200	327.017	307.177	371.533
2613	5.22400	326.995	306.718	371.537
2614	5.22600	326.981	306.274	371.512
2615	5.22800	326.952	305.824	371.527
2616	5.23000	326.956	305.373	371.518
2617	5.23200	326.935	304.931	371.519
2618	5.23400	326.926	304.473	371.525
2619	5.23600	326.925	304.031	371.527
2620	5.23800	326.902	303.589	371.529
2621	5.24000	326.901	303.140	371.546
2622	5.24200	326.899	302.689	371.538
2623	5.24400	326.883	302.254	371.526
2624	5.24600	326.869	301.805	371.543
2625	5.24800	326.882	301.363	371.546
2626	5.25000	326.866	300.912	371.539
2627	5.25200	326.856	300.480	371.554
2628	5.25400	326.849	300.029	371.546
2629	5.25600	326.839	299.578	371.540
2630	5.25800	326.839	299.136	371.544
2631	5.26000	326.823	298.702	371.533
2632	5.26200	326.821	298.246	371.568
2633	5.26400	326.799	297.796	371.561
2634	5.26600	326.798	297.354	371.566
2635	5.26800	326.782	296.912	371.571
2636	5.27000	326.781	296.469	371.551
2637	5.27200	326.771	296.028	371.557
2638	5.27400	326.750	295.568	371.540
2639	5.27600	326.728	295.134	371.531
2640	5.27800	326.699	294.683	371.526
2641	5.28000	326.698	294.241	371.532
2642	5.28200	326.669	293.791	371.527
2643	5.28400	326.655	293.358	371.544
2644	5.28600	326.640	292.915	371.525
2645	5.28800	326.611	292.473	371.531
2646	5.29000	326.584	292.015	371.541
2647	5.29200	326.556	291.580	371.533
2648	5.29400	326.529	291.113	371.533
2649	5.29600	326.527	290.681	371.551
2650	5.29800	326.485	290.231	371.547
2651	5.30000	326.465	289.798	371.566
2652	5.30200	326.444	289.340	371.577
2653	5.30400	326.434	288.916	371.582
2654	5.30600	326.406	288.466	371.580
2655	5.30800	326.411	288.033	371.600
2656	5.31000	326.381	287.575	371.587
2657	5.31200	326.373	287.134	371.597
2658	5.31400	326.365	286.682	371.570
2659	5.31600	326.349	286.242	371.580
2660	5.31800	326.340	285.783	371.568
2661	5.32000	326.324	285.342	371.578
2662	5.32200	326.302	284.892	371.578
2663	5.32400	326.308	284.443	371.578
2664	5.32600	326.293	283.993	371.577
2665	5.32800	326.262	283.562	371.600
2666	5.33000	326.254	283.103	371.589
2667	5.33200	326.224	282.656	371.615
2668	5.33400	326.201	282.214	371.602
2669	5.33600	326.188	281.765	371.627
2670	5.33800	326.151	281.314	371.602
2671	5.34000	326.115	280.857	371.618
2672	5.34200	326.087	280.408	371.619
2673	5.34400	326.064	279.974	371.617
2674	5.34600	326.036	279.509	371.623
2675	5.34800	326.021	279.059	371.624
2676	5.35000	325.985	278.601	371.616
2677	5.35200	325.958	278.144	371.632
2678	5.35400	325.930	277.694	371.634
2679	5.35600	325.921	277.245	371.637
2680	5.35800	325.901	276.793	371.614
2681	5.36000	325.879	276.353	371.628
2682	5.36200	325.842	275.886	371.610
2683	5.36400	325.848	275.460	371.594
2684	5.36600	325.820	275.008	371.571
2685	5.36800	325.811	274.585	371.582
2686	5.37000	325.796	274.135	371.586
2687	5.37200	325.774	273.702	371.586
2688	5.37400	325.772	273.254	371.591
2689	5.37600	325.765	272.814	371.607
2690	5.37800	325.742	272.363	371.586
2691	5.38000	325.740	271.917	371.618
2692	5.38200	325.732	271.468	371.623
2693	5.38400	325.724	271.035	371.625
2694	5.38600	325.722	270.571	371.635
2695	5.38800	325.714	270.140	371.663
2696	5.39000	325.712	269.692	371.669
2697	5.39200	325.704	269.252	371.687
2698	5.39400	325.702	268.795	371.683
2699	5.39600	325.693	268.365	371.712
2700	5.39800	325.699	267.914	371.693
2701	5.40000	325.697	267.481	371.696
2702	5.40200	325.688	267.015	371.683
2703	5.40400	325.687	266.592	371.697
2704	5.40600	325.678	266.133	371.668
2705	5.40800	325.677	265.686	371.702
2706	5.41000	325.662	265.227	371.674
2707	5.41200	325.652	264.795	371.679
2708	5.41400	325.638	264.322	371.681
2709	5.41600	325.644	263.892	371.711
2710	5.41800	325.614	263.426	371.699
2711	5.42000	325.627	262.977	371.709
2712	5.42200	325.606	262.527	371.692
2713	5.42400	325.590	262.079	371.702
2714	5.42600	325.563	261.619	371.674
2715	5.42800	325.562	261.180	371.695
2716	5.43000	325.520	260.721	371.668
2717	5.43200	325.527	260.282	371.689
2718	5.43400	325.492	259.822	371.662
2719	5.43600	325.463	259.390	371.668
2720	5.43800	325.437	258.930	371.641
2721	5.44000	325.415	258.491	371.663
2722	5.44200	325.387	258.025	371.653
2723	5.44400	325.380	257.584	371.649
2724	5.44600	325.331	257.136	371.660
2725	5.44800	325.321	256.687	371.647
2726	5.45000	325.314	256.243	371.617
2727	5.45200	325.293	255.795	371.629
2728	5.45400	325.271	255.346	371.616
2729	5.45600	325.255	254.912	371.599
2730	5.45800	325.233	254.472	371.596
2731	5.46000	325.212	254.031	371.594
2732	5.46200	325.212	253.590	371.592
2733	5.46400	325.182	253.152	371.616
2734	5.46600	325.174	252.711	371.615
2735	5.46800	325.158	252.271	371.614
2736	5.47000	325.144	251.817	371.643
2737	5.47200	325.113	251.384	371.627
2738	5.47400	325.088	250.952	371.612
2739	5.47600	325.058	250.496	371.616
2740	5.47800	325.036	250.064	371.626
2741	5.48000	325.006	249.615	371.616
2742	5.48200	324.986	249.168	371.631
2743	5.48400	324.971	248.719	371.620
2744	5.48600	324.948	248.288	371.631
2745	5.48800	324.919	247.823	371.626
2746	5.49000	324.905	247.392	371.637
2747	5.49200	324.875	246.934	371.617
2748	5.49400	324.862	246.493	371.618
2749	5.49600	324.827	246.035	371.597
2750	5.49800	324.793	245.588	371.613
2751	5.50000	324.798	245.121	371.584
2752	5.50200	324.777	244.689	371.596
2753	5.50400	324.750	244.224	371.592
2754	5.50600	324.745	243.786	371.619
2755	5.50800	324.715	243.328	371.601
2756	5.51000	324.707	242.891	371.629
2757	5.51200	324.702	242.425	371.626
2758	5.51400	324.678	241.995	371.640
2759	5.51600	324.680	241.537	371.621
2760	5.51800	324.679	241.100	371.651
2761	5.52000	324.641	240.642	371.634
2762	5.52200	324.642	240.196	371.653
2763	5.52400	324.635	239.745	371.620
2764	5.52600	324.610	239.306	371.626
2765	5.52800	324.605	238.841	371.624
2766	5.53000	324.611	238.411	371.639
2767	5.53200	324.572	237.945	371.614
2768	5.53400	324.587	237.492	371.649
2769	5.53600	324.563	237.044	371.644
2770	5.53800	324.538	236.604	371.625
2771	5.54000	324.547	236.145	371.609
2772	5.54200	324.530	235.698	371.605
2773	5.54400	324.506	235.257	371.586
2774	5.54600	324.521	234.808	371.581
2775	5.54800	324.491	234.376	371.573
2776	5.55000	324.473	233.920	371.559
2777	5.55200	324.482	233.480	371.565
2778	5.55400	324.452	233.033	371.562
2779	5.55600	324.422	232.588	371.585
2780	5.55800	324.444	232.130	371.571
2781	5.56000	324.400	231.685	371.594
2782	5.56200	324.406	231.244	371.576
2783	5.56400	324.415	230.789	371.589
2784	5.56600	324.377	230.341	371.587
2785	5.56800	324.377	229.896	371.611
2786	5.57000	324.364	229.441	371.624
2787	5.57200	324.313	229.009	371.617
2788	5.57400	324.314	228.545	371.620
2789	5.57600	324.322	228.109	371.655
2790	5.57800	324.292	227.659	371.628
2791	5.58000	324.291	227.230	371.648
2792	5.58200	324.278	226.764	371.626
2793	5.58400	324.255	226.333	371.621
2794	5.58600	324.240	225.869	371.625
2795	5.58800	324.226	225.447	371.630
2796	5.59000	324.202	224.982	371.610
2797	5.59200	324.196	224.543	371.620
2798	5.59400	324.174	224.080	371.626
2799	5.59600	324.159	223.636	371.653
2800	5.59800	324.144	223.180	371.643
2801	5.60000	324.115	222.742	371.655
2802	5.60200	324.085	222.286	371.646
2803	5.60400	324.077	221.842	371.673
2804	5.60600	324.061	221.392	371.649
2805	5.60800	324.016	220.933	371.683
2806	5.61000	324.002	220.486	371.685
2807	5.61200	323.971	220.040	371.688
2808	5.61400	323.943	219.586	371.705
2809	5.61600	323.927	219.131	371.698
2810	5.61800	323.904	218.693	371.711
2811	5.62000	323.883	218.244	371.688
2812	5.62200	323.876	217.790	371.707
2813	5.62400	323.846	217.326	371.690
2814	5.62600	323.818	216.879	371.693
2815	5.62800	323.802	216.408	371.692
2816	5.63000	323.781	215.971	371.706
2817	5.63200	323.752	215.503	371.664
2818	5.63400	323.759	215.066	371.678
2819	5.63600	323.710	214.607	371.646
2820	5.63800	323.690	214.192	371.639
2821	5.64000	323.669	213.736	371.634
2822	5.64200	323.662	213.299	371.649
2823	5.64400	323.640	212.853	371.655
2824	5.64600	323.627	212.422	371.654
2825	5.64800	323.605	211.960	371.665
2826	5.65000	323.597	211.523	371.682
2827	5.65200	323.583	211.068	371.677
2828	5.65400	323.575	210.631	371.694
2829	5.65600	323.553	210.176	371.690
2830	5.65800	323.553	209.739	371.707
2831	5.66000	323.533	209.293	371.714
2832	5.66200	323.531	208.857	371.732
2833	5.66400	323.503	208.411	371.739
2834	5.66600	323.501	207.965	371.747
2835	5.66800	323.481	207.526	371.738
2836	5.67000	323.479	207.065	371.752
2837	5.67200	323.465	206.626	371.744
2838	5.67400	323.463	206.171	371.743
2839	5.67600	323.449	205.741	371.746
2840	5.67800	323.448	205.271	371.750
2841	5.68000	323.427	204.835	371.769
2842	5.68200	323.410	204.378	371.742
2843	5.68400	323.410	203.926	371.767
2844	5.68600	323.397	203.462	371.756
2845	5.68800	323.389	203.007	371.755
2846	5.69000	323.375	202.559	371.739
2847	5.69200	323.359	202.105	371.739
2848	5.69400	323.339	201.651	371.739
2849	5.69600	323.323	201.203	371.724
2850	5.69800	323.310	200.748	371.724
2851	5.70000	323.295	200.304	371.735
2852	5.70200	323.274	199.856	371.719
2853	5.70400	323.246	199.402	371.720
2854	5.70600	323.225	198.954	371.705
2855	5.70800	323.199	198.499	371.706
2856	5.71000	323.185	198.063	371.727
2857	5.71200	323.172	197.600	371.719
2858	5.71400	323.150	197.155	371.731
2859	5.71600	323.130	196.701	371.732
2860	5.71800	323.114	196.263	371.730
2861	5.72000	323.108	195.800	371.722
2862	5.72200	323.100	195.368	371.703
2863	5.72400	323.086	194.924	371.716
2864	5.72600	323.085	194.489	371.672
2865	5.72800	323.063	194.045	371.686
2866	5.73000	323.055	193.607	371.684
2867	5.73200	323.041	193.169	371.682
2868	5.73400	323.018	192.725	371.696
2869	5.73600	323.004	192.281	371.710
2870	5.73800	323.024	191.834	371.699
2871	5.74000	323.004	191.399	371.724
2872	5.74200	322.986	190.937	371.719
2873	5.74400	322.974	190.499	371.718
2874	5.74600	322.964	190.037	371.714
2875	5.74800	322.942	189.594	371.729
2876	5.75000	322.948	189.141	371.735
2877	5.75200	322.928	188.696	371.751
2878	5.75400	322.906	188.234	371.746
2879	5.75600	322.900	187.797	371.746
2880	5.75800	322.872	187.350	371.737
2881	5.76000	322.864	186.897	371.743
2882	5.76200	322.843	186.441	371.724
2883	5.76400	322.834	185.998	371.741
2884	5.76600	322.814	185.552	371.732
2885	5.76800	322.806	185.105	371.724
2886	5.77000	322.792	184.653	371.731
2887	5.77200	322.762	184.191	371.729
2888	5.77400	322.777	183.754	371.731
2889	5.77600	322.754	183.302	371.739
2890	5.77800	322.734	182.865	371.741
2891	5.78000	322.721	182.409	371.723
2892	5.78200	322.706	181.960	371.758
2893	5.78400	322.684	181.514	371.751
2894	5.78600	322.687	181.067	371.744
2895	5.78800	322.659	180.614	371.753
2896	5.79000	322.650	180.172	371.773
2897	5.79200	322.637	179.726	371.766
2898	5.79400	322.643	179.274	371.776
2899	5.79600	322.608	178.828	371.770
2900	5.79800	322.621	178.383	371.765
2901	5.80000	322.594	177.924	371.791
2902	5.80200	322.576	177.477	371.760
2903	5.80400	322.562	177.034	371.781
2904	5.80600	322.562	176.573	371.782
2905	5.80800	322.533	176.121	371.794
2906	5.81000	322.532	175.673	371.763
2907	5.81200	322.518	175.237	371.769
2908	5.81400	322.493	174.790	371.739
2909	5.81600	322.486	174.359	371.729
2910	5.81800	322.494	173.908	371.741
2911	5.82000	322.471	173.472	371.748
2912	5.82200	322.447	173.037	371.755
2913	5.82400	322.433	172.583	371.742
2914	5.82600	322.427	172.137	371.739
2915	5.82800	322.397	171.692	371.736
2916	5.83000	322.392	171.235	371.765
2917	5.83200	322.377	170.780	371.753
2918	5.83400	322.353	170.335	371.749
2919	5.83600	322.329	169.869	371.770
2920	5.83800	322.325	169.432	371.777
2921	5.84000	322.297	168.969	371.755
2922	5.84200	322.269	168.527	371.780
2923	5.84400	322.263	168.076	371.794
2924	5.84600	322.245	167.637	371.776
2925	5.84800	322.224	167.192	371.775
2926	5.85000	322.197	166.741	371.790
2927	5.85200	322.184	166.302	371.773
2928	5.85400	322.175	165.858	371.773
2929	5.85600	322.155	165.408	371.789
2930	5.85800	322.138	164.964	371.789
2931	5.86000	322.139	164.519	371.789
2932	5.86200	322.138	164.069	371.806
2933	5.86400	322.108	163.625	371.807
2934	5.86600	322.086	163.157	371.804
2935	5.86800	322.093	162.716	371.832
2936	5.87000	322.071	162.263	371.823
2937	5.87200	322.057	161.819	371.824
2938	5.87400	322.012	161.369	371.843
2939	5.87600	322.002	160.926	371.845
2940	5.87800	321.957	160.477	371.864
2941	5.88000	321.942	160.018	371.872
2942	5.88200	321.912	159.590	371.869
2943	5.88400	321.912	159.131	371.877
2944	5.88600	321.877	158.681	371.896
2945	5.88800	321.847	158.229	371.889
2946	5.89000	321.827	157.785	371.892
2947	5.89200	321.813	157.317	371.892
2948	5.89400	321.801	156.873	371.895
2949	5.89600	321.773	156.414	371.904
2950	5.89800	321.758	155.962	371.899
2951	5.90000	321.739	155.515	371.876
2952	5.90200	321.716	155.072	371.881
2953	5.90400	321.690	154.613	371.891
2954	5.90600	321.669	154.181	371.862
2955	5.90800	321.635	153.738	371.867
2956	5.91000	321.634	153.286	371.862
2957	5.91200	321.603	152.866	371.870
2958	5.91400	321.615	152.411	371.840
2959	5.91600	321.574	151.971	371.871
2960	5.91800	321.564	151.520	371.867
2961	5.92000	321.566	151.092	371.867
2962	5.92200	321.557	150.628	371.896
2963	5.92400	321.549	150.177	371.893
2964	5.92600	321.533	149.740	371.884
2965	5.92800	321.526	149.292	371.907
2966	5.93000	321.518	148.844	371.930
2967	5.93200	321.497	148.398	371.911
2968	5.93400	321.503	147.959	371.945
2969	5.93600	321.489	147.507	371.943
2970	5.93800	321.488	147.081	371.945
2971	5.94000	321.480	146.614	371.949
2972	5.94200	321.472	146.187	371.951
2973	5.94400	321.464	145.733	371.924
2974	5.94600	321.449	145.300	371.942
2975	5.94800	321.449	144.849	371.941
2976	5.95000	321.441	144.403	371.924
2977	5.95200	321.419	143.956	371.950
2978	5.95400	321.426	143.505	371.949
2979	5.95600	321.406	143.062	371.958
2980	5.95800	321.398	142.596	371.965
2981	5.96000	321.384	142.154	371.975
2982	5.96200	321.377	141.694	371.965
2983	5.96400	321.363	141.268	371.969
2984	5.96600	321.341	140.808	371.960
2985	5.96800	321.335	140.366	371.970
2986	5.97000	321.321	139.915	371.971
2987	5.97200	321.308	139.464	371.972
2988	5.97400	321.294	139.019	371.957
2989	5.97600	321.266	138.578	371.968
2990	5.97800	321.224	138.127	371.969
2991	5.98000	321.214	137.681	371.953
2992	5.98200	321.181	137.234	371.981
2993	5.98400	321.140	136.773	371.973
2994	5.98600	321.129	136.332	371.985
2995	5.98800	321.115	135.878	371.961
2996	5.99000	321.093	135.437	371.974
2997	5.99200	321.085	134.984	371.951
2998	5.99400	321.087	134.554	371.930
2999	5.99600	321.058	134.113	371.944
3000	5.99800	321.048	133.670	371.932
3001	6.00000	321.044	133.244	371.938
3002	6.00200	321.025	132.795	371.943
3003	6.00400	321.005	132.360	371.940
3004	6.00600	321.019	131.916	371.928
3005	6.00800	320.998	131.479	371.969
3006	6.01000	320.982	131.030	371.974
3007	6.01200	320.982	130.586	371.963
3008	6.01400	320.975	130.130	371.985
3009	6.01600	320.959	129.687	371.974
3010	6.01800	320.963	129.236	371.979
3011	6.02000	320.932	128.794	371.969
3012	6.02200	320.920	128.344	371.974
3013	6.02400	320.912	127.894	371.980
3014	6.02600	320.885	127.463	372.006
3015	6.02800	320.869	127.005	372.003
3016	6.03000	320.857	126.576	371.986
3017	6.03200	320.859	126.117	371.983
3018	6.03400	320.818	125.689	371.966
3019	6.03600	320.812	125.225	371.980
3020	6.03800	320.772	124.790	371.980
3021	6.04000	320.751	124.332	371.978
3022	6.04200	320.727	123.891	371.994
3023	6.04400	320.715	123.448	371.985
3024	6.04600	320.680	122.999	371.993
3025	6.04800	320.658	122.550	372.002
3026	6.05000	320.668	122.107	371.993
3027	6.05200	320.637	121.659	372.003
3028	6.05400	320.629	121.210	372.012
3029	6.05600	320.622	120.762	372.022
3030	6.05800	320.622	120.323	372.041
3031	6.06000	320.607	119.881	372.034
3032	6.06200	320.591	119.438	372.028
3033	6.06400	320.592	118.990	372.038
3034	6.06600	320.578	118.557	372.041
3035	6.06800	320.577	118.109	372.052
3036	6.07000	320.577	117.676	372.056
3037	6.07200	320.546	117.219	372.057
3038	6.07400	320.532	116.786	372.061
3039	6.07600	320.546	116.335	372.046
3040	6.07800	320.523	115.888	372.058
3041	6.08000	320.497	115.445	372.052
3042	6.08200	320.497	114.993	372.038
3043	6.08400	320.470	114.546	372.049
3044	6.08600	320.476	114.100	372.019
3045	6.08800	320.442	113.667	372.023
3046	6.09000	320.436	113.216	372.009
3047	6.09200	320.415	112.784	372.015
3048	6.09400	320.415	112.336	372.028
3049	6.09600	320.394	111.904	372.034
3050	6.09800	320.380	111.462	372.030
3051	6.10000	320.367	111.005	372.034
3052	6.10200	320.327	110.554	372.021
3053	6.10400	320.327	110.107	372.034
3054	6.10600	320.316	109.665	372.031
3055	6.10800	320.294	109.218	372.046
3056	6.11000	320.261	108.765	372.076
3057	6.11200	320.254	108.323	372.074
3058	6.11400	320.242	107.885	372.098
3059	6.11600	320.207	107.435	372.087
3060	6.11800	320.199	106.994	372.085
3061	6.12000	320.172	106.547	372.100
3062	6.12200	320.178	106.097	372.090
3063	6.12400	320.152	105.656	372.088
3064	6.12600	320.125	105.216	372.089
3065	6.12800	320.066	104.771	372.105
3066	6.13000	320.096	104.326	372.078
3067	6.13200	320.067	103.883	372.121
3068	6.13400	320.035	103.434	372.112
3069	6.13600	320.036	102.994	372.112
3070	6.13800	320.006	102.568	372.105
3071	6.14000	319.997	102.108	372.131
3072	6.14200	319.954	101.677	372.141
3073	6.14400	319.914	101.225	372.106
3074	6.14600	319.879	100.788	372.134
3075	6.14800	319.887	100.344	372.108
3076	6.15000	319.828	99.882	372.177
3077	6.15200	319.822	99.438	372.152
3078	6.15400	319.801	98.998	372.154
3079	6.15600	319.766	98.547	372.190
3080	6.15800	319.762	98.108	372.148
3081	6.16000	319.703	97.657	372.184
3082	6.16200	319.719	97.213	372.160
3083	6.16400	319.672	96.762	372.196
3084	6.16600	319.676	96.312	372.189
3085	6.16800	319.641	95.872	372.191
3086	6.17000	319.599	95.429	372.168
3087	6.17200	319.613	94.980	372.162
3088	6.17400	319.572	94.545	372.148
3089	6.17600	319.570	94.097	372.143
3090	6.17800	319.551	93.672	372.139
3091	6.18000	319.543	93.233	372.144
3092	6.18200	319.514	92.800	372.131
3093	6.18400	319.514	92.355	372.153
3094	6.18600	319.463	91.922	372.141
3095	6.18800	319.485	91.482	372.146
3096	6.19000	319.462	91.029	372.159
3097	6.19200	319.425	90.590	372.164
3098	6.19400	319.441	90.136	372.177
3099	6.19600	319.434	89.703	372.166
3100	6.19800	319.440	89.240	372.171
3101	6.20000	319.429	88.804	372.203
3102	6.20200	319.433	88.357	372.200
3103	6.20400	319.412	87.913	372.224
3104	6.20600	319.425	87.469	372.248
3105	6.20800	319.420	87.036	372.238
3106	6.21000	319.412	86.598	372.245
3107	6.21200	319.389	86.150	372.243
3108	6.21400	319.394	85.720	372.259
3109	6.21600	319.370	85.273	372.258
3110	6.21800	319.365	84.825	372.256
3111	6.22000	319.391	84.377	372.254
3112	6.22200	319.377	83.934	372.235
3113	6.22400	319.364	83.476	372.268
3114	6.22600	319.359	83.028	372.267
3115	6.22800	319.360	82.581	372.266
3116	6.23000	319.324	82.128	372.282
3117	6.23200	319.313	81.690	372.291
3118	6.23400	319.296	81.242	372.290
3119	6.23600	319.283	80.789	372.307
3120	6.23800	319.261	80.357	372.300
3121	6.24000	319.250	79.909	372.299
3122	6.24200	319.200	79.483	372.275
3123	6.24400	319.183	79.022	372.284
3124	6.24600	319.149	78.584	372.294
3125	6.24800	319.137	78.149	372.262
3126	6.25000	319.098	77.706	372.289
3127	6.25200	319.087	77.261	372.291
3128	6.25400	319.075	76.819	372.275
3129	6.25600	319.042	76.388	372.270
3130	6.25800	319.038	75.926	372.279
3131	6.26000	319.033	75.494	372.274
3132	6.26200	318.987	75.060	372.242
3133	6.26400	318.982	74.608	372.262
3134	6.26600	318.990	74.172	372.230
3135	6.26800	318.963	73.740	372.225
3136	6.27000	318.945	73.310	372.221
3137	6.27200	318.950	72.857	372.241
3138	6.27400	318.921	72.417	372.228
3139	6.27600	318.901	71.976	372.214
3140	6.27800	318.906	71.533	372.244
3141	6.28000	318.901	71.087	372.247
3142	6.28200	318.874	70.651	372.261
3143	6.28400	318.847	70.190	372.273
3144	6.28600	318.836	69.749	372.260
3145	6.28800	318.786	69.318	372.256
3146	6.29000	318.767	68.858	372.269
3147	6.29200	318.750	68.432	372.248
3148	6.29400	318.726	68.002	372.246
3149	6.29600	318.677	67.555	372.295
3150	6.29800	318.698	67.110	372.302
3151	6.30000	318.681	66.679	372.299
3152	6.30200	318.663	66.245	372.272
3153	6.30400	318.650	65.795	372.295
3154	6.30600	318.634	65.355	372.285
3155	6.30800	318.621	64.916	372.274
3156	6.31000	318.592	64.466	372.298
3157	6.31200	318.562	64.012	372.296
3158	6.31400	318.555	63.582	372.296
3159	6.31600	318.528	63.142	372.286
3160	6.31800	318.515	62.692	372.311
3161	6.32000	318.499	62.253	372.301
3162	6.32200	318.494	61.814	372.292
3163	6.32400	318.481	61.364	372.317
3164	6.32600	318.463	60.926	372.309
3165	6.32800	318.476	60.480	372.317
3166	6.33000	318.453	60.037	372.326
3167	6.33200	318.439	59.588	372.309
3168	6.33400	318.442	59.163	372.292
3169	6.33600	318.419	58.720	372.302
3170	6.33800	318.416	58.265	372.346
3171	6.34000	318.415	57.832	372.321
3172	6.34200	318.396	57.382	372.348
3173	6.34400	318.408	56.929	372.350
3174	6.34600	318.373	56.496	372.325
3175	6.34800	318.357	56.049	372.309
3176	6.35000	318.375	55.589	372.372
3177	6.35200	318.339	55.156	372.348
3178	6.35400	318.309	54.708	372.332
3179	6.35600	318.315	54.264	372.343
3180	6.35800	318.299	53.826	372.337
3181	6.36000	318.266	53.393	372.313
3182	6.36200	318.253	52.949	372.325
3183	6.36400	318.225	52.511	372.319
3184	6.36600	318.209	52.084	372.280
3185	6.36800	318.182	51.641	372.292
3186	6.37000	318.178	51.187	372.339
3187	6.37200	318.193	50.749	372.335
3188	6.37400	318.157	50.312	372.330
3189	6.37600	318.165	49.864	372.361
3190	6.37800	318.152	49.421	372.374
3191	6.38000	318.106	48.990	372.353
3192	6.38200	318.115	48.546	372.411
3193	6.38400	318.116	48.103	372.425
3194	6.38600	318.087	47.672	372.404
3195	6.38800	318.096	47.234	372.401
3196	6.39000	318.097	46.801	372.425
3197	6.39200	318.076	46.349	372.430
3198	6.39400	318.087	45.921	372.437
3199	6.39600	318.070	45.465	372.461
3200	6.39800	318.052	45.018	372.448
3201	6.40000	318.023	44.577	372.419
3202	6.40200	318.020	44.125	372.425
3203	6.40400	317.978	43.655	372.413
3204	6.40600	317.955	43.213	372.429
3205	6.40800	317.944	42.781	372.410
3206	6.41000	317.945	42.330	372.417
3207	6.41200	317.903	41.904	372.380
3208	6.41400	317.882	41.462	372.397
3209	6.41600	317.860	41.005	372.421
3210	6.41800	317.845	40.564	372.439
3211	6.42000	317.758	40.113	372.490
3212	6.42200	317.761	39.672	372.508
3213	6.42400	317.752	39.239	372.489
3214	6.42600	317.680	38.800	372.508
3215	6.42800	317.659	38.359	372.526
3216	6.43000	317.622	37.919	372.545
3217	6.43200	317.593	37.484	372.546
3218	6.43400	317.545	37.030	372.573
3219	6.43600	317.533	36.584	372.609
3220	6.43800	317.503	36.139	372.602
3221	6.44000	317.494	35.693	372.593
3222	6.44200	317.510	35.247	372.631
3223	6.44400	317.480	34.813	372.588
3224	6.44600	317.464	34.373	372.564
3225	6.44800	317.453	33.923	372.574
3226	6.45000	317.428	33.487	372.531
3227	6.45200	317.409	33.037	372.542
3228	6.45400	317.382	32.602	372.589
3229	6.45600	317.391	32.157	372.583
3230	6.45800	317.355	31.737	372.533
3231	6.46000	317.341	31.283	372.563
3232	6.46200	317.346	30.832	372.574
3233	6.46400	317.341	30.412	372.569
3234	6.46600	317.285	29.960	372.556
3235	6.46800	317.289	29.514	372.595
3236	6.47000	317.290	29.065	372.608
3237	6.47200	317.230	28.641	372.577
3238	6.47400	317.248	28.187	372.652
3239	6.47600	317.245	27.761	372.621
3240	6.47800	317.230	27.342	372.618
3241	6.48000	317.228	26.873	372.658
3242	6.48200	317.198	26.439	372.663
3243	6.48400	317.199	26.000	372.642
3244	6.48600	317.159	25.572	372.631
3245	6.48800	317.160	25.124	372.645
3246	6.49000	317.163	24.680	372.642
3247	6.49200	317.109	24.238	372.595
3248	6.49400	317.108	23.780	372.646
3249	6.49600	317.117	23.337	372.644
3250	6.49800	317.110	22.903	372.651
3251	6.50000	317.111	22.446	372.657
3252	6.50200	317.058	22.008	372.683
3253	6.50400	317.078	21.556	372.672
3254	6.50600	317.076	21.112	372.670
3255	6.50800	317.051	20.661	372.750
3256	6.51000	317.062	20.232	372.695
3257	6.51200	317.087	19.798	372.703
3258	6.51400	317.048	19.342	372.756
3259	6.51600	317.052	18.913	372.747
3260	6.51800	317.050	18.481	372.712
3261	6.52000	317.015	18.033	372.774
3262	6.52200	317.002	17.600	372.738
3263	6.52400	316.999	17.143	372.746
3264	6.52600	316.962	16.706	372.729
3265	6.52800	316.913	16.240	372.773
3266	6.53000	316.900	15.803	372.756
3267	6.53200	316.887	15.346	372.766
3268	6.53400	316.854	14.909	372.748
3269	6.53600	316.849	14.457	372.740
3270	6.53800	316.846	14.024	372.706
3271	6.54000	316.773	13.589	372.690
3272	6.54200	316.804	13.141	372.709
3273	6.54400	316.765	12.718	372.684
3274	6.54600	316.728	12.277	372.731
3275	6.54800	316.711	11.839	372.714
3276	6.55000	316.713	11.398	372.762
3277	6.55200	316.683	10.980	372.720
3278	6.55400	316.678	10.548	372.732
3279	6.55600	316.666	10.097	372.771
3280	6.55800	316.655	9.665	372.738
3281	6.56000	316.640	9.220	372.760
3282	6.56200	316.627	8.779	372.763
3283	6.56400	316.614	8.333	372.785
3284	6.56600	316.575	7.912	372.763
3285	6.56800	316.573	7.456	372.820
3286	6.57000	316.599	7.020	372.851
3287	6.57200	316.551	6.569	372.801
3288	6.57400	316.506	6.125	372.824
3289	6.57600	316.447	5.675	372.820
3290	6.57800	316.465	5.228	372.842
3291	6.58000	316.419	4.770	372.829
3292	6.58200	316.429	4.322	372.806
3293	6.58400	316.424	3.872	372.803
3294	6.58600	316.360	3.405	372.871
3295	6.58800	316.332	2.978	372.823
3296	6.59000	316.295	2.548	372.794
3297	6.59200	316.317	2.107	372.799
3298	6.59400	316.240	1.655	372.861
3299	6.59600	316.229	1.210	372.840
3300	6.59800	316.240	0.779	372.856
3301	6.60000	316.244	0.329	372.899
3302	6.60200	316.189	-0.095	372.898
3303	6.60400	316.246	-0.541	372.878
3304	6.60600	316.204	-0.980	372.931
3305	6.60800	316.157	-1.427	372.930
3306	6.61000	316.151	-1.857	372.902
3307	6.61200	316.171	-2.316	372.937
3308	6.61400	316.122	-2.754	372.947
3309	6.61600	316.119	-3.203	372.946
3310	6.61800	316.126	-3.632	372.919
3311	6.62000	316.128	-4.090	373.000
3312	6.62200	316.088	-4.514	372.956
3313	6.62400	316.129	-4.963	372.911
3314	6.62600	316.103	-5.421	372.993
3315	6.62800	316.062	-5.867	372.994
3316	6.63000	316.062	-6.283	372.914
3317	6.63200	316.034	-6.735	372.979
3318	6.63400	315.998	-7.186	372.998
3319	6.63600	315.978	-7.621	372.945
3320	6.63800	315.971	-8.045	372.947
3321	6.64000	315.937	-8.506	373.003
3322	6.64200	315.888	-8.942	373.015
3323	6.64400	315.916	-9.364	372.908
3324	6.64600	315.483	-9.862	373.213
3325	6.64800	315.869	-10.259	372.958
3326	6.65000	315.864	-10.683	372.915
3327	6.65200	315.870	-11.137	372.891
3328	6.65400	315.423	-11.648	373.206
3329	6.65600	315.792	-12.043	372.997
3330	6.65800	315.779	-12.472	372.973
3331	6.66000	315.743	-12.941	373.068
3332	6.66200	315.786	-13.380	373.080
3333	6.66400	315.743	-13.818	373.003
3334	6.66600	315.770	-14.252	372.998
3335	6.66800	315.380	-14.767	373.287
3336	6.67000	315.700	-15.143	373.008
3337	6.67200	315.725	-15.577	372.958
3338	6.67400	315.336	-16.088	373.275
3339	6.67600	315.660	-16.499	373.096
3340	6.67800	315.650	-16.936	373.066
3341	6.68000	315.333	-17.425	373.338
3342	6.68200	315.348	-17.866	373.371
3343	6.68400	315.541	-18.293	373.221
3344	6.68600	315.535	-18.729	373.236
3345	6.68800	315.295	-19.204	373.390
3346	6.69000	315.292	-19.654	373.415
3347	6.69200	315.496	-20.062	373.239
3348	6.69400	315.265	-20.540	373.456
3349	6.69600	315.242	-20.962	373.418
3350	6.69800	315.436	-21.394	373.242
3351	6.70000	315.208	-21.878	373.433
3352	6.70200	315.194	-22.305	373.413
3353	6.70400	315.223	-22.770	373.448
3354	6.70600	315.176	-23.201	373.446
3355	6.70800	315.147	-23.650	373.473
3356	6.71000	315.137	-24.078	373.453
3357	6.71200	315.145	-24.551	373.526
3358	6.71400	315.104	-24.991	373.516
3359	6.71600	315.075	-25.427	373.489
3360	6.71800	315.074	-25.877	373.516
3361	6.72000	315.026	-26.312	373.534
3362	6.72200	315.017	-26.743	373.489
3363	6.72400	314.951	-27.182	373.480
3364	6.72600	314.970	-27.626	373.536
3365	6.72800	314.960	-28.067	373.528
3366	6.73000	314.936	-28.488	373.492
3367	6.73200	314.916	-28.936	373.521
3368	6.73400	314.951	-29.384	373.596
3369	6.73600	314.912	-29.814	373.553
3370	6.73800	314.908	-30.263	373.582
3371	6.74000	314.883	-30.711	373.612
3372	6.74200	314.883	-31.155	373.578
3373	6.74400	314.869	-31.595	373.571
3374	6.74600	314.834	-32.055	373.657
3375	6.74800	314.834	-32.490	373.632
3376	6.75000	314.782	-32.933	373.644
3377	6.75200	314.768	-33.376	373.657
3378	6.75400	314.743	-33.815	373.651
3379	6.75600	314.777	-34.283	373.664
3380	6.75800	314.742	-34.726	373.677
3381	6.76000	314.751	-35.161	373.654
3382	6.76200	314.741	-35.609	373.640
3383	6.76400	314.689	-36.053	373.608
3384	6.76600	314.679	-36.504	373.659
3385	6.76800	314.678	-36.975	373.692
3386	6.77000	314.682	-37.414	373.687
3387	6.77200	314.643	-37.861	373.675
3388	6.77400	314.693	-38.333	373.753
3389	6.77600	314.626	-38.767	373.685
3390	6.77800	314.636	-39.217	373.738
3391	6.78000	314.545	-39.653	373.735
3392	6.78200	314.573	-40.100	373.769
3393	6.78400	314.576	-40.530	373.729
3394	6.78600	314.576	-40.992	373.837
3395	6.78800	314.571	-41.414	373.761
3396	6.79000	314.490	-41.845	373.741
3397	6.79200	314.489	-42.281	373.785
3398	6.79400	314.493	-42.723	373.801
3399	6.79600	314.440	-43.146	373.745
3400	6.79800	314.443	-43.588	373.761
